cell_id	score	p_value	p_adj	XCI_status
ATGTTTGAGGTTACGT	-4.087462841250339	1.2704266677461526e-16	3.654652057899891e-16	X1
AGGTTTGGTGGTGAGA	-0.5849625007211561	0.46020538130641053	0.49419782424381586	unknown
ACTCCTCAGACCATAC	-4.392317422778761	1.5316450877189923e-17	5.13264045352641e-17	X1
ACCCTGTTCTACCTGC	-2.807354922057604	4.1422259360400374e-14	8.5281122212589e-14	X1
ACAACAGAGGCTGTGC	3.169925001442312	6.564907761017925e-15	1.491307171673543e-14	X0
CAACAGGCAGGATGGC	4.169925001442312	3.224844447881771e-24	1.2189912012993095e-22	X0
ATTGGTTCAGGCGATA	-3.700439718141092	6.26162256269268e-23	1.2075986370907311e-21	X1
AGGGCCTTCGGTAACT	-2.0	2.4127107519685975e-13	4.550921478264121e-13	X1
AGGCAATCACCGTTCC	3.321928094887362	1.6610244897268262e-18	6.960834336105768e-18	X0
AGGCAATCATGGAGGC	-4.392317422778761	1.3154334480650894e-25	1.2430846084215095e-23	X1
AAGTTAGCAGTGAACG	3.169925001442312	1.2704266677461526e-16	3.654652057899891e-16	X0
AGGTCATTCGACCTGA	0.16992500144231215	0.9823998998911476	1.0	unknown
AATTGTGTCAATAGCC	4.523561956057013	6.26162256269268e-23	1.2075986370907311e-21	X0
CAAACATGTGAGCGAA	2.0	0.0004368599184561862	0.0005163635058675371	X0
AGTTATGTCTCACATT	2.584962500721156	1.0029797609618065e-21	1.215148556549881e-20	X0
ACTGAAACATAATCGT	-1.584962500721156	0.6913502932053739	0.7271296906834483	unknown
AGTAATGCAGAAATGC	3.169925001442312	1.5316450877189923e-17	5.13264045352641e-17	X0
CAAACGCGTAATGGAA	-2.584962500721156	7.952664236893068e-09	1.1225194479259074e-08	X1
AAGACATAGTAGCTTA	-4.523561956057013	1.0029797609618065e-21	1.215148556549881e-20	X1
AACGACAAGGTAACGA	-3.584962500721156	1.363071866403019e-20	1.0779103880760276e-19	X1
ACTAACGGTCTTGCAT	-3.4594316186372973	1.5316450877189923e-17	5.13264045352641e-17	X1
ATTCACTTCAGTTCCC	-1.8073549220576042	1.3029679093280502e-12	2.316659782342441e-12	X1
CAAACAACAAATACCT	-2.9068905956085187	1.363071866403019e-20	1.0779103880760276e-19	X1
ATTTGCGCAGAAATTG	-3.584962500721156	1.5316450877189923e-17	5.13264045352641e-17	X1
AGTAGGATCTCACAAA	-0.28950661719498516	9.157161244117683e-05	0.00011101369308134972	X1
AAACCGGCACGTAATT	1.0	0.0008949651957434264	0.001047358650126982	X0
ATGCAAACAATATGGA	3.807354922057604	1.6042818341220015e-19	8.917919607325244e-19	X0
AAAGCCGCAGGCTTGT	-3.700439718141092	1.6610244897268262e-18	6.960834336105768e-18	X1
ATCCTGACATGCAACC	3.584962500721156	6.564907761017925e-15	1.491307171673543e-14	X0
AGCCGGTTCTTAGGAC	3.9068905956085187	1.5316450877189923e-17	5.13264045352641e-17	X0
AATAACCGTTCAAGCA	1.8744691179161412	4.1422259360400374e-14	8.5281122212589e-14	X0
ATGACAACATCAGCAC	-3.584962500721156	1.6610244897268262e-18	6.960834336105768e-18	X1
CAAGACAAGCACCACA	-3.700439718141092	6.564907761017925e-15	1.491307171673543e-14	X1
ACACTTGCAGGCGAGT	-3.321928094887362	6.564907761017925e-15	1.491307171673543e-14	X1
AGACTATGTTAGTACG	-3.321928094887362	2.4127107519685975e-13	4.550921478264121e-13	X1
AGCTCATAGGTACCGC	2.0	3.925069822796835e-05	4.8328221270918684e-05	X0
ATAGGTACAACCGCCA	-1.765534746362977	6.26162256269268e-23	1.2075986370907311e-21	X1
ATTGTCCGTACAAAGA	-2.807354922057604	4.1422259360400374e-14	8.5281122212589e-14	X1
ATAGGTACAATATGGA	-1.0703893278913985	2.4127107519685975e-13	4.550921478264121e-13	X1
AATATCCCACGTAATT	-0.4150374992788439	0.017600100108852396	0.020014554275409765	X1
CAACAGGCATTAGCGC	3.4594316186372973	1.6610244897268262e-18	6.960834336105768e-18	X0
AGCCTAGTCCGCCTCA	-2.169925001442312	9.556787680138532e-16	2.4375612301567915e-15	X1
ACAGCGCTCCCTCAGT	-2.169925001442312	3.0739033075239876e-11	4.936004461529598e-11	X1
ACCTAAGGTTGCACAA	-0.7369655941662061	1.6080007647833168e-05	1.9994220035792557e-05	X1
ATGATGACAGGTTCAC	-1.584962500721156	1.5316450877189923e-17	5.13264045352641e-17	X1
AGGCTAAAGCGAAGTA	-1.8073549220576042	7.952664236893068e-09	1.1225194479259074e-08	X1
AAACGCGCAGGAACTG	3.4594316186372973	1.0029797609618065e-21	1.215148556549881e-20	X0
CAAGTAACACCGGTAT	-1.222392421336448	2.4127107519685975e-13	4.550921478264121e-13	X1
AGTTTGCAGAGCCGGA	-1.3219280948873622	2.4127107519685975e-13	4.550921478264121e-13	X1
AACCTAATCCCGAACA	-0.4150374992788439	0.6913502932053739	0.7271296906834483	unknown
ACCGGTTCAAACATAG	3.4594316186372973	1.363071866403019e-20	1.0779103880760276e-19	X0
AGCGGATAGGAAGCAC	3.4594316186372973	5.579544528625976e-10	8.309959936251453e-10	X0
ATTTGTGAGTAACCCG	4.169925001442312	6.26162256269268e-23	1.2075986370907311e-21	X0
AACCTTGCACTAGCGT	-1.3219280948873622	5.579544528625976e-10	8.309959936251453e-10	X1
AGTATAGCAATAGCAA	-2.584962500721156	1.5316450877189923e-17	5.13264045352641e-17	X1
ATGGCTAGTGGGTGAA	-1.3219280948873622	6.289575008339427e-06	7.930151278026363e-06	X1
AGAAAGGCAGGAAGCC	2.4594316186372973	1.6610244897268262e-18	6.960834336105768e-18	X0
AGCCGCTAGTTAGTGC	-0.5849625007211561	0.7579407931963542	0.7905673836319589	unknown
ATAATGGCAATGAGGT	0.7369655941662061	2.346206306321115e-06	3.0042885629721596e-06	X0
CAAACCGTCCGCCTAT	-1.584962500721156	0.998241179138515	1.0	unknown
ATTACGTCAACTAGCC	-1.8073549220576042	3.0739033075239876e-11	4.936004461529598e-11	X1
AGCTATATCATAACCA	-3.321928094887362	1.363071866403019e-20	1.0779103880760276e-19	X1
CAACTAATCCTGGTCT	-3.9068905956085187	6.26162256269268e-23	1.2075986370907311e-21	X1
ATAACGACACTTAGGC	2.4594316186372973	1.6042818341220015e-19	8.917919607325244e-19	X0
AAGTGAAGTGCTAGAC	-3.0	9.556787680138532e-16	2.4375612301567915e-15	X1
AAACGTACAGGCGAGT	2.169925001442312	1.363071866403019e-20	1.0779103880760276e-19	X0
AGTAATCGTATGGTGC	1.078002512001273	2.818141017102701e-07	3.7246758897371364e-07	X0
ACCTCACTCCCTCTAA	-2.0	2.1686833167108188e-09	3.1432603286682878e-09	X1
AAAGCCCGTTAAGGTT	1.3219280948873622	1.3029679093280502e-12	2.316659782342441e-12	X0
AGCTATATCAGTATTG	0.5849625007211561	0.0017588208614850794	0.00203936897436	X0
AAATGCCTCCCTGATC	1.0	0.0017588208614850794	0.00203936897436	X0
ACCATAATCGATTTAG	2.321928094887362	1.6610244897268262e-18	6.960834336105768e-18	X0
AAGTTAGCACCTAAGC	-2.807354922057604	1.363071866403019e-20	1.0779103880760276e-19	X1
AGAGAAGCAGTCTATG	-3.321928094887362	6.26162256269268e-23	1.2075986370907311e-21	X1
CAAACACTCATCGTTT	2.700439718141092	1.6610244897268262e-18	6.960834336105768e-18	X0
ACAGTATGTGGCTTCC	-4.247927513443585	3.224844447881771e-24	1.2189912012993095e-22	X1
AAGTTACGTAAGGTCC	-3.4594316186372973	2.4127107519685975e-13	4.550921478264121e-13	X1
ATTCCTAGTGTCCAGG	-2.807354922057604	1.3029679093280502e-12	2.316659782342441e-12	X1
AGCTACGTCATTAGTG	-2.0	1.3029679093280502e-12	2.316659782342441e-12	X1
AGGTCTTAGCATGCAT	-3.169925001442312	1.2704266677461526e-16	3.654652057899891e-16	X1
AAGGAAGCAATGAATG	-2.169925001442312	9.556787680138532e-16	2.4375612301567915e-15	X1
AGGTGAATCCGTTATT	-2.0	0.0008949651957434264	0.001047358650126982	X1
ACTAACGGTGTGAGAG	-2.584962500721156	1.3029679093280502e-12	2.316659782342441e-12	X1
ACGCTTGAGTTGGGCC	-3.4594316186372973	1.3029679093280502e-12	2.316659782342441e-12	X1
AGCTTGGTCAGGGCCT	-2.584962500721156	3.0739033075239876e-11	4.936004461529598e-11	X1
AGGATGTCAATATAGG	-1.222392421336448	6.548999325035109e-12	1.0963338108340441e-11	X1
AGTTACTCATCATGGC	1.8073549220576042	1.2704266677461526e-16	3.654652057899891e-16	X0
ACCTAAATCGTTCACC	-2.321928094887362	2.818141017102701e-07	3.7246758897371364e-07	X1
AATTGCTCAGTACCGT	-2.0	0.028443966820490392	0.03215257014995624	X1
AGCCAGTGTAGACAAA	-1.3219280948873622	6.289575008339427e-06	7.930151278026363e-06	X1
ACCATTAAGCATGAAG	-2.321928094887362	2.1686833167108188e-09	3.1432603286682878e-09	X1
ATCACCCTCCAGGTCA	-3.807354922057604	1.2704266677461526e-16	3.654652057899891e-16	X1
ACCCGCTGTTACATCC	2.321928094887362	8.336813247250504e-07	1.0821824888257866e-06	X0
AAGCTCCCACTAAGTT	-0.7369655941662061	0.044313040057033834	0.04988186164847763	X1
AGCAGGTAGTTATCCT	-3.321928094887362	1.363071866403019e-20	1.0779103880760276e-19	X1
AAGACAAGTTATAGCG	-2.584962500721156	6.548999325035109e-12	1.0963338108340441e-11	X1
CAAAGCGCAAGCCAGA	2.0	6.564907761017925e-15	1.491307171673543e-14	X0
ACTCACCTCTGCAAAC	-1.584962500721156	0.9556869599429662	0.9805908546646069	unknown
AGGTCCGGTTCCAGGG	-1.485426827170242	1.3513812610243942e-10	2.0849882312947796e-10	X1
AGGTCTTAGAATCTCA	-2.321928094887362	5.579544528625976e-10	8.309959936251453e-10	X1
AATTAGCGTTAGTACG	0.7369655941662061	0.24205920680364573	0.2652126961500814	unknown
ATCACTAAGTAAACCC	-1.8073549220576042	2.4127107519685975e-13	4.550921478264121e-13	X1
AGTGTGGCAACAGGTG	-1.0	3.925069822796835e-05	4.8328221270918684e-05	X1
AGCAAATAGATAAAGC	2.584962500721156	3.925069822796835e-05	4.8328221270918684e-05	X0
AGTGTTTCAGTAGCCT	1.584962500721156	0.9895106321610742	1.0	unknown
ACCTAAGGTCAGGAAG	-1.584962500721156	0.7579407931963542	0.7905673836319589	unknown
AGCGATTTCCTGAATA	3.700439718141092	1.6042818341220015e-19	8.917919607325244e-19	X0
AGCTTGGTCATCACTT	0.6520766965796931	7.952664236893068e-09	1.1225194479259074e-08	X0
AGGTTTGGTACTTAGG	-2.584962500721156	4.1422259360400374e-14	8.5281122212589e-14	X1
AGCGGACCACTTGTTC	-3.9068905956085187	1.2704266677461526e-16	3.654652057899891e-16	X1
AACCTAATCACAGACT	-3.4594316186372973	6.564907761017925e-15	1.491307171673543e-14	X1
ATCCAACAGCTTTGTT	-3.321928094887362	1.6610244897268262e-18	6.960834336105768e-18	X1
AACATCATCATGCTCC	2.0	2.4127107519685975e-13	4.550921478264121e-13	X0
AGGTTTGGTTCGCTTG	-2.321928094887362	6.564907761017925e-15	1.491307171673543e-14	X1
AGGACGTAGGACACTT	0.3219280948873622	0.044313040057033834	0.04988186164847763	X0
ACACTTAAGCCACATG	-2.0	1.6042818341220015e-19	8.917919607325244e-19	X1
AAGTCTATCGCTATGG	-1.584962500721156	6.548999325035109e-12	1.0963338108340441e-11	X1
AACATCATCTTTAGGA	-3.0	6.26162256269268e-23	1.2075986370907311e-21	X1
AGCTAGTTCATTTGTC	-3.4594316186372973	6.548999325035109e-12	1.0963338108340441e-11	X1
AATTGTGTCCAATAGC	0.8744691179161412	5.579544528625976e-10	8.309959936251453e-10	X0
AGGTTTATCCTTCTAG	3.321928094887362	1.5316450877189923e-17	5.13264045352641e-17	X0
AACAAGCCATCATGGC	1.9068905956085187	1.363071866403019e-20	1.0779103880760276e-19	X0
AGATGCTTCCGTCCAT	3.169925001442312	9.556787680138532e-16	2.4375612301567915e-15	X0
ATGGCTGTCTTAATGG	-3.807354922057604	6.564907761017925e-15	1.491307171673543e-14	X1
ATCGGCCAGCAATAGG	-2.321928094887362	5.579544528625976e-10	8.309959936251453e-10	X1
ACTCCTCAGCCTGATG	2.087462841250339	6.564907761017925e-15	1.491307171673543e-14	X0
AGTAACGAGCACAGCC	-3.169925001442312	6.564907761017925e-15	1.491307171673543e-14	X1
AGCTTTAAGGACCTTG	-2.321928094887362	1.2704266677461526e-16	3.654652057899891e-16	X1
AACTAGCTCCCGAAGC	-3.321928094887362	1.6610244897268262e-18	6.960834336105768e-18	X1
AGGTTTATCTTTGAGA	2.321928094887362	6.564907761017925e-15	1.491307171673543e-14	X0
ATGAAGCCACAACCTA	-2.0	3.925069822796835e-05	4.8328221270918684e-05	X1
AGTAGCTTCCTCGATC	2.807354922057604	2.818141017102701e-07	3.7246758897371364e-07	X0
ACTAAAGCACAAAGGT	-2.169925001442312	9.556787680138532e-16	2.4375612301567915e-15	X1
ACTCGCGCAGGAACCA	2.807354922057604	1.3029679093280502e-12	2.316659782342441e-12	X0
ATTACCGCATAAGCAA	-1.3219280948873622	2.1686833167108188e-09	3.1432603286682878e-09	X1
CAAGACAAGCGGTTAT	-2.0	0.0008949651957434264	0.001047358650126982	X1
AGGACGTAGGAACCGG	-2.321928094887362	8.336813247250504e-07	1.0821824888257866e-06	X1
AGTCAAGAGTAGAGGC	-3.584962500721156	1.5316450877189923e-17	5.13264045352641e-17	X1
AGCCAGTGTTAAGCGC	-2.0	7.952664236893068e-09	1.1225194479259074e-08	X1
AACCCGCAGCAGGTGG	0.4150374992788439	0.9556869599429662	0.9805908546646069	unknown
AAAGCAAGTTAGAGGG	2.3219280948873626	1.0029797609618065e-21	1.215148556549881e-20	X0
ACAGGATCAATAGCCC	-0.8744691179161412	1.3513812610243942e-10	2.0849882312947796e-10	X1
AAGGATGTCCAAGTGT	-2.321928094887362	9.556787680138532e-16	2.4375612301567915e-15	X1
AGTCAAGAGGTTAGCT	-2.584962500721156	2.756790387925026e-08	3.792091581643595e-08	X1
ATTCACTTCCGCTAGA	-2.584962500721156	7.952664236893068e-09	1.1225194479259074e-08	X1
AGTTGGCGTCCTTAGT	2.0	3.0739033075239876e-11	4.936004461529598e-11	X0
CAACCCGCATAGACCC	-1.0	0.9556869599429662	0.9805908546646069	unknown
AGTTACATCCATAAGC	-3.0	6.564907761017925e-15	1.491307171673543e-14	X1
AGGTCATTCCTGGTGA	1.584962500721156	0.6178232827986665	0.653799554585375	unknown
AGCCTCCGTTCCGGGA	1.8073549220576042	3.0739033075239876e-11	4.936004461529598e-11	X0
AATTACCCATCAATCG	-3.0	1.3029679093280502e-12	2.316659782342441e-12	X1
ATCCATAAGGGTCTAT	-3.169925001442312	5.579544528625976e-10	8.309959936251453e-10	X1
AGCGCTCAGGACCTTG	-2.169925001442312	1.3029679093280502e-12	2.316659782342441e-12	X1
AAGCCACGTAGCTGCG	-2.584962500721156	1.3513812610243942e-10	2.0849882312947796e-10	X1
AGCGGATAGTTAGGCT	1.584962500721156	1.3029679093280502e-12	2.316659782342441e-12	X0
CAACTAGGTTGGTTGA	2.807354922057604	1.5316450877189923e-17	5.13264045352641e-17	X0
ACGACTTAGTGACCTG	-2.584962500721156	1.5316450877189923e-17	5.13264045352641e-17	X1
ATGACGAAGCCGCTAA	2.807354922057604	2.4127107519685975e-13	4.550921478264121e-13	X0
AGTTGCGTCGATAACC	3.0	9.556787680138532e-16	2.4375612301567915e-15	X0
AGCCGGTTCACAGCCA	-3.700439718141092	9.556787680138532e-16	2.4375612301567915e-15	X1
AGCCGCTAGGGACTAA	1.0	8.336813247250504e-07	1.0821824888257866e-06	X0
ATGTCAATCGCTCCAT	2.807354922057604	2.1686833167108188e-09	3.1432603286682878e-09	X0
ATGGCCCAGATGCCTG	3.169925001442312	1.5316450877189923e-17	5.13264045352641e-17	X0
AATTAGCGTTTCAGGA	-1.3219280948873626	1.3029679093280502e-12	2.316659782342441e-12	X1
ACCAGGACAAGGATTA	1.8744691179161412	9.556787680138532e-16	2.4375612301567915e-15	X0
ATGGTCTAGCATCCAG	-3.0	6.564907761017925e-15	1.491307171673543e-14	X1
AACCTAATCTCAATAG	0.0	1.0	1.0	unknown
AAGCTCCCAGGCTGTT	-3.169925001442312	1.5316450877189923e-17	5.13264045352641e-17	X1
AGTGCACGTTCGCTTG	1.584962500721156	2.818141017102701e-07	3.7246758897371364e-07	X0
AGGAAACGTGAACAAA	-3.0	1.5316450877189923e-17	5.13264045352641e-17	X1
AATGCAACATAGACCC	-3.169925001442312	9.556787680138532e-16	2.4375612301567915e-15	X1
CAAGTAACACCTCACC	-3.584962500721156	1.3513812610243942e-10	2.0849882312947796e-10	X1
ATTTGTGAGCTCATAA	-0.53051471669878	8.336813247250504e-07	1.0821824888257866e-06	X1
ACGGTTTAGTTAGAGG	-1.415037499278844	1.3513812610243942e-10	2.0849882312947796e-10	X1
ATGGCTAGTTGGATCA	-1.0	0.0966739522478214	0.1077957343648274	unknown
ACCACACCAAATACCT	-3.247927513443585	6.26162256269268e-23	1.2075986370907311e-21	X1
ACCCTCCCATAATCAC	-2.807354922057604	9.050013106514627e-08	1.2191393279624123e-07	X1
CAACCCTTCTTGAGCG	-2.807354922057604	5.579544528625976e-10	8.309959936251453e-10	X1
ACCAGGACATTGTGTG	-1.584962500721156	2.4127107519685975e-13	4.550921478264121e-13	X1
AAGGTATAGATAGACG	2.0	0.24205920680364573	0.2652126961500814	unknown
AAGCGTTTCGGCTAGC	-0.5849625007211561	2.346206306321115e-06	3.0042885629721596e-06	X1
AACGGTAAGGTGCTGC	-3.321928094887362	1.6042818341220015e-19	8.917919607325244e-19	X1
AATTGCTCATTAGGCC	3.9068905956085187	1.0029797609618065e-21	1.215148556549881e-20	X0
AGCAATTGTAATGACT	-2.321928094887362	1.3513812610243942e-10	2.0849882312947796e-10	X1
ACGACTTAGGCGGGTA	-1.584962500721156	2.4127107519685975e-13	4.550921478264121e-13	X1
CAACAATGTAAACAAG	-3.9068905956085187	1.363071866403019e-20	1.0779103880760276e-19	X1
AGCTTAATCCTGATGG	1.1926450779423958	4.1422259360400374e-14	8.5281122212589e-14	X0
AGGTCAAAGTTGCCTC	-3.584962500721156	1.0029797609618065e-21	1.215148556549881e-20	X1
AATTACCCAACTAGGG	-2.584962500721156	1.5316450877189923e-17	5.13264045352641e-17	X1
CAAACCGTCTTGCTAT	-1.584962500721156	0.9715560331795096	0.9936368521154075	unknown
ACATAGCTCGTCAAGT	-3.807354922057604	1.363071866403019e-20	1.0779103880760276e-19	X1
ATGTTCAAGGACAATG	-1.584962500721156	0.9715560331795096	0.9936368521154075	unknown
AGGATTGAGGGTCCAC	1.584962500721156	6.548999325035109e-12	1.0963338108340441e-11	X0
CAAACTGGTGAGACTC	-2.700439718141092	1.2704266677461526e-16	3.654652057899891e-16	X1
ACTCAGTAGCCTCTGT	-2.584962500721156	2.4127107519685975e-13	4.550921478264121e-13	X1
AGTGAACCAAAGGTAC	-2.584962500721156	2.1686833167108188e-09	3.1432603286682878e-09	X1
AGGTTTATCGTTACTT	-1.584962500721156	0.7579407931963542	0.7905673836319589	unknown
AGGGCCTTCGATTTGA	0.5849625007211561	9.157161244117683e-05	0.00011101369308134972	X0
AAGCTATGTTACATCC	-3.9068905956085187	1.6610244897268262e-18	6.960834336105768e-18	X1
ATGGCTAGTCAAGACC	-3.0	2.4127107519685975e-13	4.550921478264121e-13	X1
ACACGGACATAAACCT	-3.584962500721156	1.2704266677461526e-16	3.654652057899891e-16	X1
AGTCGCATCTTAGGGT	-3.169925001442312	1.2704266677461526e-16	3.654652057899891e-16	X1
ATTTGTGAGTCAGTAC	2.4594316186372973	1.6610244897268262e-18	6.960834336105768e-18	X0
AGCTAACTCCTAAGGT	2.807354922057604	5.579544528625976e-10	8.309959936251453e-10	X0
AAGAACAGTATGTGGC	3.584962500721156	1.5316450877189923e-17	5.13264045352641e-17	X0
AGTTACTCAATAGTCT	-2.584962500721156	1.3029679093280502e-12	2.316659782342441e-12	X1
AAACATGCACCTCGCT	-2.807354922057604	5.579544528625976e-10	8.309959936251453e-10	X1
AAAGGAGCAAGGTAAC	-3.0	1.2704266677461526e-16	3.654652057899891e-16	X1
AGGTCCGGTTTGTCTA	-3.807354922057604	1.5316450877189923e-17	5.13264045352641e-17	X1
ACGAATCTCAGGGCCT	-3.169925001442312	0.0017588208614850794	0.00203936897436	X1
AGCTTGGTCATCCTGC	2.807354922057604	1.3029679093280502e-12	2.316659782342441e-12	X0
AGTAATGCATAAGTCT	-2.584962500721156	2.756790387925026e-08	3.792091581643595e-08	X1
ACAACACTCGGGATTT	2.115477217419936	1.3154334480650894e-25	1.2430846084215095e-23	X0
AGTATAGCATCACTTC	-0.7369655941662061	0.0017588208614850794	0.00203936897436	X1
AGGCAGGTCTGGCTTC	-2.0	0.0004368599184561862	0.0005163635058675371	X1
AGCCTCCGTTACCGGG	-2.807354922057604	1.3513812610243942e-10	2.0849882312947796e-10	X1
AGAACAAGTTGCACGG	-2.321928094887362	0.0008949651957434264	0.001047358650126982	X1
AGGCGGATCGTTCACC	-3.169925001442312	9.556787680138532e-16	2.4375612301567915e-15	X1
ACGACAAAGAGAAGGG	-3.584962500721156	2.4127107519685975e-13	4.550921478264121e-13	X1
AGGTCAAAGGAGCAAC	-4.321928094887363	1.3154334480650894e-25	1.2430846084215095e-23	X1
AATCTCAAGTCACCAG	-2.807354922057604	6.548999325035109e-12	1.0963338108340441e-11	X1
ACATCAATCAATGTCA	4.087462841250339	1.3154334480650894e-25	1.2430846084215095e-23	X0
AGTAACGAGTAACGAG	-3.807354922057604	5.579544528625976e-10	8.309959936251453e-10	X1
AGCGGATAGTTGCGTG	-3.700439718141092	1.0029797609618065e-21	1.215148556549881e-20	X1
ATGCCTGAGCACAGCC	3.169925001442312	1.2704266677461526e-16	3.654652057899891e-16	X0
ACTTGAATCCCATAAA	-2.584962500721156	1.6042818341220015e-19	8.917919607325244e-19	X1
ATCGCCCGTTTGGCTT	-2.584962500721156	2.1686833167108188e-09	3.1432603286682878e-09	X1
ACTGAAACAGTCTAAT	2.3219280948873626	1.2704266677461526e-16	3.654652057899891e-16	X0
ATCCATAAGCTAAGTC	-2.0	9.050013106514627e-08	1.2191393279624123e-07	X1
AGCTTGGTCCATAATG	-2.807354922057604	1.3029679093280502e-12	2.316659782342441e-12	X1
AATAGCTGTTGGCGTG	3.4594316186372973	1.6042818341220015e-19	8.917919607325244e-19	X0
ATCCAACAGCCACATG	-1.3219280948873622	1.3513812610243942e-10	2.0849882312947796e-10	X1
AGGTTAACAATTAACC	-2.4594316186372973	1.2704266677461526e-16	3.654652057899891e-16	X1
AATTGGGAGTTAGTGC	-2.807354922057604	6.564907761017925e-15	1.491307171673543e-14	X1
ACTTAGGGTCATTAGG	-2.584962500721156	6.564907761017925e-15	1.491307171673543e-14	X1
AGTCTTGCATCCCTCA	-3.169925001442312	1.6042818341220015e-19	8.917919607325244e-19	X1
ATTACCGCAATCCTAG	1.584962500721156	9.556787680138532e-16	2.4375612301567915e-15	X0
AGTACGCGTTACCTGT	-2.700439718141092	4.1422259360400374e-14	8.5281122212589e-14	X1
AGTAATCGTTTGGCTT	-2.9068905956085187	1.6042818341220015e-19	8.917919607325244e-19	X1
ATCTATGAGTCACGAT	-4.169925001442312	1.363071866403019e-20	1.0779103880760276e-19	X1
ACGACAAAGCGATACT	-2.700439718141092	1.5316450877189923e-17	5.13264045352641e-17	X1
AACCTCCTCCTCGATC	-2.807354922057604	1.363071866403019e-20	1.0779103880760276e-19	X1
AGCATTTCAGGCCAAA	2.321928094887362	0.0008949651957434264	0.001047358650126982	X0
ATGGCCGGTTGTTCAC	-2.584962500721156	2.1686833167108188e-09	3.1432603286682878e-09	X1
CAACCCGCATAGCGAG	-0.2630344058337939	0.06660530960360693	0.07457585020783003	unknown
AGGCAGGTCCTTCGTA	-2.0	0.003318560257963064	0.00382443834606719	X1
AATACCGGTGCCGCAA	-1.584962500721156	2.4127107519685975e-13	4.550921478264121e-13	X1
AGTTGTCAGCGCCTTT	2.415037499278844	6.26162256269268e-23	1.2075986370907311e-21	X0
ATTATCCTCTGTGCCT	2.0	1.2704266677461526e-16	3.654652057899891e-16	X0
AGCCTAGTCACAGCGC	0.8744691179161412	2.4127107519685975e-13	4.550921478264121e-13	X0
CAAGGCCTCTAACCTT	-2.807354922057604	2.4127107519685975e-13	4.550921478264121e-13	X1
AATCCATCATCATGTG	-3.4594316186372973	1.5316450877189923e-17	5.13264045352641e-17	X1
CAAGGCCTCCGCACAA	0.0	1.0	1.0	unknown
ATGGCTAGTTTGCGAA	-4.087462841250339	1.0029797609618065e-21	1.215148556549881e-20	X1
ACACTTGCAACCTAAT	-4.0	1.363071866403019e-20	1.0779103880760276e-19	X1
ATGTTGTCAAGGGTTG	3.0	6.548999325035109e-12	1.0963338108340441e-11	X0
ATCACAATCCCGCCTA	2.169925001442312	1.6610244897268262e-18	6.960834336105768e-18	X0
AGTCAATGTTAGCAGC	-0.5849625007211561	0.8158991913366521	0.8477457238187315	unknown
AGAATCTGTCACCTAT	-2.584962500721156	1.6610244897268262e-18	6.960834336105768e-18	X1
AAACCGCGTCAACAAT	-3.4594316186372973	9.556787680138532e-16	2.4375612301567915e-15	X1
ACCAGGACAGTAAGTA	-1.3219280948873622	2.818141017102701e-07	3.7246758897371364e-07	X1
AGGTCAAAGGCGTAAA	-0.4150374992788439	0.044313040057033834	0.04988186164847763	X1
ATGGACAAGAGCCGGA	2.321928094887362	2.346206306321115e-06	3.0042885629721596e-06	X0
ATCCTTAGTTAAGCCA	2.807354922057604	2.1686833167108188e-09	3.1432603286682878e-09	X0
AGGAACGGTGTTAGCA	-1.584962500721156	0.9715560331795096	0.9936368521154075	unknown
AAGCTTGGTTTAACGG	-2.0	0.0017588208614850794	0.00203936897436	X1
AAACGCGCATACTCCT	-2.321928094887362	5.579544528625976e-10	8.309959936251453e-10	X1
AGGTGAATCTAGCTTT	-3.0	1.6610244897268262e-18	6.960834336105768e-18	X1
ATGAATGCAGCTCATA	-2.807354922057604	4.1422259360400374e-14	8.5281122212589e-14	X1
AAGCTATGTCATTGTC	3.321928094887362	1.6610244897268262e-18	6.960834336105768e-18	X0
AACAAAGGTTACTTCA	-2.584962500721156	1.3513812610243942e-10	2.0849882312947796e-10	X1
AGCCGGTTCAGTGAAG	-0.9328858041414634	2.4127107519685975e-13	4.550921478264121e-13	X1
AATAGAGGTCCGCTGT	-3.321928094887362	1.6042818341220015e-19	8.917919607325244e-19	X1
ATGGACAAGTGAGGTA	1.584962500721156	2.756790387925026e-08	3.792091581643595e-08	X0
AACTCACAGCTGGAAA	-2.9068905956085187	6.26162256269268e-23	1.2075986370907311e-21	X1
ATCACCCTCCTGGCTT	3.169925001442312	1.5316450877189923e-17	5.13264045352641e-17	X0
CAACTAATCCGTTATT	2.0	1.5316450877189923e-17	5.13264045352641e-17	X0
AGCTATATCGTCAAGT	-2.807354922057604	1.2704266677461526e-16	3.654652057899891e-16	X1
ACTAACGGTCATGCCC	3.4594316186372973	1.363071866403019e-20	1.0779103880760276e-19	X0
AACCTTAAGTGAAGTG	-2.584962500721156	1.5316450877189923e-17	5.13264045352641e-17	X1
ATACCGGTCGTCATTT	3.700439718141092	6.26162256269268e-23	1.2075986370907311e-21	X0
AATATCCCATGCTCCC	-3.0	2.4127107519685975e-13	4.550921478264121e-13	X1
ACGCCACAGACTTATG	1.0	9.157161244117683e-05	0.00011101369308134972	X0
AAAGGCTCAGCCTGCA	-2.584962500721156	2.346206306321115e-06	3.0042885629721596e-06	X1
AGAACAAGTGGATTCA	-3.584962500721156	1.0029797609618065e-21	1.215148556549881e-20	X1
AAGCTCCCACCGTTCC	-3.4594316186372973	1.6610244897268262e-18	6.960834336105768e-18	X1
ATAGGTACAAAGGTAC	-3.321928094887362	4.1422259360400374e-14	8.5281122212589e-14	X1
AATCCTAAGGTAAGGC	-2.3219280948873626	1.5316450877189923e-17	5.13264045352641e-17	X1
AATTGGACAGTAGGTG	-3.321928094887362	9.556787680138532e-16	2.4375612301567915e-15	X1
AGCGCTCAGGCGAATA	-2.807354922057604	4.1422259360400374e-14	8.5281122212589e-14	X1
AGCTACGTCGCGACAC	-2.584962500721156	6.564907761017925e-15	1.491307171673543e-14	X1
ATGACAACATATTGAC	-3.584962500721156	1.6610244897268262e-18	6.960834336105768e-18	X1
AGCGTGCTCATTATGG	-3.321928094887362	1.5316450877189923e-17	5.13264045352641e-17	X1
AAAGCCCGTCATAGAT	1.584962500721156	2.1686833167108188e-09	3.1432603286682878e-09	X0
CAACCGGGTGCTGGTG	-3.807354922057604	1.2704266677461526e-16	3.654652057899891e-16	X1
AGGATGTCATCAATCG	-1.584962500721156	0.9333946903963931	0.961371098010454	unknown
ACCAAGCGTCCGCTGT	1.8073549220576042	1.3029679093280502e-12	2.316659782342441e-12	X0
AGAGATTAGGTAAGGC	-2.584962500721156	4.1422259360400374e-14	8.5281122212589e-14	X1
AACATAGCACTGGCCA	-1.0	1.6080007647833168e-05	1.9994220035792557e-05	X1
ACACTAATCTAACCTT	-3.169925001442312	6.564907761017925e-15	1.491307171673543e-14	X1
AATCTTGAGTCTATGA	-3.4594316186372973	3.224844447881771e-24	1.2189912012993095e-22	X1
AAAGGTTAGTAAGTCC	-3.321928094887362	1.5316450877189923e-17	5.13264045352641e-17	X1
AACAGCAAGTCATGCG	-1.8073549220576042	6.564907761017925e-15	1.491307171673543e-14	X1
ATTACGTCAATGAATG	-2.321928094887362	9.157161244117683e-05	0.00011101369308134972	X1
AGCGCTCAGGCGCTAC	-2.169925001442312	9.556787680138532e-16	2.4375612301567915e-15	X1
ATAGGTACACCAAAGG	-3.9068905956085187	1.6610244897268262e-18	6.960834336105768e-18	X1
ACGTCAAGTTTACGTC	-3.4594316186372973	6.26162256269268e-23	1.2075986370907311e-21	X1
AATTAGGCACAATGCC	-2.807354922057604	4.1422259360400374e-14	8.5281122212589e-14	X1
AGTTGTCAGCTTAACA	-3.4594316186372973	1.6610244897268262e-18	6.960834336105768e-18	X1
ACCCGGTAGATAGACG	-3.321928094887362	1.5316450877189923e-17	5.13264045352641e-17	X1
AATTAGGCAGCTAACC	0.0	1.0	1.0	unknown
AACCTAATCCCGAAGC	-1.736965594166206	6.564907761017925e-15	1.491307171673543e-14	X1
AATGGCGCAAGGTAAC	-2.0	0.01048936783892586	0.011986037010622659	X1
ACGTCCTTCAAACTCA	-3.584962500721156	1.5316450877189923e-17	5.13264045352641e-17	X1
AATTGCTCAGCTCATA	-1.584962500721156	7.952664236893068e-09	1.1225194479259074e-08	X1
AAGCTATGTTTGACCT	-3.169925001442312	1.0029797609618065e-21	1.215148556549881e-20	X1
AGTCCTTGTGCTAGCG	2.807354922057604	1.3513812610243942e-10	2.0849882312947796e-10	X0
ATCCTCATCACATTGA	3.0	6.548999325035109e-12	1.0963338108340441e-11	X0
AGCTTTAAGGCTCATG	-2.807354922057604	9.556787680138532e-16	2.4375612301567915e-15	X1
ACCAGGCTCCTGAATA	-0.7369655941662061	0.0017588208614850794	0.00203936897436	X1
ACCACACCAATAACCT	-3.700439718141092	1.5316450877189923e-17	5.13264045352641e-17	X1
ATGAGCCGTAAAGCGG	-1.584962500721156	0.5397946186935895	0.5750912228471726	unknown
ACCTGGATCACAGCCA	-3.4594316186372973	2.4127107519685975e-13	4.550921478264121e-13	X1
ATCGGCCAGTGAGAGC	-2.0	2.756790387925026e-08	3.792091581643595e-08	X1
AAACCGGCAGGACCTT	-3.807354922057604	1.6610244897268262e-18	6.960834336105768e-18	X1
ACTCAGTAGGATAAAC	4.169925001442312	6.26162256269268e-23	1.2075986370907311e-21	X0
ACCAGCTCAACAGGTG	-2.584962500721156	3.0739033075239876e-11	4.936004461529598e-11	X1
AAGTTTGTCATGCTAA	2.807354922057604	1.3513812610243942e-10	2.0849882312947796e-10	X0
AGGATCCGTTTGTCTA	-2.3923174227787607	1.363071866403019e-20	1.0779103880760276e-19	X1
ATTCGTTTCTAACTGA	3.3219280948873626	1.0029797609618065e-21	1.215148556549881e-20	X0
ATTTGCAAGCTAATTG	-0.3219280948873622	0.06660530960360693	0.07457585020783003	unknown
AAACAGCCAGCATGAG	-2.4594316186372973	6.564907761017925e-15	1.491307171673543e-14	X1
ACACAATGTATTGTGG	3.0	1.6610244897268262e-18	6.960834336105768e-18	X0
CAACAATGTGCTAGCG	0.7369655941662061	0.0008949651957434264	0.001047358650126982	X0
ATGGTGCGTAGCCTCC	-2.584962500721156	7.952664236893068e-09	1.1225194479259074e-08	X1
AAGGTGCAGCTAGAAG	2.169925001442312	1.6610244897268262e-18	6.960834336105768e-18	X0
ATCATCAAGCATGGTT	-2.4594316186372973	1.5316450877189923e-17	5.13264045352641e-17	X1
ACAGGTAAGCGGATTT	-3.9068905956085187	1.6042818341220015e-19	8.917919607325244e-19	X1
AGCGGATAGTTGGATC	0.0	1.0	1.0	unknown
AGTTGCGTCATGCAAC	-4.247927513443585	1.363071866403019e-20	1.0779103880760276e-19	X1
AATGCAACAGGGAGCT	-2.584962500721156	6.548999325035109e-12	1.0963338108340441e-11	X1
ACTTATGAGCAAGGGT	-1.584962500721156	5.579544528625976e-10	8.309959936251453e-10	X1
AGTTACATCCGCAAAT	-2.0	1.3513812610243942e-10	2.0849882312947796e-10	X1
ACGTTACAGGAGTCGG	-3.4594316186372973	4.1422259360400374e-14	8.5281122212589e-14	X1
ATCACCCTCACTCGCT	-2.807354922057604	1.6042818341220015e-19	8.917919607325244e-19	X1
AAAGCAAGTTGTGATG	2.169925001442312	1.5316450877189923e-17	5.13264045352641e-17	X0
ACGAATCTCGTCCTTA	-2.807354922057604	1.6080007647833168e-05	1.9994220035792557e-05	X1
AGCTACTAGGATCACT	-3.4594316186372973	1.6042818341220015e-19	8.917919607325244e-19	X1
ACGCACGGTAACTACG	-2.321928094887362	2.1686833167108188e-09	3.1432603286682878e-09	X1
ACTTATGAGACACTTA	-2.3785116232537296	6.26162256269268e-23	1.2075986370907311e-21	X1
AGGTTACTCGGTCAAT	-4.169925001442312	1.363071866403019e-20	1.0779103880760276e-19	X1
AGCGCCTAGGGACGCA	-4.0	2.4127107519685975e-13	4.550921478264121e-13	X1
AAGGTCAAGGTCCTGA	-4.0	6.26162256269268e-23	1.2075986370907311e-21	X1
ACCATAATCACTCGCT	2.321928094887362	2.756790387925026e-08	3.792091581643595e-08	X0
ATCAATCCAGCACGAA	2.584962500721156	0.00020438858371340761	0.00024480001471377717	X0
ATTGACTCACTTAACG	-4.0	1.363071866403019e-20	1.0779103880760276e-19	X1
AGGTAACCAACATAAG	-3.0	6.548999325035109e-12	1.0963338108340441e-11	X1
ATACCTGCATACCCGG	-3.0	6.564907761017925e-15	1.491307171673543e-14	X1
AGGTTGCGTAACGAGG	2.321928094887362	7.952664236893068e-09	1.1225194479259074e-08	X0
ACCTTGCTCTAAATCG	-1.765534746362977	1.2704266677461526e-16	3.654652057899891e-16	X1
AGGTCATTCTGCAAGT	-3.0	2.4127107519685975e-13	4.550921478264121e-13	X1
ACTTACAAGCACGATT	-3.4594316186372973	4.1422259360400374e-14	8.5281122212589e-14	X1
CAAGACAAGTAGCCAT	-3.321928094887362	2.4127107519685975e-13	4.550921478264121e-13	X1
ATTACGTCATGATTGT	-3.0	1.5316450877189923e-17	5.13264045352641e-17	X1
AAAGCAAGTTGGGTTA	-1.584962500721156	9.050013106514627e-08	1.2191393279624123e-07	X1
ACTAAAGCAGGCCAAA	-2.321928094887362	3.925069822796835e-05	4.8328221270918684e-05	X1
AACAAGCCATGTCAAT	-2.087462841250339	6.26162256269268e-23	1.2075986370907311e-21	X1
ACGGTTTAGCCGCTAA	2.584962500721156	1.3029679093280502e-12	2.316659782342441e-12	X0
ACAACAACAAGGTACG	-2.584962500721156	2.4127107519685975e-13	4.550921478264121e-13	X1
ACCATTAAGCAGCTCA	-3.169925001442312	1.0029797609618065e-21	1.215148556549881e-20	X1
AACTTAGTCGGTTAGT	-1.8073549220576042	4.1422259360400374e-14	8.5281122212589e-14	X1
AGGTAACCAAGCGAGC	-0.6780719051126378	2.1686833167108188e-09	3.1432603286682878e-09	X1
ACTAATCCAGTCTAAT	-2.0	0.017600100108852396	0.020014554275409765	X1
CAAACATGTAACCTAG	-3.3219280948873626	1.3154334480650894e-25	1.2430846084215095e-23	X1
CAACCCTTCCAGCACA	-2.4594316186372973	1.6610244897268262e-18	6.960834336105768e-18	X1
ATCACAATCAGGGCCT	-2.321928094887362	1.6080007647833168e-05	1.9994220035792557e-05	X1
ACTAACGGTTCGGGAT	-3.4594316186372973	1.6042818341220015e-19	8.917919607325244e-19	X1
ATATGCTCAGCCTGCA	-1.584962500721156	6.289575008339427e-06	7.930151278026363e-06	X1
AAAGGTTAGGCTAGAA	-2.321928094887362	2.4127107519685975e-13	4.550921478264121e-13	X1
ACCAATATCAGGGCCT	-1.584962500721156	0.9333946903963931	0.961371098010454	unknown
CAACCCTTCGCAGGCT	0.16992500144231215	0.18410080866334788	0.20300497571396003	unknown
AGTCTTGCACGGTACT	2.321928094887362	2.4127107519685975e-13	4.550921478264121e-13	X0
AAACCAACAAGGTGGC	-1.584962500721156	0.9966814397420369	1.0	unknown
AAACAGCCATTGTTGG	-2.0	1.6080007647833168e-05	1.9994220035792557e-05	X1
AAAGCCGCATGTTGCA	-2.321928094887362	2.346206306321115e-06	3.0042885629721596e-06	X1
ATTACGTCATAGTCAT	3.087462841250339	1.3029679093280502e-12	2.316659782342441e-12	X0
AATCCATCAGCTTAGC	-1.584962500721156	0.9556869599429662	0.9805908546646069	unknown
ACAAAGGTCGCTAAGT	2.807354922057604	7.952664236893068e-09	1.1225194479259074e-08	X0
ACATTAGTCTTAAGTG	-4.321928094887363	1.5316450877189923e-17	5.13264045352641e-17	X1
ATGCTTAAGGGTCTAT	3.0	4.1422259360400374e-14	8.5281122212589e-14	X0
ATCCACCTCCCTCATA	-2.0	0.00020438858371340761	0.00024480001471377717	X1
AAAGCAAGTCTCAGCC	3.169925001442312	3.224844447881771e-24	1.2189912012993095e-22	X0
AGACACGCAGCCTGCA	2.700439718141092	1.6042818341220015e-19	8.917919607325244e-19	X0
AGTTACATCTTAGCCC	-1.0	9.157161244117683e-05	0.00011101369308134972	X1
AGCAACAAGGACCTTG	3.321928094887362	1.5316450877189923e-17	5.13264045352641e-17	X0
AGCCTAGTCATGGCTG	1.087462841250339	2.756790387925026e-08	3.792091581643595e-08	X0
AGACACGCAGTTATGT	3.584962500721156	9.556787680138532e-16	2.4375612301567915e-15	X0
ATGTCAATCGGCCATA	3.9068905956085187	2.4127107519685975e-13	4.550921478264121e-13	X0
AGCAGGTAGTCTTGAA	-2.700439718141092	1.6042818341220015e-19	8.917919607325244e-19	X1
AGTCTTGCAACTCGCG	-3.700439718141092	1.6610244897268262e-18	6.960834336105768e-18	X1
AACAGCAAGGAGGGTT	-0.5405683813627027	2.346206306321115e-06	3.0042885629721596e-06	X1
AACATAGCAGAAACGT	-2.321928094887362	7.952664236893068e-09	1.1225194479259074e-08	X1
ACCTACCTCTAAGGAG	-2.0	6.548999325035109e-12	1.0963338108340441e-11	X1
ACAGGCTGTAATCGCA	-3.169925001442312	4.1422259360400374e-14	8.5281122212589e-14	X1
AATGCGCGTATTGTCC	2.584962500721156	1.5316450877189923e-17	5.13264045352641e-17	X0
ACTCACCTCGGCCATA	-2.321928094887362	6.548999325035109e-12	1.0963338108340441e-11	X1
ATTGGCTAGTCAGGCC	-3.700439718141092	9.556787680138532e-16	2.4375612301567915e-15	X1
ATGGCTTAGCTGGAAA	3.321928094887362	1.6042818341220015e-19	8.917919607325244e-19	X0
AATCATGTCAAACTCA	-2.584962500721156	1.3513812610243942e-10	2.0849882312947796e-10	X1
ACCGGCTAGAGAGGAG	-2.115477217419936	3.224844447881771e-24	1.2189912012993095e-22	X1
AAGAATCAGCCGGTAC	0.0	1.0	1.0	unknown
AGCAATACAATACTGT	2.807354922057604	1.6042818341220015e-19	8.917919607325244e-19	X0
ACGCTTGAGTAAGGGC	0.5849625007211561	0.6178232827986665	0.653799554585375	unknown
ATTCCTAGTTGCTTCG	0.0	1.0	1.0	unknown
ATGGCCGGTCATCATC	-2.807354922057604	1.0029797609618065e-21	1.215148556549881e-20	X1
AGCTCATAGATAACCC	0.0	1.0	1.0	unknown
AGCGCTCAGGAACCAA	1.4594316186372973	1.3029679093280502e-12	2.316659782342441e-12	X0
ACTTAGTCACAGAACG	-3.4594316186372973	1.6610244897268262e-18	6.960834336105768e-18	X1
CAAGGCTGTCTTGCTG	-3.247927513443585	1.5316450877189923e-17	5.13264045352641e-17	X1
ACTCACCTCAGGTCCA	-2.169925001442312	9.556787680138532e-16	2.4375612301567915e-15	X1
AGTAGCTTCAATGAGG	1.485426827170242	3.0739033075239876e-11	4.936004461529598e-11	X0
ACAACAACATTAAACC	-4.459431618637297	1.5316450877189923e-17	5.13264045352641e-17	X1
ATTTGTGAGCTGAGGG	-3.321928094887362	2.756790387925026e-08	3.792091581643595e-08	X1
AATTCGTCAATCTCTC	-2.807354922057604	1.6042818341220015e-19	8.917919607325244e-19	X1
ATTAGCTCACGGTACT	-2.0	8.336813247250504e-07	1.0821824888257866e-06	X1
ATTACCGCATGTGGGA	-4.643856189774724	1.363071866403019e-20	1.0779103880760276e-19	X1
AAGCCTTAGCCGCAAC	-2.807354922057604	1.0029797609618065e-21	1.215148556549881e-20	X1
ACTTGAATCGTTAACA	-2.0	1.3029679093280502e-12	2.316659782342441e-12	X1
AAGGATGTCGGTTTGG	1.584962500721156	4.1422259360400374e-14	8.5281122212589e-14	X0
ATTAGCGGTTTAACCC	2.807354922057604	4.1422259360400374e-14	8.5281122212589e-14	X0
ACAGCCGGTTCCGGCT	-2.169925001442312	3.0739033075239876e-11	4.936004461529598e-11	X1
ACTTGTCGTTACATCC	2.0	1.2704266677461526e-16	3.654652057899891e-16	X0
AGGAACGGTCCAAATG	3.321928094887362	6.548999325035109e-12	1.0963338108340441e-11	X0
ACCTGGTCACGTTACA	-3.321928094887362	1.6042818341220015e-19	8.917919607325244e-19	X1
ACGCAAGCATTTAAGC	3.169925001442312	6.564907761017925e-15	1.491307171673543e-14	X0
ATGTTTGAGAAACTGG	-2.321928094887362	2.756790387925026e-08	3.792091581643595e-08	X1
ACGGTACGTTTGGTTC	3.169925001442312	9.556787680138532e-16	2.4375612301567915e-15	X0
AAGCATGAGCTAATCA	-3.321928094887362	2.4127107519685975e-13	4.550921478264121e-13	X1
AGCCTAAGTTCCAGGG	-1.0	0.003318560257963064	0.00382443834606719	X1
ACTAACGGTTAGGACC	-2.0	0.0060164878626817395	0.0068957926382465055	X1
ACGACTTAGTCACCAG	-1.8744691179161412	1.3029679093280502e-12	2.316659782342441e-12	X1
ACCCAACCAGGCTGTT	-3.0	4.1422259360400374e-14	8.5281122212589e-14	X1
ACAGGAATCAATACGC	3.584962500721156	1.6042818341220015e-19	8.917919607325244e-19	X0
CAAAGGATCAACAAGG	2.169925001442312	1.5316450877189923e-17	5.13264045352641e-17	X0
ACTCACTGTTTAACGG	-3.807354922057604	1.3154334480650894e-25	1.2430846084215095e-23	X1
AAGGCCCTCCCTGTTA	-3.169925001442312	9.556787680138532e-16	2.4375612301567915e-15	X1
ACGAAGTCATGAGCAG	-2.584962500721156	2.818141017102701e-07	3.7246758897371364e-07	X1
AGTTACTCAGAAATTG	-3.700439718141092	3.224844447881771e-24	1.2189912012993095e-22	X1
ATGAAGTAGCACAGAA	3.0	1.2704266677461526e-16	3.654652057899891e-16	X0
AGGCTAAAGTAGGCGG	-2.807354922057604	1.3029679093280502e-12	2.316659782342441e-12	X1
AGGTTGCGTGGAAGGC	-2.807354922057604	1.3513812610243942e-10	2.0849882312947796e-10	X1
AAGCGAGGTTTAGCTC	2.807354922057604	1.5316450877189923e-17	5.13264045352641e-17	X0
AAGGTGCAGCTCGCTT	-1.0	2.818141017102701e-07	3.7246758897371364e-07	X1
AACAGCAAGCATGACT	2.4594316186372973	5.579544528625976e-10	8.309959936251453e-10	X0
ACACAATGTTTAACGG	-1.3219280948873622	6.289575008339427e-06	7.930151278026363e-06	X1
ACTTATGAGGTCCAAT	0.6520766965796931	2.756790387925026e-08	3.792091581643595e-08	X0
ATAATGGCACTAGGTC	-3.4594316186372973	6.564907761017925e-15	1.491307171673543e-14	X1
AGCTGCTCAATGCCCG	-4.0	1.5316450877189923e-17	5.13264045352641e-17	X1
AAGCGGGTCGGTTTCC	-3.584962500721156	1.2704266677461526e-16	3.654652057899891e-16	X1
ATCAAGCTCCATTACT	-2.807354922057604	4.1422259360400374e-14	8.5281122212589e-14	X1
ATAACGACAGCCAGAA	2.502500340529183	6.26162256269268e-23	1.2075986370907311e-21	X0
AATCGCCCAACATAAG	-0.7369655941662061	6.289575008339427e-06	7.930151278026363e-06	X1
CAAATCATCATAACGC	-3.321928094887362	1.2704266677461526e-16	3.654652057899891e-16	X1
AGCTACGTCTATTGTC	1.362570079384708	1.6042818341220015e-19	8.917919607325244e-19	X0
AACCTAATCATTCATC	2.4594316186372973	6.564907761017925e-15	1.491307171673543e-14	X0
AGGCCCAGTAAGTCGC	2.169925001442312	1.2704266677461526e-16	3.654652057899891e-16	X0
AGAGGAACAGAATGAC	-2.584962500721156	1.0029797609618065e-21	1.215148556549881e-20	X1
AATTTGCCATTAAAGG	-3.321928094887362	1.6610244897268262e-18	6.960834336105768e-18	X1
AGTCCTGAGTAACGGA	3.4594316186372973	1.0029797609618065e-21	1.215148556549881e-20	X0
AAGGATTAGCACAGAA	-3.4594316186372973	6.26162256269268e-23	1.2075986370907311e-21	X1
AAACCGGCATAGACCC	-1.0	0.1356265120369177	0.15034258519048355	unknown
AATTAGCGTACGCGCA	3.169925001442312	9.556787680138532e-16	2.4375612301567915e-15	X0
AGAACAAGTTTAACGG	-4.392317422778761	3.224844447881771e-24	1.2189912012993095e-22	X1
AATTGCCAGGGCCATC	-2.584962500721156	2.1686833167108188e-09	3.1432603286682878e-09	X1
ACTGAATGTGGAAGGC	-0.5849625007211561	3.925069822796835e-05	4.8328221270918684e-05	X1
AGTGTGGCAGGCGAGT	0.4150374992788439	0.1356265120369177	0.15034258519048355	unknown
ACAGGCTGTCTTGCTG	-1.0	4.1422259360400374e-14	8.5281122212589e-14	X1
AGTTGCAGTTACCTGT	-2.0	7.952664236893068e-09	1.1225194479259074e-08	X1
ATTTAGCCAGCCTAAC	-1.9068905956085187	9.556787680138532e-16	2.4375612301567915e-15	X1
AGCTAGTTCCAGGTCA	-1.3219280948873622	2.818141017102701e-07	3.7246758897371364e-07	X1
ACAACAACAAGGTCGA	-3.807354922057604	1.6042818341220015e-19	8.917919607325244e-19	X1
ACGTCCTTCTCGCCTG	-3.0	1.2704266677461526e-16	3.654652057899891e-16	X1
ATGGTGCGTTGCGGAT	2.0	0.0060164878626817395	0.0068957926382465055	X0
AAGCAAGTCGTACCGA	3.0	1.2704266677461526e-16	3.654652057899891e-16	X0
ACTCACTGTTGAGGTC	2.0	0.0017588208614850794	0.00203936897436	X0
AGTAAACAGCTTAACA	-1.3219280948873622	1.6080007647833168e-05	1.9994220035792557e-05	X1
ACTTATGAGTAGCCAT	-1.3219280948873622	9.157161244117683e-05	0.00011101369308134972	X1
AGCCTAGTCGTTCACC	2.0	0.044313040057033834	0.04988186164847763	X0
CAACCGGGTAATGGCC	-1.0	0.6913502932053739	0.7271296906834483	unknown
ATGTCAATCGTTATCT	-3.9068905956085187	1.6610244897268262e-18	6.960834336105768e-18	X1
ACAGGATCATGCTCCC	-3.0	2.4127107519685975e-13	4.550921478264121e-13	X1
AGTAACGAGGTTAGAG	1.584962500721156	4.1422259360400374e-14	8.5281122212589e-14	X0
ATTAGCGGTGCAATAT	-2.0	0.017600100108852396	0.020014554275409765	X1
AACAGATAGCGGATTT	-2.0	0.003318560257963064	0.00382443834606719	X1
ATAGATGCAGCAAGAT	-2.807354922057604	2.818141017102701e-07	3.7246758897371364e-07	X1
ATGACAACACTATGGC	2.0	7.952664236893068e-09	1.1225194479259074e-08	X0
ACATTGCAGAACCTAC	-3.9068905956085187	1.0029797609618065e-21	1.215148556549881e-20	X1
AGACTATGTGCATTAG	3.807354922057604	1.363071866403019e-20	1.0779103880760276e-19	X0
CAAATCATCCCTCAGT	-2.0	0.0008949651957434264	0.001047358650126982	X1
AATGCATGTGCATTAG	-4.584962500721156	1.3154334480650894e-25	1.2430846084215095e-23	X1
ACCGCAATCATTGTTC	3.9068905956085187	1.0029797609618065e-21	1.215148556549881e-20	X0
AAACCAACATTAGCCA	-3.3923174227787607	3.224844447881771e-24	1.2189912012993095e-22	X1
AACATAGCAGTGAACG	-1.584962500721156	0.9556869599429662	0.9805908546646069	unknown
ACGGTTTAGTACTGGT	1.8073549220576042	9.050013106514627e-08	1.2191393279624123e-07	X0
AGCAATACAATTATGC	-3.807354922057604	1.2704266677461526e-16	3.654652057899891e-16	X1
AGTAATGCAGCAACAG	-2.584962500721156	3.0739033075239876e-11	4.936004461529598e-11	X1
ATGGACAAGGTCTTGG	-2.584962500721156	9.050013106514627e-08	1.2191393279624123e-07	X1
AAGCAAGTCATGTTTC	-2.9068905956085187	1.6042818341220015e-19	8.917919607325244e-19	X1
ACCTTGTGTTAAGTGT	-3.584962500721156	2.4127107519685975e-13	4.550921478264121e-13	X1
ATTTAGCCATTGTCCT	-4.087462841250339	9.556787680138532e-16	2.4375612301567915e-15	X1
ATTACCCGTCACCTAT	2.584962500721156	1.6042818341220015e-19	8.917919607325244e-19	X0
ACTTGCACAACCTGGT	-1.584962500721156	0.9895106321610742	1.0	unknown
AAAGCGGGTCCTTCTC	-3.4594316186372973	1.363071866403019e-20	1.0779103880760276e-19	X1
ACCGCAATCCTCATGC	-3.169925001442312	1.363071866403019e-20	1.0779103880760276e-19	X1
AGTTGTCAGGTCAAAG	-2.321928094887362	1.6080007647833168e-05	1.9994220035792557e-05	X1
AGGAAACGTATTGTGG	-3.321928094887362	3.0739033075239876e-11	4.936004461529598e-11	X1
AGCAAATAGTTTAACG	-1.8073549220576042	8.336813247250504e-07	1.0821824888257866e-06	X1
AAGGTGCAGGATTGCT	3.247927513443585	1.6610244897268262e-18	6.960834336105768e-18	X0
AGTGAACCAATAAGCA	2.584962500721156	6.564907761017925e-15	1.491307171673543e-14	X0
AGAGGAACAAACTGCC	-3.169925001442312	1.2704266677461526e-16	3.654652057899891e-16	X1
ATTGGTTCATAATCGT	-4.0	1.6610244897268262e-18	6.960834336105768e-18	X1
ATAGGTACAAGGACCA	-2.0	9.157161244117683e-05	0.00011101369308134972	X1
ATGTTTGAGCTGTCAG	-2.321928094887362	7.952664236893068e-09	1.1225194479259074e-08	X1
AACGGTAAGGCTTAGT	3.169925001442312	2.756790387925026e-08	3.792091581643595e-08	X0
AGAAACTAGTAACAGG	4.459431618637297	1.0029797609618065e-21	1.215148556549881e-20	X0
AGAAAGGCATTGCGTA	-3.4594316186372973	6.564907761017925e-15	1.491307171673543e-14	X1
ACATTAGTCGTGCTAG	-1.584962500721156	0.9333946903963931	0.961371098010454	unknown
ATCCTTAGTTGTCATC	-2.169925001442312	4.1422259360400374e-14	8.5281122212589e-14	X1
AGGTCAAAGCATTATG	-1.584962500721156	0.9033260477521786	0.9339640209253925	unknown
ATGCTTAAGGTCCTAG	-2.0	9.556787680138532e-16	2.4375612301567915e-15	X1
AGGACGTAGTTGTCTT	-2.321928094887362	9.050013106514627e-08	1.2191393279624123e-07	X1
ACCCTCCCATCCTGAA	2.321928094887362	6.564907761017925e-15	1.491307171673543e-14	X0
AACAGCAAGCGCCTTT	2.169925001442312	1.6042818341220015e-19	8.917919607325244e-19	X0
AGGTACGCATGAATCT	0.0	1.0	1.0	unknown
AGTGATGAGCTTAGCG	-1.584962500721156	0.9991050348042566	1.0	unknown
AATTGCTCAATGAAGC	3.584962500721156	1.6610244897268262e-18	6.960834336105768e-18	X0
CAAGGGAGTAACCTAG	2.321928094887362	9.050013106514627e-08	1.2191393279624123e-07	X0
AGCAGGTAGCCTGGTA	-1.584962500721156	0.6913502932053739	0.7271296906834483	unknown
ATCCACCTCCCGAAGC	-3.584962500721156	6.26162256269268e-23	1.2075986370907311e-21	X1
AAAGGACGTGGTTCCC	-1.584962500721156	0.9895106321610742	1.0	unknown
AACGCTAGTCAATAGT	0.3219280948873622	0.9895106321610742	1.0	unknown
ATTGCAGGTGGTTCTT	-3.321928094887362	9.556787680138532e-16	2.4375612301567915e-15	X1
AGTTGGCGTTAACGGC	-1.0	2.756790387925026e-08	3.792091581643595e-08	X1
AGCTTTAAGGCAATAG	0.84799690655495	9.157161244117683e-05	0.00011101369308134972	X0
ACCAAGTTCGCCTGTT	-0.5849625007211561	8.336813247250504e-07	1.0821824888257866e-06	X1
ACTCCTCAGGACGTAA	-2.584962500721156	1.5316450877189923e-17	5.13264045352641e-17	X1
AGAAACCCAATCCCTT	3.169925001442312	1.6610244897268262e-18	6.960834336105768e-18	X0
CAACCGGGTTGTTGTC	-3.700439718141092	1.0029797609618065e-21	1.215148556549881e-20	X1
AAGAACAGTGATCAGC	3.321928094887362	1.5316450877189923e-17	5.13264045352641e-17	X0
ACGAGTAAGGGTTATC	-3.169925001442312	1.5316450877189923e-17	5.13264045352641e-17	X1
AGAAACTAGCTGTCAG	-2.807354922057604	1.6042818341220015e-19	8.917919607325244e-19	X1
ATTATCCTCCTTTACG	3.700439718141092	1.6042818341220015e-19	8.917919607325244e-19	X0
AATCTTGAGAAAGGAA	-3.321928094887362	9.556787680138532e-16	2.4375612301567915e-15	X1
AGTTGGCGTTAGGCGT	2.0	0.028443966820490392	0.03215257014995624	X0
AATCCGTAGAGAGGAG	3.169925001442312	2.4127107519685975e-13	4.550921478264121e-13	X0
ATTCGTTTCTTAGCCC	-1.1699250014423122	9.157161244117683e-05	0.00011101369308134972	X1
ATCCCGCGTCCTAATC	-3.0	1.6610244897268262e-18	6.960834336105768e-18	X1
ACACAATGTCATGCAA	-2.807354922057604	1.6042818341220015e-19	8.917919607325244e-19	X1
AGGTATTGTCGTAAAT	1.3219280948873622	8.336813247250504e-07	1.0821824888257866e-06	X0
AAGCCACGTTGTGATG	-3.169925001442312	1.2704266677461526e-16	3.654652057899891e-16	X1
ATGTCATCAACACCTA	0.0	1.0	1.0	unknown
CAACCGGGTCATAAGT	-2.807354922057604	6.564907761017925e-15	1.491307171673543e-14	X1
AAGGCCCTCATTGACA	-2.807354922057604	4.1422259360400374e-14	8.5281122212589e-14	X1
ATCCTGACACCGGCTA	-3.0	2.4127107519685975e-13	4.550921478264121e-13	X1
ACGCTTGAGCCTAACG	2.807354922057604	1.3154334480650894e-25	1.2430846084215095e-23	X0
CAACTAATCCTGCGAA	-4.321928094887363	6.26162256269268e-23	1.2075986370907311e-21	X1
AGTGTTTCATTGCAGC	-3.169925001442312	4.1422259360400374e-14	8.5281122212589e-14	X1
ATCACTAAGCTGGCTA	-3.169925001442312	2.4127107519685975e-13	4.550921478264121e-13	X1
ACAGCGCTCTGGCTTC	-3.0	2.4127107519685975e-13	4.550921478264121e-13	X1
ACCACATAGACTTACA	-3.584962500721156	1.5316450877189923e-17	5.13264045352641e-17	X1
ATGAAGCCATAAACCT	-2.700439718141092	1.363071866403019e-20	1.0779103880760276e-19	X1
ACCAGGACAGCCTGCA	-3.0	4.1422259360400374e-14	8.5281122212589e-14	X1
AGCAATTGTACCGTTT	-1.8073549220576042	5.579544528625976e-10	8.309959936251453e-10	X1
ATTACTGAGGACCTGC	0.893084796083488	2.1686833167108188e-09	3.1432603286682878e-09	X0
AAGACAAGTGAGACTC	-1.584962500721156	1.3029679093280502e-12	2.316659782342441e-12	X1
AATTGACGTCTAACCT	-2.700439718141092	9.556787680138532e-16	2.4375612301567915e-15	X1
ATTTAGGTCCTGAATA	4.169925001442312	1.363071866403019e-20	1.0779103880760276e-19	X0
ACTTGAATCACGAATC	3.169925001442312	1.363071866403019e-20	1.0779103880760276e-19	X0
AGTCAATGTCTATCGT	-1.8073549220576042	2.4127107519685975e-13	4.550921478264121e-13	X1
ATTTGCGCACCGTTCC	-3.321928094887362	1.6610244897268262e-18	6.960834336105768e-18	X1
ACAGGAATCATAGCCG	3.700439718141092	1.363071866403019e-20	1.0779103880760276e-19	X0
ACCATAATCGCTATGG	1.584962500721156	2.4127107519685975e-13	4.550921478264121e-13	X0
AACAAGCCATTGACAT	-1.222392421336448	6.548999325035109e-12	1.0963338108340441e-11	X1
AAAGGCTCATCGCTCC	-1.584962500721156	2.756790387925026e-08	3.792091581643595e-08	X1
AAGGTATAGCTAATCA	3.4594316186372973	1.6042818341220015e-19	8.917919607325244e-19	X0
AGTTATGTCCCTGTTA	-4.459431618637297	1.3154334480650894e-25	1.2430846084215095e-23	X1
AGTCTTGCACCACAAC	3.4594316186372973	1.363071866403019e-20	1.0779103880760276e-19	X0
AGATGAAGTTAGTACG	3.700439718141092	1.6610244897268262e-18	6.960834336105768e-18	X0
ACAACAACATAACGGG	-2.9068905956085187	1.5316450877189923e-17	5.13264045352641e-17	X1
AACAAAGGTTGCGTAA	-2.321928094887362	1.2704266677461526e-16	3.654652057899891e-16	X1
ACGCTTGAGGTCGATT	-3.4594316186372973	6.26162256269268e-23	1.2075986370907311e-21	X1
ATTCCTAGTGGGAACA	-4.643856189774724	1.0029797609618065e-21	1.215148556549881e-20	X1
AAGTGAAGTGGAAGGC	3.3219280948873626	1.363071866403019e-20	1.0779103880760276e-19	X0
AGTCCTGAGCTACTGG	-3.584962500721156	6.26162256269268e-23	1.2075986370907311e-21	X1
AACTACTCATAAGGAC	-1.5849625007211565	2.4127107519685975e-13	4.550921478264121e-13	X1
AGGTTACTCCTTGCGT	1.8073549220576042	1.3513812610243942e-10	2.0849882312947796e-10	X0
ATGGACAAGTCTCACC	3.0	1.6610244897268262e-18	6.960834336105768e-18	X0
ATGGCTGTCTTAAGTG	-4.169925001442312	6.26162256269268e-23	1.2075986370907311e-21	X1
AGGGCCTTCATGTGGT	3.4594316186372973	1.2704266677461526e-16	3.654652057899891e-16	X0
AGGTTACTCTCCTCAA	-2.169925001442312	1.6610244897268262e-18	6.960834336105768e-18	X1
ATGGTCTAGCGCCTTT	3.169925001442312	1.3029679093280502e-12	2.316659782342441e-12	X0
AGTTACATCAAACCGT	4.321928094887363	1.5316450877189923e-17	5.13264045352641e-17	X0
ATCCTTAGTGGACATC	-3.169925001442312	1.363071866403019e-20	1.0779103880760276e-19	X1
AGGTAACCACAAAGGT	-2.584962500721156	6.548999325035109e-12	1.0963338108340441e-11	X1
AGGACTAAGCAAGACA	-3.523561956057013	1.3154334480650894e-25	1.2430846084215095e-23	X1
AGGAACCAGGCGGGTA	-2.584962500721156	7.952664236893068e-09	1.1225194479259074e-08	X1
AGATGAAGTACAATGT	0.0	1.0	1.0	unknown
AAGAACAGTGATGAAA	-3.584962500721156	4.1422259360400374e-14	8.5281122212589e-14	X1
ATTACTGAGTGAGGGT	-3.4594316186372973	1.6610244897268262e-18	6.960834336105768e-18	X1
AAACCGCGTTGAGCCG	-3.4594316186372973	1.363071866403019e-20	1.0779103880760276e-19	X1
ATCCTCATCGGGACTC	-3.4594316186372973	9.556787680138532e-16	2.4375612301567915e-15	X1
ACCCGCTGTTCGCTCA	-3.0	1.6610244897268262e-18	6.960834336105768e-18	X1
AGTCAGGCATGGTTAT	-2.0	0.00020438858371340761	0.00024480001471377717	X1
ACTATCCGTGAGGTGA	-2.321928094887362	7.952664236893068e-09	1.1225194479259074e-08	X1
AGCACTTAGTTGTCAA	-2.0	9.157161244117683e-05	0.00011101369308134972	X1
AAAGGAGCAGTCTAAT	2.584962500721156	6.564907761017925e-15	1.491307171673543e-14	X0
AGACTATGTGTCCAAA	-2.321928094887362	1.2704266677461526e-16	3.654652057899891e-16	X1
CAACAATGTTGGTTAG	-2.584962500721156	1.2704266677461526e-16	3.654652057899891e-16	X1
ATGTAACGTGCTGTAA	3.807354922057604	1.5316450877189923e-17	5.13264045352641e-17	X0
ACAAAGGTCGGTTTCC	-2.584962500721156	9.556787680138532e-16	2.4375612301567915e-15	X1
ATTGCAGGTTTGTGGA	-0.5849625007211561	0.7579407931963542	0.7905673836319589	unknown
CAAGTAACAGGACCAA	-4.087462841250339	1.6610244897268262e-18	6.960834336105768e-18	X1
AAGAACAGTCTAGCTT	-2.807354922057604	2.4127107519685975e-13	4.550921478264121e-13	X1
ACAGTATGTACTAAAC	3.700439718141092	1.363071866403019e-20	1.0779103880760276e-19	X0
AACATAGCAGGTCCTG	3.169925001442312	6.26162256269268e-23	1.2075986370907311e-21	X0
ATCAAGCTCCCGCATT	-1.8073549220576042	2.1686833167108188e-09	3.1432603286682878e-09	X1
ACCACATAGTAGGCGG	-2.169925001442312	1.363071866403019e-20	1.0779103880760276e-19	X1
ATATGGTGTACCGTTT	3.9068905956085187	1.5316450877189923e-17	5.13264045352641e-17	X0
AATGTCATCACAAGCT	-3.584962500721156	1.6610244897268262e-18	6.960834336105768e-18	X1
AAAGCTTGTAAAGCGG	-3.0	2.818141017102701e-07	3.7246758897371364e-07	X1
ACCTGGTCAGCAGGTA	-2.584962500721156	6.564907761017925e-15	1.491307171673543e-14	X1
ATCGAGGCACATGCTA	-3.0	3.224844447881771e-24	1.2189912012993095e-22	X1
AGGTAACCACGGTACT	-1.3219280948873622	0.0008949651957434264	0.001047358650126982	X1
AAGAATCAGTGCACGC	-2.584962500721156	1.6610244897268262e-18	6.960834336105768e-18	X1
AGAGGATGTTAATCGG	-3.7548875021634682	3.224844447881771e-24	1.2189912012993095e-22	X1
ATAGATGCATTAAAGG	-2.0	0.00020438858371340761	0.00024480001471377717	X1
CAAGGTTTCCTAATGA	-2.0	1.3513812610243942e-10	2.0849882312947796e-10	X1
AACCTCACAAGTTATC	-2.700439718141092	3.224844447881771e-24	1.2189912012993095e-22	X1
AGGTATTGTGTTAAAC	-2.9068905956085187	1.3154334480650894e-25	1.2430846084215095e-23	X1
AACCCGCAGTAGCGCC	-2.584962500721156	6.564907761017925e-15	1.491307171673543e-14	X1
AAGGTATAGACTCGCA	-2.584962500721156	1.3513812610243942e-10	2.0849882312947796e-10	X1
AGCGGATAGAGAAGGG	3.4594316186372973	1.6042818341220015e-19	8.917919607325244e-19	X0
ATTAGCTCACAACAGG	3.321928094887362	6.564907761017925e-15	1.491307171673543e-14	X0
AACCCGCAGTTACTTC	-2.584962500721156	3.0739033075239876e-11	4.936004461529598e-11	X1
ACGCACGGTTTGTCTA	-3.321928094887362	9.556787680138532e-16	2.4375612301567915e-15	X1
ACTAACCAGCACAGAA	3.0	1.363071866403019e-20	1.0779103880760276e-19	X0
AGTCCTGAGGCAATAG	-3.321928094887362	1.6042818341220015e-19	8.917919607325244e-19	X1
AGTGTTTCACCTGTAA	0.485426827170242	0.9715560331795096	0.9936368521154075	unknown
ACACTTAAGGCTACTG	1.3219280948873626	4.1422259360400374e-14	8.5281122212589e-14	X0
ACCACATAGCAACAAG	2.584962500721156	5.579544528625976e-10	8.309959936251453e-10	X0
AGTAAACAGTAGCCAT	-1.8744691179161412	1.2704266677461526e-16	3.654652057899891e-16	X1
AGCGGATAGGCGTAAA	3.0	6.564907761017925e-15	1.491307171673543e-14	X0
ATAAGCCTCAAGGACA	-3.584962500721156	4.1422259360400374e-14	8.5281122212589e-14	X1
ACGTCCTTCCGGCTAA	-3.0	2.4127107519685975e-13	4.550921478264121e-13	X1
AACCTTGCATTATGGT	-2.584962500721156	1.5316450877189923e-17	5.13264045352641e-17	X1
ATGTCCACACAGGATG	-3.169925001442312	1.6610244897268262e-18	6.960834336105768e-18	X1
ATGTAACGTTGCGTAA	-1.8073549220576042	1.5316450877189923e-17	5.13264045352641e-17	X1
AATGTCATCAATCTCT	-2.0	2.756790387925026e-08	3.792091581643595e-08	X1
ACTAACCAGGATAAAC	-2.0	0.0004368599184561862	0.0005163635058675371	X1
ACGGTTAGTTCCGGGA	4.0	1.0029797609618065e-21	1.215148556549881e-20	X0
ACTCGCGCATAAGGAC	2.169925001442312	9.556787680138532e-16	2.4375612301567915e-15	X0
AACTAGTGTTTAAAGC	-4.459431618637297	1.363071866403019e-20	1.0779103880760276e-19	X1
AAAGCAAGTTAGGCTA	-0.8073549220576042	1.6080007647833168e-05	1.9994220035792557e-05	X1
AATTAGGCATTCCTCG	-3.4594316186372973	1.6610244897268262e-18	6.960834336105768e-18	X1
AACAGATAGCAACAAG	2.9068905956085187	1.2704266677461526e-16	3.654652057899891e-16	X0
AGGATGTCAGATAGAC	-1.584962500721156	0.24205920680364573	0.2652126961500814	unknown
ATATGCTCACTTCACT	-3.0	1.6042818341220015e-19	8.917919607325244e-19	X1
CAACCGGGTTCGCGCT	-0.37851162325373	0.0008949651957434264	0.001047358650126982	X1
AGGTTGCGTATTACCC	-3.9068905956085187	1.2704266677461526e-16	3.654652057899891e-16	X1
AACATAGCATTAAACC	-2.415037499278844	1.5316450877189923e-17	5.13264045352641e-17	X1
AATAGAGGTATTGAGT	-2.0	1.6080007647833168e-05	1.9994220035792557e-05	X1
AGTCCTTGTATTGGTG	-3.4594316186372973	1.363071866403019e-20	1.0779103880760276e-19	X1
AAGACCAAGGTTTGAC	-3.700439718141092	3.224844447881771e-24	1.2189912012993095e-22	X1
AGCACTTAGTTGTCCC	-2.4594316186372973	1.3513812610243942e-10	2.0849882312947796e-10	X1
ACTAGGCGTCAGGAAG	-1.584962500721156	0.044313040057033834	0.04988186164847763	X1
AGGGCTACAGGCAAGC	1.736965594166206	4.1422259360400374e-14	8.5281122212589e-14	X0
ACCACATAGTCACGAT	2.169925001442312	3.0739033075239876e-11	4.936004461529598e-11	X0
CAAGGTAAGTGTTGCG	2.584962500721156	1.3029679093280502e-12	2.316659782342441e-12	X0
ACTTACAAGTTGTCAA	-2.321928094887362	1.5316450877189923e-17	5.13264045352641e-17	X1
ACTTGAATCAGGAACA	-2.807354922057604	1.3029679093280502e-12	2.316659782342441e-12	X1
ACACTAGGTGTGTCCC	-2.321928094887362	4.1422259360400374e-14	8.5281122212589e-14	X1
ACAAACTGTCTTTGAC	-4.169925001442312	1.6042818341220015e-19	8.917919607325244e-19	X1
ATGAGCCGTAGCTAAT	-3.4594316186372973	6.26162256269268e-23	1.2075986370907311e-21	X1
AGAACAAGTTCAAGAT	-2.584962500721156	6.564907761017925e-15	1.491307171673543e-14	X1
AGAACAAGTCATTACC	-2.700439718141092	1.6610244897268262e-18	6.960834336105768e-18	X1
AGGAAACGTCACCAAA	-4.0	1.3154334480650894e-25	1.2430846084215095e-23	X1
AGACCCGGTGTGCAAC	4.247927513443585	5.579544528625976e-10	8.309959936251453e-10	X0
AAGCGAGGTCCTAGTT	-1.0	9.050013106514627e-08	1.2191393279624123e-07	X1
ACGGTTAGTTGTCCAT	-3.321928094887362	1.363071866403019e-20	1.0779103880760276e-19	X1
ATCCGTGAGCAAGGGT	-2.807354922057604	1.5316450877189923e-17	5.13264045352641e-17	X1
CAACAGGCATTAAGCT	1.584962500721156	6.289575008339427e-06	7.930151278026363e-06	X0
CAACAGGCATTGCGAC	-2.807354922057604	6.548999325035109e-12	1.0963338108340441e-11	X1
AGGTTGCGTATGTGGC	-3.4594316186372973	1.6042818341220015e-19	8.917919607325244e-19	X1
ACGTCCTTCAGCAAAG	-3.4594316186372973	1.6042818341220015e-19	8.917919607325244e-19	X1
ACCAAGTTCCGGTTAG	4.0	3.224844447881771e-24	1.2189912012993095e-22	X0
ATAATGGCACCTCACC	4.0	1.0029797609618065e-21	1.215148556549881e-20	X0
AACAGATAGAAAGCAT	3.584962500721156	6.564907761017925e-15	1.491307171673543e-14	X0
ATGTAAGCACAGGATG	-1.3219280948873622	2.756790387925026e-08	3.792091581643595e-08	X1
AAACATGCACCTGGTG	-1.0	5.579544528625976e-10	8.309959936251453e-10	X1
AGTTGCGTCACGCGGT	0.84799690655495	2.756790387925026e-08	3.792091581643595e-08	X0
AGGAGCTAGTGAGGTA	-2.0	1.6080007647833168e-05	1.9994220035792557e-05	X1
ACGTCAAGTTCCTGAT	-2.584962500721156	1.3513812610243942e-10	2.0849882312947796e-10	X1
CAACCGGGTGAGCACT	-2.0	2.818141017102701e-07	3.7246758897371364e-07	X1
ACCCAGGGTTGGTTCT	3.9068905956085187	1.5316450877189923e-17	5.13264045352641e-17	X0
AGTAACCTCGGGCCAT	-3.169925001442312	1.363071866403019e-20	1.0779103880760276e-19	X1
ACCTTCATCATTATGG	-2.4594316186372973	4.1422259360400374e-14	8.5281122212589e-14	X1
ATCCATAAGGCATTAC	-1.0	2.1686833167108188e-09	3.1432603286682878e-09	X1
AATATCCCATTATGGT	4.169925001442312	1.363071866403019e-20	1.0779103880760276e-19	X0
AACTAGTGTCTATCGT	-3.169925001442312	1.6610244897268262e-18	6.960834336105768e-18	X1
AAATCCGGTTTGGGCG	-2.584962500721156	1.5316450877189923e-17	5.13264045352641e-17	X1
ACACTAATCAGCTAAC	-2.321928094887362	2.1686833167108188e-09	3.1432603286682878e-09	X1
ACCTAAGGTCAATAGT	2.584962500721156	9.556787680138532e-16	2.4375612301567915e-15	X0
ATGGCCCAGACTCGCA	2.584962500721156	9.556787680138532e-16	2.4375612301567915e-15	X0
AGCTATATCTGTGCAG	1.5849625007211565	1.3029679093280502e-12	2.316659782342441e-12	X0
ATTCATGAGCAGCTCA	-3.0	1.2704266677461526e-16	3.654652057899891e-16	X1
ATAAGTCGTTTACTTG	-3.807354922057604	3.224844447881771e-24	1.2189912012993095e-22	X1
AGCTACGTCTTACTCG	-1.736965594166206	6.26162256269268e-23	1.2075986370907311e-21	X1
ACGCCTTTCAAGCTTA	2.321928094887362	6.548999325035109e-12	1.0963338108340441e-11	X0
AGTAACACAGCAGGTA	3.169925001442312	1.3513812610243942e-10	2.0849882312947796e-10	X0
CAAACACTCAACCAAC	-0.2223924213364481	0.0008949651957434264	0.001047358650126982	X1
ACCAGGACACCTGTAA	-2.4594316186372973	9.556787680138532e-16	2.4375612301567915e-15	X1
AGCGTGCTCGCAACAT	0.0	1.0	1.0	unknown
CAAGACAAGCTCCTAC	2.807354922057604	9.556787680138532e-16	2.4375612301567915e-15	X0
ATTACGTCAAGGTGCA	-0.8073549220576042	6.289575008339427e-06	7.930151278026363e-06	X1
AGTGTGGCAAACTGTT	-3.0	1.2704266677461526e-16	3.654652057899891e-16	X1
ACCAGCTCAACTGGGA	1.584962500721156	0.0966739522478214	0.1077957343648274	unknown
ATCACTAAGCTGTACG	-3.584962500721156	6.26162256269268e-23	1.2075986370907311e-21	X1
ACCAATATCATTAGCA	0.24100809950379487	0.24205920680364573	0.2652126961500814	unknown
AGGTTGCGTTTAACGG	0.4150374992788439	0.30864970679462606	0.3354502276261318	unknown
CAACTAGGTCTTGCTG	-2.321928094887362	6.548999325035109e-12	1.0963338108340441e-11	X1
AGACTATGTGATCAGC	3.0	2.4127107519685975e-13	4.550921478264121e-13	X0
AGAATCGAGGGATTAG	-2.807354922057604	1.5316450877189923e-17	5.13264045352641e-17	X1
AGAGGATGTATGTGGC	-2.807354922057604	1.6042818341220015e-19	8.917919607325244e-19	X1
AATGGCGCATGAGTTT	2.0	1.2704266677461526e-16	3.654652057899891e-16	X0
AATCGCCCAATTGAGA	2.584962500721156	5.579544528625976e-10	8.309959936251453e-10	X0
AGGGCTACAAAGCTAA	-1.0	0.1356265120369177	0.15034258519048355	unknown
ATTCACTTCCTGGTCT	1.8073549220576042	1.5316450877189923e-17	5.13264045352641e-17	X0
ATAGCATGTTGTTGTC	-1.8073549220576042	4.1422259360400374e-14	8.5281122212589e-14	X1
CAACTAATCACGTTAA	-3.4594316186372973	1.5316450877189923e-17	5.13264045352641e-17	X1
ACACTAGGTTAGGCGT	3.0	1.5316450877189923e-17	5.13264045352641e-17	X0
AATTGGGAGCAGGTGG	-1.584962500721156	1.3513812610243942e-10	2.0849882312947796e-10	X1
AACATTGTCGAAGTAG	-3.9068905956085187	1.6610244897268262e-18	6.960834336105768e-18	X1
AATCATCCATAGTCAT	3.700439718141092	1.5316450877189923e-17	5.13264045352641e-17	X0
ACAACATGTAGGATCC	0.0	1.0	1.0	unknown
ATTCACTTCATAATCG	-4.807354922057604	3.224844447881771e-24	1.2189912012993095e-22	X1
AAAGGAGCACCTGGTG	-2.4594316186372973	1.6042818341220015e-19	8.917919607325244e-19	X1
AGCTACTAGGTCAAAG	-1.3219280948873622	7.952664236893068e-09	1.1225194479259074e-08	X1
AAATGCCTCTTGTTCG	3.807354922057604	1.363071866403019e-20	1.0779103880760276e-19	X0
ACCTCACTCCAAACAC	0.7655347463629769	6.564907761017925e-15	1.491307171673543e-14	X0
AGTAATGCAGGTTAAA	-3.169925001442312	3.0739033075239876e-11	4.936004461529598e-11	X1
ACAGCGCTCCTAATAG	-3.169925001442312	1.3029679093280502e-12	2.316659782342441e-12	X1
ACCAGGCTCCAGGAAA	-3.247927513443585	2.4127107519685975e-13	4.550921478264121e-13	X1
AGGCCCAGTGGTTAGC	-2.584962500721156	6.289575008339427e-06	7.930151278026363e-06	X1
ACGCCACAGTGAGGGT	-2.0	1.6610244897268262e-18	6.960834336105768e-18	X1
AGGCGGATCCTCATGC	-1.8073549220576042	1.6042818341220015e-19	8.917919607325244e-19	X1
AACGGTAAGCTTAGTA	4.087462841250339	9.556787680138532e-16	2.4375612301567915e-15	X0
ACAAACTGTGCCTCAC	2.807354922057604	1.5316450877189923e-17	5.13264045352641e-17	X0
AAACGCGCAGCCAGTT	-3.4594316186372973	1.5316450877189923e-17	5.13264045352641e-17	X1
ATGGTTATCATTATGG	-4.321928094887363	1.363071866403019e-20	1.0779103880760276e-19	X1
ATTTGTGAGTTATGGC	-3.4594316186372973	1.6610244897268262e-18	6.960834336105768e-18	X1
ACGCCTAAGGTGAGAC	-0.5849625007211561	0.06660530960360693	0.07457585020783003	unknown
ACAACACTCCTCCCTC	2.807354922057604	1.2704266677461526e-16	3.654652057899891e-16	X0
ACTATGTCATCTTGAG	-3.087462841250339	3.224844447881771e-24	1.2189912012993095e-22	X1
ATAACGACAATATGGA	-2.807354922057604	6.564907761017925e-15	1.491307171673543e-14	X1
AAAGGACGTTAGGATT	0.0	1.0	1.0	unknown
ATCAATCCAATGCGCT	2.807354922057604	4.1422259360400374e-14	8.5281122212589e-14	X0
AAAGGTTAGATGGAGC	2.321928094887362	9.050013106514627e-08	1.2191393279624123e-07	X0
ATCCAACAGTCCTTCA	-2.115477217419936	6.26162256269268e-23	1.2075986370907311e-21	X1
ATCCTTAGTTTCCACG	-3.321928094887362	1.6042818341220015e-19	8.917919607325244e-19	X1
ATGTTGTCACAGAACG	2.807354922057604	1.6042818341220015e-19	8.917919607325244e-19	X0
ATGCCTGAGTGCACGC	2.321928094887362	9.157161244117683e-05	0.00011101369308134972	X0
AAGCTTGGTTGTTGCT	-3.584962500721156	1.6042818341220015e-19	8.917919607325244e-19	X1
AGGTTTATCCTTGCAC	-2.807354922057604	2.4127107519685975e-13	4.550921478264121e-13	X1
ATATGCTCAGTCTAAT	-3.0	9.556787680138532e-16	2.4375612301567915e-15	X1
ATGGCTTAGTTCCTCA	3.169925001442312	1.363071866403019e-20	1.0779103880760276e-19	X0
ACCTAAGGTAACTACG	3.0	1.5316450877189923e-17	5.13264045352641e-17	X0
ACACAATGTTCCTCCT	-0.6280312226130418	6.548999325035109e-12	1.0963338108340441e-11	X1
AAAGCTTGTTAAATGC	-3.6438561897747244	6.26162256269268e-23	1.2075986370907311e-21	X1
ACAGCGCTCAATGTGC	2.584962500721156	1.6042818341220015e-19	8.917919607325244e-19	X0
ATCCTGACAGTTTCTC	-1.0	0.01048936783892586	0.011986037010622659	X1
ACTTAGGGTTAAGGTT	-3.321928094887362	1.6610244897268262e-18	6.960834336105768e-18	X1
ATACCTGCACTAAGTT	2.584962500721156	7.952664236893068e-09	1.1225194479259074e-08	X0
AATGGCGCACTAGGTC	4.087462841250339	1.3154334480650894e-25	1.2430846084215095e-23	X0
ACTGAATGTACTGAAT	-2.321928094887362	2.1686833167108188e-09	3.1432603286682878e-09	X1
ACTTATGAGGTAGCTT	-0.5849625007211561	0.9966814397420369	1.0	unknown
ACCTGGATCTACCTGC	2.321928094887362	5.579544528625976e-10	8.309959936251453e-10	X0
ATCAGGTTCCAGCACA	-2.169925001442312	6.564907761017925e-15	1.491307171673543e-14	X1
ATGAGCCGTTCGGTAA	1.584962500721156	2.756790387925026e-08	3.792091581643595e-08	X0
ATCCATAAGCACAGGG	-0.5849625007211561	0.8643734879630823	0.8961414658531133	unknown
AGCTTCCTCTACCTCA	-3.169925001442312	1.6610244897268262e-18	6.960834336105768e-18	X1
AACATAGCAGTTTGGC	0.362570079384708	0.017600100108852396	0.020014554275409765	X0
AACTCACAGTTAGTTG	-2.8073549220576046	9.556787680138532e-16	2.4375612301567915e-15	X1
ATCCTCATCATAACGC	2.807354922057604	3.0739033075239876e-11	4.936004461529598e-11	X0
CAAGTAACAATCCCTT	-2.0	6.289575008339427e-06	7.930151278026363e-06	X1
ACACTTGCACCTCAGG	-3.584962500721156	6.564907761017925e-15	1.491307171673543e-14	X1
AAACAGCCATGAGCAG	0.10691520391651199	0.5397946186935895	0.5750912228471726	unknown
ATAATGGCATCAATCG	2.807354922057604	2.4127107519685975e-13	4.550921478264121e-13	X0
AGAAAGGCACGTTACA	2.584962500721156	1.2704266677461526e-16	3.654652057899891e-16	X0
AACCTAATCAATTACG	-4.0	6.26162256269268e-23	1.2075986370907311e-21	X1
AGTCTTGCAGCTTAGC	2.0	6.564907761017925e-15	1.491307171673543e-14	X0
AACAAAGGTAGGTTAT	-1.7004397181410922	1.5316450877189923e-17	5.13264045352641e-17	X1
AGCATCCCAGCATTAT	-2.807354922057604	1.2704266677461526e-16	3.654652057899891e-16	X1
ACCAAGTTCTAAGGTC	-0.3219280948873622	0.9999999920473358	1.0	unknown
ATCCTTAGTCCGTAGG	-3.169925001442312	1.2704266677461526e-16	3.654652057899891e-16	X1
ACGCTTGAGGGCTTTG	2.321928094887362	3.0739033075239876e-11	4.936004461529598e-11	X0
AATCTTGAGTAGGATG	-2.584962500721156	2.4127107519685975e-13	4.550921478264121e-13	X1
AAACGTACACAATGTT	-3.807354922057604	6.26162256269268e-23	1.2075986370907311e-21	X1
AGTTGGCGTGTAATAC	2.169925001442312	4.1422259360400374e-14	8.5281122212589e-14	X0
ACCAAGCGTTCGCTCA	-2.321928094887362	6.548999325035109e-12	1.0963338108340441e-11	X1
AGACTATGTCCGGTTC	0.0	1.0	1.0	unknown
AAGCGTTTCTTACTCG	2.807354922057604	6.26162256269268e-23	1.2075986370907311e-21	X0
AAGACCAAGACTTACA	1.584962500721156	6.564907761017925e-15	1.491307171673543e-14	X0
CAAGCTAGTACGCGCA	3.169925001442312	1.2704266677461526e-16	3.654652057899891e-16	X0
AGTGATGAGTTCCCGT	-1.584962500721156	0.38217671720133345	0.41393352178253306	unknown
AGGTTTATCAATGTGC	-1.584962500721156	0.6178232827986665	0.653799554585375	unknown
AGTAACGAGTGTTGTA	2.584962500721156	1.3029679093280502e-12	2.316659782342441e-12	X0
AGTAACACAAGGATTA	1.3219280948873622	2.756790387925026e-08	3.792091581643595e-08	X0
AGCGCTCAGAATGACG	-2.584962500721156	1.6610244897268262e-18	6.960834336105768e-18	X1
ACGCACGGTGTGAGGA	-2.584962500721156	9.556787680138532e-16	2.4375612301567915e-15	X1
ATTAGGTGTCAAAGGG	-2.584962500721156	8.336813247250504e-07	1.0821824888257866e-06	X1
AGGATTGAGGATTTGC	-0.5849625007211561	0.7579407931963542	0.7905673836319589	unknown
AGCTAGTTCATTATGG	3.0	1.5316450877189923e-17	5.13264045352641e-17	X0
AATGCGCGTACAAAGA	-2.807354922057604	4.1422259360400374e-14	8.5281122212589e-14	X1
AGCTAAACAACCTAAT	1.3219280948873622	0.0008949651957434264	0.001047358650126982	X0
AGCACAGCACATGCTA	3.169925001442312	4.1422259360400374e-14	8.5281122212589e-14	X0
ATGGTTATCCTGTTCA	0.0	1.0	1.0	unknown
AGGCAATCACCTGTAA	-3.0	2.818141017102701e-07	3.7246758897371364e-07	X1
ATTGTGATCGGGACCT	-1.584962500721156	4.1422259360400374e-14	8.5281122212589e-14	X1
CAAGTATGTAATGACT	3.4594316186372973	1.5316450877189923e-17	5.13264045352641e-17	X0
AATCATCCAGCATGTC	-3.169925001442312	1.6610244897268262e-18	6.960834336105768e-18	X1
AGAAACCCACCTATAG	1.584962500721156	2.756790387925026e-08	3.792091581643595e-08	X0
AAGCAAGTCCACCTTA	-2.0	2.818141017102701e-07	3.7246758897371364e-07	X1
AGGTTTGGTTTGTTGC	3.584962500721156	1.6610244897268262e-18	6.960834336105768e-18	X0
AGCCGCTAGCATGGTT	-2.584962500721156	1.6042818341220015e-19	8.917919607325244e-19	X1
CAAAGGATCGGTTCCT	-3.321928094887362	6.564907761017925e-15	1.491307171673543e-14	X1
AACCGCTCATGTCAGC	2.807354922057604	6.548999325035109e-12	1.0963338108340441e-11	X0
AACCTAATCATAACTG	-4.247927513443585	1.0029797609618065e-21	1.215148556549881e-20	X1
AAGTTAGCAATGAATG	0.7004397181410922	6.289575008339427e-06	7.930151278026363e-06	X0
AAACAGCCATTAAGCT	3.9068905956085187	1.363071866403019e-20	1.0779103880760276e-19	X0
ATGCAGGCATAGGCGA	-2.9068905956085187	1.5316450877189923e-17	5.13264045352641e-17	X1
ACCAAACTCAATTACG	-2.807354922057604	4.1422259360400374e-14	8.5281122212589e-14	X1
AAGGAAGCAGGCGATA	-2.584962500721156	2.1686833167108188e-09	3.1432603286682878e-09	X1
ATGACGAAGTTTGCGG	-2.584962500721156	4.1422259360400374e-14	8.5281122212589e-14	X1
AACATAGCAATTGACT	-3.4594316186372973	1.0029797609618065e-21	1.215148556549881e-20	X1
ATGGTCTAGCTTGCTC	-2.807354922057604	4.1422259360400374e-14	8.5281122212589e-14	X1
ATTTGCGCAGGGAGCT	-2.321928094887362	3.224844447881771e-24	1.2189912012993095e-22	X1
AAATCCGGTGTTGCTT	-2.807354922057604	6.564907761017925e-15	1.491307171673543e-14	X1
ACATTAGTCCTTGTTG	-3.169925001442312	1.6042818341220015e-19	8.917919607325244e-19	X1
AACCTCACACCCACCT	3.807354922057604	1.5316450877189923e-17	5.13264045352641e-17	X0
ACCATTAAGCAATAGG	-3.0	1.6610244897268262e-18	6.960834336105768e-18	X1
AGCAATACAAGCTTTG	-3.0	1.6610244897268262e-18	6.960834336105768e-18	X1
AGCCTAAGTGAGGTGA	-1.584962500721156	2.4127107519685975e-13	4.550921478264121e-13	X1
AGGAGCTAGTAAGTCC	-2.584962500721156	6.564907761017925e-15	1.491307171673543e-14	X1
AGGTACGCACGTAATT	-2.321928094887362	5.579544528625976e-10	8.309959936251453e-10	X1
AAGCCTGTCCCTGTTA	-2.807354922057604	6.564907761017925e-15	1.491307171673543e-14	X1
ACTTAGGGTTTGTTGC	-2.0	0.0008949651957434264	0.001047358650126982	X1
AAGGTCAAGCTAATTG	-2.321928094887362	1.6042818341220015e-19	8.917919607325244e-19	X1
AGCGGATAGCAAGATG	-3.4594316186372973	3.224844447881771e-24	1.2189912012993095e-22	X1
AGCAAGGGTAATAGCT	0.7369655941662061	0.0004368599184561862	0.0005163635058675371	X0
AACAGATAGCAAACCT	1.7004397181410922	1.2704266677461526e-16	3.654652057899891e-16	X0
CAAGACAAGAAGCTAG	-3.169925001442312	1.6042818341220015e-19	8.917919607325244e-19	X1
AACAGATAGCACAGGG	-3.321928094887362	1.3513812610243942e-10	2.0849882312947796e-10	X1
ATCGAGGCAAGTGAAC	-2.0	0.0008949651957434264	0.001047358650126982	X1
ATCGGCCAGTTAGTTG	2.321928094887362	0.0004368599184561862	0.0005163635058675371	X0
AATGGCGCATGGCCCA	-2.807354922057604	1.5316450877189923e-17	5.13264045352641e-17	X1
AGCAATACATGGTTAT	3.0	9.556787680138532e-16	2.4375612301567915e-15	X0
CAAACAACAATTTGGT	-2.0	0.0004368599184561862	0.0005163635058675371	X1
ACGCTTGAGGCGCTTA	-1.584962500721156	4.1422259360400374e-14	8.5281122212589e-14	X1
ATCCATAAGTTTGCGG	3.700439718141092	1.5316450877189923e-17	5.13264045352641e-17	X0
AGAACCAAGGACTTAC	1.584962500721156	0.8158991913366521	0.8477457238187315	unknown
AGAACCGCATAAAGCA	-1.8073549220576042	1.2704266677461526e-16	3.654652057899891e-16	X1
AATTCGTCACCCTCAC	2.584962500721156	3.0739033075239876e-11	4.936004461529598e-11	X0
ACACAATGTTGGGTTA	-4.321928094887363	9.556787680138532e-16	2.4375612301567915e-15	X1
AGATGAAGTTAAGCCA	2.9068905956085187	1.363071866403019e-20	1.0779103880760276e-19	X0
ATGCAAACAATAACGA	3.0	5.579544528625976e-10	8.309959936251453e-10	X0
ACGTACCCAGCTAATT	-1.3219280948873622	2.4127107519685975e-13	4.550921478264121e-13	X1
AATGCAACATAATGTC	-3.169925001442312	1.6610244897268262e-18	6.960834336105768e-18	X1
CAAACAACACAGAACG	-3.700439718141092	1.5316450877189923e-17	5.13264045352641e-17	X1
AGTAGGATCGAGGAAC	4.169925001442312	1.6042818341220015e-19	8.917919607325244e-19	X0
ACGGTTTAGGCCATCA	-3.0	1.5316450877189923e-17	5.13264045352641e-17	X1
AATCATCCATCAGCAC	3.169925001442312	4.1422259360400374e-14	8.5281122212589e-14	X0
ATCACACAGGCTAAGA	-2.584962500721156	4.1422259360400374e-14	8.5281122212589e-14	X1
ATCCTTAGTCCTTCAG	-2.807354922057604	9.556787680138532e-16	2.4375612301567915e-15	X1
ACCCTGTTCTTAGTCT	-1.584962500721156	1.3029679093280502e-12	2.316659782342441e-12	X1
ACTTAGTCACAAAGAC	-2.321928094887362	1.6610244897268262e-18	6.960834336105768e-18	X1
AGGTTAACACCTATAG	-3.807354922057604	1.6610244897268262e-18	6.960834336105768e-18	X1
AACGCCCAGTTACCGG	-1.584962500721156	6.548999325035109e-12	1.0963338108340441e-11	X1
AGTAAGTAGTCACTCC	-1.584962500721156	0.6913502932053739	0.7271296906834483	unknown
ACAACATGTTTAAAGC	-3.584962500721156	9.556787680138532e-16	2.4375612301567915e-15	X1
AAGGATCCATAAGTCT	2.584962500721156	6.548999325035109e-12	1.0963338108340441e-11	X0
ATGAATGCATAATGAG	2.700439718141092	1.6042818341220015e-19	8.917919607325244e-19	X0
ACTAATCCACAATGCC	-3.169925001442312	6.564907761017925e-15	1.491307171673543e-14	X1
AAAGCCCGTGCTTAGA	-2.584962500721156	5.579544528625976e-10	8.309959936251453e-10	X1
ATAACGACAGCCTGCA	-3.700439718141092	6.26162256269268e-23	1.2075986370907311e-21	X1
AACATCATCATTTAGG	-1.263034405833794	6.548999325035109e-12	1.0963338108340441e-11	X1
AGGTTTATCTAAGTCA	-4.169925001442312	1.6042818341220015e-19	8.917919607325244e-19	X1
AGTCCTGAGTCATGCG	-4.321928094887363	1.3154334480650894e-25	1.2430846084215095e-23	X1
ACTAACTCACAGGATG	2.321928094887362	2.818141017102701e-07	3.7246758897371364e-07	X0
AAAGGTTAGGAGTCGG	-2.807354922057604	2.4127107519685975e-13	4.550921478264121e-13	X1
AGACACGCAGCATGAG	-3.584962500721156	1.5316450877189923e-17	5.13264045352641e-17	X1
ATCTTTGGTTTACCGT	-3.321928094887362	1.6610244897268262e-18	6.960834336105768e-18	X1
CAAACACTCTATCGCC	-2.0	1.363071866403019e-20	1.0779103880760276e-19	X1
ATGGTCTAGGCTTAGT	0.2630344058337939	0.06660530960360693	0.07457585020783003	unknown
ATGACAACATCGCTTT	-2.321928094887362	2.1686833167108188e-09	3.1432603286682878e-09	X1
CAAACATGTCGTTATC	3.4594316186372973	1.6042818341220015e-19	8.917919607325244e-19	X0
AACTGTTCATAATGAG	-1.415037499278844	2.756790387925026e-08	3.792091581643595e-08	X1
AGCTAGTTCGGTTAGT	-3.584962500721156	1.6042818341220015e-19	8.917919607325244e-19	X1
AGCGCCTAGCACTAGT	3.169925001442312	1.3029679093280502e-12	2.316659782342441e-12	X0
AATCTCAAGTCAGTAC	-2.807354922057604	9.556787680138532e-16	2.4375612301567915e-15	X1
AGCGGATAGGTCTTGG	3.807354922057604	1.363071866403019e-20	1.0779103880760276e-19	X0
ATTTAGCCAATTATGC	-3.4594316186372973	6.564907761017925e-15	1.491307171673543e-14	X1
ACCGGTTCATTGTGGC	-3.523561956057013	6.26162256269268e-23	1.2075986370907311e-21	X1
AATTACCCACGAATTT	-2.584962500721156	0.003318560257963064	0.00382443834606719	X1
ACATTAGTCGGTTCCT	3.0	1.6610244897268262e-18	6.960834336105768e-18	X0
AGGAGCTAGTTCCTCA	3.9068905956085187	1.5316450877189923e-17	5.13264045352641e-17	X0
ACTTATCTCTGTGAGT	4.321928094887363	1.2704266677461526e-16	3.654652057899891e-16	X0
ACACGGACAAAGCTCC	0.8073549220576042	0.18410080866334788	0.20300497571396003	unknown
AGAGAAGCACTAGGTC	2.0	0.003318560257963064	0.00382443834606719	X0
ACCTACCTCTTGTTCG	3.0	3.0739033075239876e-11	4.936004461529598e-11	X0
ACGTTACAGTCAGGCC	-0.3219280948873622	0.003318560257963064	0.00382443834606719	X1
ATGCATTCACAACAGG	-3.169925001442312	6.564907761017925e-15	1.491307171673543e-14	X1
AGTTGCGTCGGTACGC	2.584962500721156	4.1422259360400374e-14	8.5281122212589e-14	X0
ACCAAACTCGTTACTT	1.115477217419936	2.4127107519685975e-13	4.550921478264121e-13	X0
ATGTAACGTTTACCGT	3.584962500721156	3.224844447881771e-24	1.2189912012993095e-22	X0
ATGAAGTAGTTGTCCC	2.584962500721156	9.556787680138532e-16	2.4375612301567915e-15	X0
ACGTACCCACCTGTAA	-3.247927513443585	1.6042818341220015e-19	8.917919607325244e-19	X1
AATTAGGCACATAACT	-3.247927513443585	1.5316450877189923e-17	5.13264045352641e-17	X1
AAGTCTATCTGTTGCC	-2.321928094887362	5.579544528625976e-10	8.309959936251453e-10	X1
ATGGTCTAGCGGTTAT	-2.807354922057604	1.3029679093280502e-12	2.316659782342441e-12	X1
ATCCAACAGCCTTAAA	-2.9068905956085187	1.3154334480650894e-25	1.2430846084215095e-23	X1
ACCGCAATCCGGGACT	3.169925001442312	9.556787680138532e-16	2.4375612301567915e-15	X0
AGGCAATCAAGTAAGC	2.807354922057604	9.556787680138532e-16	2.4375612301567915e-15	X0
AAAGCTTGTGCAACTA	1.584962500721156	0.5397946186935895	0.5750912228471726	unknown
CAAGGTTTCCTAAGTA	-2.321928094887362	2.818141017102701e-07	3.7246758897371364e-07	X1
AGGTCTTAGGCATGAA	1.584962500721156	4.1422259360400374e-14	8.5281122212589e-14	X0
AACCTCACATAGCGAG	2.807354922057604	1.2704266677461526e-16	3.654652057899891e-16	X0
AGGTACGCATAATTGC	-0.7369655941662061	0.0060164878626817395	0.0068957926382465055	X1
ACCGGTTCAAACTGCC	-2.584962500721156	1.6042818341220015e-19	8.917919607325244e-19	X1
AATTTCCTCAAGTGAG	-3.584962500721156	1.6042818341220015e-19	8.917919607325244e-19	X1
AAGACAAGTTTAGCGA	2.807354922057604	1.363071866403019e-20	1.0779103880760276e-19	X0
AGACAATAGTATCGCG	-3.4594316186372973	6.26162256269268e-23	1.2075986370907311e-21	X1
AGTTGTCAGGATGATG	-3.169925001442312	1.6610244897268262e-18	6.960834336105768e-18	X1
ACTTAGGGTTACAAAC	-1.3219280948873622	2.4127107519685975e-13	4.550921478264121e-13	X1
AAACCAACAATCATGT	4.247927513443585	1.6042818341220015e-19	8.917919607325244e-19	X0
AGTTACATCTCAATGA	-2.584962500721156	1.3029679093280502e-12	2.316659782342441e-12	X1
ACTGAAACATTCCTGT	-2.584962500721156	8.336813247250504e-07	1.0821824888257866e-06	X1
AGATGCTTCGATTTGA	-1.584962500721156	7.952664236893068e-09	1.1225194479259074e-08	X1
ATATGTCCAGCTCATA	-2.584962500721156	6.564907761017925e-15	1.491307171673543e-14	X1
AGAAAGGCATTGTGCA	-0.362570079384708	0.18410080866334788	0.20300497571396003	unknown
ACATCAATCCTTAATC	2.321928094887362	9.556787680138532e-16	2.4375612301567915e-15	X0
AATGTCATCGTTACTT	-1.584962500721156	2.818141017102701e-07	3.7246758897371364e-07	X1
CAAACATGTGAGCAAG	-2.584962500721156	1.3029679093280502e-12	2.316659782342441e-12	X1
AGTTGTCAGCATGACT	-3.321928094887362	6.564907761017925e-15	1.491307171673543e-14	X1
AAACGGATCGAAGTAG	-1.584962500721156	0.7579407931963542	0.7905673836319589	unknown
AAAGCACCATCCTGAA	1.3219280948873622	9.050013106514627e-08	1.2191393279624123e-07	X0
ATCGCCCGTTTGTTGC	-1.415037499278844	2.756790387925026e-08	3.792091581643595e-08	X1
AGGATTGAGGCTGTGC	-2.321928094887362	2.818141017102701e-07	3.7246758897371364e-07	X1
AAAGGAGCAAGATTCT	-1.584962500721156	0.8643734879630823	0.8961414658531133	unknown
AGGCAGGTCACAGCGC	-2.321928094887362	5.579544528625976e-10	8.309959936251453e-10	X1
AGGAACCAGGACCTTG	3.584962500721156	1.6042818341220015e-19	8.917919607325244e-19	X0
ATCAGGTTCCCATAGG	1.222392421336448	6.564907761017925e-15	1.491307171673543e-14	X0
ATTGCTCGTGTTGTGA	-3.0	1.6610244897268262e-18	6.960834336105768e-18	X1
ATTCCGGAGCTAAGTC	-3.321928094887362	1.6610244897268262e-18	6.960834336105768e-18	X1
ACTAACTCAGGCCTTG	-2.807354922057604	6.548999325035109e-12	1.0963338108340441e-11	X1
AACTAGTGTTACGCGG	-3.0	6.548999325035109e-12	1.0963338108340441e-11	X1
CAAGGCTGTGGCTTCC	3.9068905956085187	1.363071866403019e-20	1.0779103880760276e-19	X0
ACAACATGTCGTTACT	0.0	1.0	1.0	unknown
AGAATCTGTTCGCTTG	-1.3219280948873622	9.050013106514627e-08	1.2191393279624123e-07	X1
ACACTTGCAGCTAATT	-2.321928094887362	2.346206306321115e-06	3.0042885629721596e-06	X1
AAGCGCTGTATTGCAG	-1.584962500721156	1.3513812610243942e-10	2.0849882312947796e-10	X1
AACGCCCAGCTTATGA	-1.584962500721156	0.38217671720133345	0.41393352178253306	unknown
AAAGCAAGTTACTAGG	-2.584962500721156	1.0029797609618065e-21	1.215148556549881e-20	X1
AACAGGATCACGAATC	2.0	0.003318560257963064	0.00382443834606719	X0
CAAACTGGTTTATCTG	-2.321928094887362	2.756790387925026e-08	3.792091581643595e-08	X1
AGGACGTAGACTAAGG	-0.53051471669878	0.0004368599184561862	0.0005163635058675371	X1
AGCATTTCAAACTGTT	-2.0	3.925069822796835e-05	4.8328221270918684e-05	X1
ACGAGTAAGTTATCCT	-3.0	1.6042818341220015e-19	8.917919607325244e-19	X1
ATTGCGCCAGTCTAGC	3.0	6.564907761017925e-15	1.491307171673543e-14	X0
ACGGTTAGTCCCGGAA	-2.0	0.0060164878626817395	0.0068957926382465055	X1
AGGGTTGCAGGGAGCT	-2.807354922057604	2.1686833167108188e-09	3.1432603286682878e-09	X1
ACGGTTAGTAGTTGGC	-0.2630344058337939	0.028443966820490392	0.03215257014995624	X1
ACGAATCTCGGGACTC	-2.807354922057604	1.6610244897268262e-18	6.960834336105768e-18	X1
ACCTAAATCCTCATGC	3.0	9.556787680138532e-16	2.4375612301567915e-15	X0
AGAAAGGCAAGATTCT	-1.584962500721156	0.6178232827986665	0.653799554585375	unknown
ACGCCTAAGGCAGGTG	-2.807354922057604	1.3513812610243942e-10	2.0849882312947796e-10	X1
ACGCCTTTCGTGCTAG	-2.584962500721156	2.4127107519685975e-13	4.550921478264121e-13	X1
AGCAGGTAGTAGGCGG	2.0	0.06660530960360693	0.07457585020783003	unknown
AGTAGCTTCAAGTGAG	-4.0	1.363071866403019e-20	1.0779103880760276e-19	X1
ACCTTGCTCAGGAAGC	-2.321928094887362	9.157161244117683e-05	0.00011101369308134972	X1
ACGTCCAAGTGTGATC	-1.0	2.756790387925026e-08	3.792091581643595e-08	X1
ATGCGATTCAAGCGCC	-3.247927513443585	1.363071866403019e-20	1.0779103880760276e-19	X1
ATCACTAAGGGCTAAA	-2.584962500721156	2.4127107519685975e-13	4.550921478264121e-13	X1
AATAACCGTAGCCATA	-3.4594316186372973	1.2704266677461526e-16	3.654652057899891e-16	X1
CAAACTGGTTTGCAGA	-2.807354922057604	4.1422259360400374e-14	8.5281122212589e-14	X1
ACCAGGCTCCAGGGAG	2.321928094887362	2.1686833167108188e-09	3.1432603286682878e-09	X0
AGTGCACGTACTTAGG	-1.0	2.756790387925026e-08	3.792091581643595e-08	X1
AGCTAACTCTTGCATT	-4.0	3.224844447881771e-24	1.2189912012993095e-22	X1
AGGTGAGGTAGCCTCC	-2.0	3.925069822796835e-05	4.8328221270918684e-05	X1
AAGGTGCAGTCAATTG	-3.584962500721156	1.6042818341220015e-19	8.917919607325244e-19	X1
ACCACATAGGAGGTTA	-2.321928094887362	1.3029679093280502e-12	2.316659782342441e-12	X1
AACATTGTCAATGAGG	-2.807354922057604	1.6042818341220015e-19	8.917919607325244e-19	X1
AACGACAAGAGGCTAA	-3.807354922057604	1.5316450877189923e-17	5.13264045352641e-17	X1
ACCAGGACATCTTGAG	-2.807354922057604	9.556787680138532e-16	2.4375612301567915e-15	X1
ATGCGATTCTATTGTC	-3.321928094887362	1.363071866403019e-20	1.0779103880760276e-19	X1
ATCACTAAGGTCAAAG	0.5849625007211561	0.017600100108852396	0.020014554275409765	X0
AATTTCCTCCTTCTAG	-3.4594316186372973	1.6610244897268262e-18	6.960834336105768e-18	X1
ACCCGGTAGTGAACGA	-3.584962500721156	1.6042818341220015e-19	8.917919607325244e-19	X1
AGCGGATAGTAAGTCC	-1.415037499278844	6.548999325035109e-12	1.0963338108340441e-11	X1
CAACCGGGTCCTCCAA	2.584962500721156	4.1422259360400374e-14	8.5281122212589e-14	X0
AGGCAATCATAATTGC	-2.700439718141092	1.0029797609618065e-21	1.215148556549881e-20	X1
AGGTGAGGTATTGGAT	0.19264507794239583	0.18410080866334788	0.20300497571396003	unknown
AGGTATTGTAATGGCC	-4.087462841250339	1.0029797609618065e-21	1.215148556549881e-20	X1
AGTCAATGTTTACTTG	-2.169925001442312	1.363071866403019e-20	1.0779103880760276e-19	X1
ATCGAGGCAGGCGAGT	-3.584962500721156	1.6042818341220015e-19	8.917919607325244e-19	X1
AAGTTTGTCCTAAGGT	-1.584962500721156	6.564907761017925e-15	1.491307171673543e-14	X1
AACGCCCAGGAAGTAT	-3.9068905956085187	1.6042818341220015e-19	8.917919607325244e-19	X1
ACACTTGCAGCAAGAT	-1.0	3.0739033075239876e-11	4.936004461529598e-11	X1
ATTGACTCACCTACGG	-3.321928094887362	1.363071866403019e-20	1.0779103880760276e-19	X1
ATGATGACACTTGTTC	3.169925001442312	3.224844447881771e-24	1.2189912012993095e-22	X0
ACCCGGTAGGCCATCA	2.807354922057604	1.6610244897268262e-18	6.960834336105768e-18	X0
ATTGACTCATTGTGCA	-3.4594316186372973	1.0029797609618065e-21	1.215148556549881e-20	X1
AATTAGGCAGTTTGTG	-2.321928094887362	2.4127107519685975e-13	4.550921478264121e-13	X1
AGTGCGGAGCGCCTTT	0.8073549220576042	3.925069822796835e-05	4.8328221270918684e-05	X0
ATTCACTTCCGCAACA	2.4594316186372973	2.4127107519685975e-13	4.550921478264121e-13	X0
AAATGCCTCACAGACT	-1.263034405833794	1.2704266677461526e-16	3.654652057899891e-16	X1
ACTTATGAGAGAGGAG	1.222392421336448	9.556787680138532e-16	2.4375612301567915e-15	X0
ATGCTTAAGGACTTAC	-2.321928094887362	9.556787680138532e-16	2.4375612301567915e-15	X1
ATGCCTGAGTTTCCTG	3.700439718141092	1.3154334480650894e-25	1.2430846084215095e-23	X0
AATAGAGGTATTGGAT	2.700439718141092	1.2704266677461526e-16	3.654652057899891e-16	X0
ACAACAACATATAACC	-4.392317422778761	1.363071866403019e-20	1.0779103880760276e-19	X1
AACTAGTGTCACTCGC	-2.321928094887362	6.548999325035109e-12	1.0963338108340441e-11	X1
AAAGGAGCAGTAGGTG	-4.247927513443585	6.26162256269268e-23	1.2075986370907311e-21	X1
AACCTTAAGTTTCCTG	2.584962500721156	1.5316450877189923e-17	5.13264045352641e-17	X0
CAAACCGTCCGTTATT	-3.584962500721156	1.5316450877189923e-17	5.13264045352641e-17	X1
CAAGAACCATTAAACC	-3.169925001442312	2.4127107519685975e-13	4.550921478264121e-13	X1
ATCCTCATCGGTTAGT	-3.4594316186372973	6.564907761017925e-15	1.491307171673543e-14	X1
ACCCGTAAGCGAAGTA	2.169925001442312	2.4127107519685975e-13	4.550921478264121e-13	X0
ATATAGGCAGGAAGCC	-2.321928094887362	1.3513812610243942e-10	2.0849882312947796e-10	X1
ATCGAGGCATCGTTCT	-2.169925001442312	2.4127107519685975e-13	4.550921478264121e-13	X1
AAGCTAGAGTTAACCA	1.3219280948873622	0.0060164878626817395	0.0068957926382465055	X0
AGATGAAGTTGGGTTA	-3.4594316186372973	1.6042818341220015e-19	8.917919607325244e-19	X1
AGGACTAAGGCGAAAC	2.584962500721156	6.548999325035109e-12	1.0963338108340441e-11	X0
AACAGGATCCTTCGTA	-3.169925001442312	6.564907761017925e-15	1.491307171673543e-14	X1
CAAAGCGCATCCTAGA	0.0	1.0	1.0	unknown
AGTAATGCAAGACTCC	-2.584962500721156	1.363071866403019e-20	1.0779103880760276e-19	X1
AGAATCGAGGTGCGGA	3.0	1.3029679093280502e-12	2.316659782342441e-12	X0
AAGTTTGTCCTCATGC	-2.321928094887362	9.050013106514627e-08	1.2191393279624123e-07	X1
ATCTTTGGTCACAGAC	-3.321928094887362	1.6042818341220015e-19	8.917919607325244e-19	X1
ATGGCCGGTCTATCGT	-3.321928094887362	1.6610244897268262e-18	6.960834336105768e-18	X1
ATCACTAAGGCTACAT	-2.807354922057604	1.2704266677461526e-16	3.654652057899891e-16	X1
AGCTGCTCAGGTCCTG	-3.169925001442312	9.556787680138532e-16	2.4375612301567915e-15	X1
AGCAATTGTTCAAGCA	2.807354922057604	6.548999325035109e-12	1.0963338108340441e-11	X0
ACTCACTGTACCTTAC	-3.584962500721156	6.564907761017925e-15	1.491307171673543e-14	X1
ACGAAGTCAACAACAA	-2.584962500721156	1.3513812610243942e-10	2.0849882312947796e-10	X1
ATTGGTTCATTGTGTG	3.321928094887362	1.6610244897268262e-18	6.960834336105768e-18	X0
ACTAACTCAGGCCATT	-3.321928094887362	1.6042818341220015e-19	8.917919607325244e-19	X1
ATTGACTCATAATCGT	-2.584962500721156	9.556787680138532e-16	2.4375612301567915e-15	X1
ATTTAGCCATTATGGT	4.0	3.224844447881771e-24	1.2189912012993095e-22	X0
ACGGTTAGTCCTTCAG	1.584962500721156	0.6178232827986665	0.653799554585375	unknown
CAAGGTAAGTCGCAAT	4.0	1.363071866403019e-20	1.0779103880760276e-19	X0
ACGCACGGTCCTTCTC	2.321928094887362	5.579544528625976e-10	8.309959936251453e-10	X0
ACGACAAAGAGGATAT	1.0	2.756790387925026e-08	3.792091581643595e-08	X0
AACATCATCGAGGAGT	-3.0	2.4127107519685975e-13	4.550921478264121e-13	X1
AGAATCTGTTTAGCTC	-2.9068905956085187	6.26162256269268e-23	1.2075986370907311e-21	X1
ACTCCTCAGTTTGCGG	1.0	2.818141017102701e-07	3.7246758897371364e-07	X0
CAAACAACATAGCTTG	-2.321928094887362	1.6080007647833168e-05	1.9994220035792557e-05	X1
AGAATCTGTTGGCCGA	-4.0	1.6610244897268262e-18	6.960834336105768e-18	X1
AGAACCGCAAAGCCTC	-2.807354922057604	2.4127107519685975e-13	4.550921478264121e-13	X1
AAGCGGGTCTTGGATA	3.584962500721156	6.26162256269268e-23	1.2075986370907311e-21	X0
ATCCATAAGGTACCGC	-3.0	1.0029797609618065e-21	1.215148556549881e-20	X1
AAAGCACCAACGTGCT	-2.807354922057604	3.0739033075239876e-11	4.936004461529598e-11	X1
ACTTTGTTCGGTTTGG	-1.584962500721156	9.050013106514627e-08	1.2191393279624123e-07	X1
AGCTACGTCTTGCAGG	-3.584962500721156	6.26162256269268e-23	1.2075986370907311e-21	X1
ATACCTGCAGCACGTT	4.0	1.0029797609618065e-21	1.215148556549881e-20	X0
ACCATAATCAGTTCCC	2.807354922057604	2.4127107519685975e-13	4.550921478264121e-13	X0
ACACTTGCAGTTTCTC	-1.584962500721156	2.1686833167108188e-09	3.1432603286682878e-09	X1
ATTTGCGCATTCCTCG	4.857980995127572	1.6042818341220015e-19	8.917919607325244e-19	X0
ACGAGTAAGACAAACG	-2.321928094887362	2.818141017102701e-07	3.7246758897371364e-07	X1
AGGTTACTCTTAATGG	-1.584962500721156	0.8158991913366521	0.8477457238187315	unknown
ATTTAGGTCCCATAGG	2.321928094887362	9.050013106514627e-08	1.2191393279624123e-07	X0
AGGTTGCGTAAGTCGC	-2.0	0.028443966820490392	0.03215257014995624	X1
AATCGCCCACCTCAGG	-3.321928094887362	1.2704266677461526e-16	3.654652057899891e-16	X1
AACTACTCATGAAGTA	1.584962500721156	0.6178232827986665	0.653799554585375	unknown
AAGACCAAGTACCGCA	-2.0	0.0966739522478214	0.1077957343648274	unknown
AGTCCTTGTAACCAGC	-3.807354922057604	6.564907761017925e-15	1.491307171673543e-14	X1
AAGCCTCCAATAGCCC	2.321928094887362	9.050013106514627e-08	1.2191393279624123e-07	X0
ACGAACAAGACCATAC	-2.807354922057604	6.548999325035109e-12	1.0963338108340441e-11	X1
ACTTATGAGGGTGAAC	3.321928094887362	1.2704266677461526e-16	3.654652057899891e-16	X0
AGAGATTAGCTCCTTA	-3.584962500721156	1.5316450877189923e-17	5.13264045352641e-17	X1
AATCTTGAGTAGAGGC	-1.584962500721156	8.336813247250504e-07	1.0821824888257866e-06	X1
AGCCTCCGTCATAGAT	-0.5849625007211561	0.18410080866334788	0.20300497571396003	unknown
ATATGCTCACTCAACA	2.807354922057604	1.363071866403019e-20	1.0779103880760276e-19	X0
AAGCCTTAGTCAATTG	-2.584962500721156	4.1422259360400374e-14	8.5281122212589e-14	X1
CAAGAACCACCTAATG	-2.0	0.0004368599184561862	0.0005163635058675371	X1
ACTTAGGGTTCCTCCT	1.584962500721156	0.9333946903963931	0.961371098010454	unknown
ATTTAGCCATAGCAGG	-4.0	1.0029797609618065e-21	1.215148556549881e-20	X1
AACAAGCCAGGTTACC	2.321928094887362	7.952664236893068e-09	1.1225194479259074e-08	X0
ATCTATGAGCCTGAGC	-2.115477217419936	1.0029797609618065e-21	1.215148556549881e-20	X1
ATTGACTCAGCATGTC	-2.4594316186372973	1.363071866403019e-20	1.0779103880760276e-19	X1
ATTGTCCGTTAGGTGC	2.169925001442312	6.564907761017925e-15	1.491307171673543e-14	X0
AAGGATTAGAGGAGGA	-4.247927513443585	1.0029797609618065e-21	1.215148556549881e-20	X1
ACACTAATCTCCTCTT	-3.584962500721156	1.6042818341220015e-19	8.917919607325244e-19	X1
AGTTATGTCAACAAGG	1.584962500721156	9.556787680138532e-16	2.4375612301567915e-15	X0
AATCATCCAGTAGGTG	-3.584962500721156	1.6610244897268262e-18	6.960834336105768e-18	X1
AAGACATAGGCGTAAA	-4.087462841250339	1.6610244897268262e-18	6.960834336105768e-18	X1
ATCTATGAGTGCTGTG	-2.321928094887362	1.2704266677461526e-16	3.654652057899891e-16	X1
ACAACATGTAATAGCT	-2.807354922057604	3.0739033075239876e-11	4.936004461529598e-11	X1
ACCAAACTCTTGCAGG	-0.7369655941662061	1.6080007647833168e-05	1.9994220035792557e-05	X1
AGTAATGCAAGGTGCA	1.3219280948873626	3.0739033075239876e-11	4.936004461529598e-11	X0
AATTGCTCAAAGCTAA	-3.584962500721156	1.3029679093280502e-12	2.316659782342441e-12	X1
ACGTTACAGGGCTTAT	-3.807354922057604	1.3154334480650894e-25	1.2430846084215095e-23	X1
AGCACTTAGTTTGGGT	4.087462841250339	1.363071866403019e-20	1.0779103880760276e-19	X0
ACGTCCTTCTTTGAGA	-2.807354922057604	3.0739033075239876e-11	4.936004461529598e-11	X1
ATGCATTCATCACTTC	-4.392317422778761	3.224844447881771e-24	1.2189912012993095e-22	X1
ACATCAATCCTCCTAA	-4.459431618637297	3.224844447881771e-24	1.2189912012993095e-22	X1
AACGACAAGCATTAGC	-2.807354922057604	2.1686833167108188e-09	3.1432603286682878e-09	X1
ACGAATCTCGTACCGA	0.514573172829758	0.7579407931963542	0.7905673836319589	unknown
AAGTTTGTCACGCATG	-2.807354922057604	4.1422259360400374e-14	8.5281122212589e-14	X1
AGAAAGGCAATAACGA	-3.321928094887362	1.2704266677461526e-16	3.654652057899891e-16	X1
AGTGCGGAGTGGCGGA	2.807354922057604	1.0029797609618065e-21	1.215148556549881e-20	X0
ATCACTAAGCATCCAG	2.807354922057604	3.0739033075239876e-11	4.936004461529598e-11	X0
AAACGGATCCTCGATC	2.0	2.346206306321115e-06	3.0042885629721596e-06	X0
AGTAAGTAGTACCGCA	-1.584962500721156	0.8158991913366521	0.8477457238187315	unknown
AAGCGAGGTTTGGGTA	-2.807354922057604	4.1422259360400374e-14	8.5281122212589e-14	X1
AGTGATGAGTCTTGAA	-3.584962500721156	1.0029797609618065e-21	1.215148556549881e-20	X1
ATCGGCCAGCCTGACA	-3.169925001442312	2.4127107519685975e-13	4.550921478264121e-13	X1
CAACCCGCATTGTCAG	-2.321928094887362	7.952664236893068e-09	1.1225194479259074e-08	X1
ATCCTCATCCCTGGTT	-3.169925001442312	1.2704266677461526e-16	3.654652057899891e-16	X1
ATCACACAGCTCAATA	-1.584962500721156	6.548999325035109e-12	1.0963338108340441e-11	X1
AGCTAGTTCCCAGTAG	-2.321928094887362	6.548999325035109e-12	1.0963338108340441e-11	X1
ACTTTGTTCCGTGACA	-3.0	1.6610244897268262e-18	6.960834336105768e-18	X1
AGAATCTGTGAGGTGA	3.584962500721156	1.0029797609618065e-21	1.215148556549881e-20	X0
ACTCAGTAGCTTTGGG	-3.0	1.6610244897268262e-18	6.960834336105768e-18	X1
CAAACATGTCGTAAAT	3.584962500721156	1.363071866403019e-20	1.0779103880760276e-19	X0
ATCCGTGAGCTAAAGG	-3.321928094887362	1.6610244897268262e-18	6.960834336105768e-18	X1
ACTGAAACACAGGATG	-1.8073549220576042	2.4127107519685975e-13	4.550921478264121e-13	X1
ATGACAACAGAACCGA	2.0	9.050013106514627e-08	1.2191393279624123e-07	X0
AGGTTTATCCAGGTTG	-3.0	1.5316450877189923e-17	5.13264045352641e-17	X1
ATCGAGGCACAGACTC	2.0	2.818141017102701e-07	3.7246758897371364e-07	X0
ATGAAGTAGAAAGCAT	3.321928094887362	9.556787680138532e-16	2.4375612301567915e-15	X0
AAGCCTTAGGAACACA	0.3219280948873622	0.9939835121373183	1.0	unknown
ATGTAAGCAGCCGCTA	3.321928094887362	1.2704266677461526e-16	3.654652057899891e-16	X0
AGCAATTGTAATCGCA	1.0	0.7579407931963542	0.7905673836319589	unknown
ACTCCTCAGCGGATAA	-2.321928094887362	7.952664236893068e-09	1.1225194479259074e-08	X1
CAAATCATCCACCCTG	-3.0	2.4127107519685975e-13	4.550921478264121e-13	X1
AGTCCTGAGGTCTTGG	-3.169925001442312	1.5316450877189923e-17	5.13264045352641e-17	X1
ATGACGAAGCTATTAG	-1.3219280948873622	1.3029679093280502e-12	2.316659782342441e-12	X1
ATTCCTAGTCATTAGG	-2.807354922057604	1.6610244897268262e-18	6.960834336105768e-18	X1
AATGTCCAGCCGCAGT	1.584962500721156	3.0739033075239876e-11	4.936004461529598e-11	X0
AATCGCCCAATGAGGT	4.0	1.6610244897268262e-18	6.960834336105768e-18	X0
CAACTAGGTATTGGAT	2.584962500721156	3.0739033075239876e-11	4.936004461529598e-11	X0
AATGCAACAGCTCAAC	-1.584962500721156	0.01048936783892586	0.011986037010622659	X1
AGCTAAACAATTGACT	-3.807354922057604	2.346206306321115e-06	3.0042885629721596e-06	X1
AGTTGCAGTTGTGACA	2.321928094887362	3.0739033075239876e-11	4.936004461529598e-11	X0
ATGCCTGAGCTGTCAG	-2.807354922057604	1.3513812610243942e-10	2.0849882312947796e-10	X1
ATAACGACACGTAAGG	-3.584962500721156	3.224844447881771e-24	1.2189912012993095e-22	X1
ACCTAAATCTAGCGAT	3.0	6.564907761017925e-15	1.491307171673543e-14	X0
ATCTTTGGTGAGACTC	-3.321928094887362	1.0029797609618065e-21	1.215148556549881e-20	X1
AAGACCAAGTTTGTCT	-3.169925001442312	1.2704266677461526e-16	3.654652057899891e-16	X1
AGTCCTTGTCGCATAA	3.700439718141092	1.0029797609618065e-21	1.215148556549881e-20	X0
ACGTACCCAGTTTACG	-3.169925001442312	1.6042818341220015e-19	8.917919607325244e-19	X1
AAACCAACATTGACAT	-3.4594316186372973	3.224844447881771e-24	1.2189912012993095e-22	X1
ATGACCAGTACGATTG	3.0	6.26162256269268e-23	1.2075986370907311e-21	X0
AAGCGTTTCAGGATGA	1.415037499278844	7.952664236893068e-09	1.1225194479259074e-08	X0
ATGATGACAGCTTACA	-2.807354922057604	1.6610244897268262e-18	6.960834336105768e-18	X1
ATATGCATCCTTGCGT	-3.169925001442312	1.0029797609618065e-21	1.215148556549881e-20	X1
AATCCATCAGAAATGC	-1.0	0.017600100108852396	0.020014554275409765	X1
AAAGCTTGTCTTTGAC	-3.584962500721156	1.6610244897268262e-18	6.960834336105768e-18	X1
ATGCCTGAGTTCCTCA	-3.807354922057604	3.224844447881771e-24	1.2189912012993095e-22	X1
ATATGGTGTTAGAGGG	-2.807354922057604	6.548999325035109e-12	1.0963338108340441e-11	X1
AGAACAAGTTTGCAGA	-2.321928094887362	2.346206306321115e-06	3.0042885629721596e-06	X1
AGAAACTAGATAACCC	-3.700439718141092	6.26162256269268e-23	1.2075986370907311e-21	X1
AGAAACCCAAGCTAAA	2.0	6.289575008339427e-06	7.930151278026363e-06	X0
ATTGCACAGGTGAAAT	-3.0	1.363071866403019e-20	1.0779103880760276e-19	X1
AAGCTCCCAGTCTAGC	-3.169925001442312	1.363071866403019e-20	1.0779103880760276e-19	X1
AGTAAACAGACAAACG	-3.584962500721156	1.5316450877189923e-17	5.13264045352641e-17	X1
AGCTAGTTCCATAAGC	-2.0	0.0004368599184561862	0.0005163635058675371	X1
ATTGCGCCAAGGTGCA	-2.321928094887362	9.050013106514627e-08	1.2191393279624123e-07	X1
ACCTTCATCACCGGTA	2.807354922057604	1.3029679093280502e-12	2.316659782342441e-12	X0
ATTACGTCAAACGGGC	2.321928094887362	9.050013106514627e-08	1.2191393279624123e-07	X0
AATGCATGTTAAGGCC	-0.3219280948873622	0.30864970679462606	0.3354502276261318	unknown
ATTGACTCATCTAGCA	2.807354922057604	1.6042818341220015e-19	8.917919607325244e-19	X0
ATGTAACGTGCTAGCG	-3.169925001442312	1.6610244897268262e-18	6.960834336105768e-18	X1
AAACGTACAGCTTACA	2.584962500721156	8.336813247250504e-07	1.0821824888257866e-06	X0
ATTACTGAGCATCCAG	2.4594316186372973	1.6042818341220015e-19	8.917919607325244e-19	X0
ACTATCCGTCATAGAT	-1.3219280948873622	2.346206306321115e-06	3.0042885629721596e-06	X1
AGCGCTCAGTGGACAA	2.807354922057604	4.1422259360400374e-14	8.5281122212589e-14	X0
AATACCGGTATACTGG	3.4594316186372973	1.2704266677461526e-16	3.654652057899891e-16	X0
AGCTACTAGGGTGAGT	0.5849625007211561	0.003318560257963064	0.00382443834606719	X0
ACCCAGGGTATTGAGT	-3.0	4.1422259360400374e-14	8.5281122212589e-14	X1
AGCGGATAGCAGCTCA	2.700439718141092	1.363071866403019e-20	1.0779103880760276e-19	X0
AGGAACCAGGACACTT	1.584962500721156	9.556787680138532e-16	2.4375612301567915e-15	X0
ATGTTCAAGACTTATG	-3.9068905956085187	2.4127107519685975e-13	4.550921478264121e-13	X1
ATTGTGATCATGCCTC	3.4594316186372973	1.6610244897268262e-18	6.960834336105768e-18	X0
ACCTAAGGTGTTGCTT	-3.4594316186372973	9.556787680138532e-16	2.4375612301567915e-15	X1
AGCTAGTTCTCCTCAA	4.0	1.6610244897268262e-18	6.960834336105768e-18	X0
ACTAACTCAATATACC	-3.321928094887362	9.556787680138532e-16	2.4375612301567915e-15	X1
AGTAGCTTCAATTACG	3.321928094887362	9.556787680138532e-16	2.4375612301567915e-15	X0
ATGAAGTAGCTGTAAC	1.3219280948873622	1.3513812610243942e-10	2.0849882312947796e-10	X0
AGTTATGTCATAACCA	2.807354922057604	1.6610244897268262e-18	6.960834336105768e-18	X0
ACCAAGTTCCATAATG	2.807354922057604	1.2704266677461526e-16	3.654652057899891e-16	X0
AGTTTGATCTTAGTCT	-3.523561956057013	1.6042818341220015e-19	8.917919607325244e-19	X1
AACCTTGCAACTAACT	0.7369655941662061	7.952664236893068e-09	1.1225194479259074e-08	X0
CAACAGGCATGGTTAT	1.584962500721156	0.06660530960360693	0.07457585020783003	unknown
ATTCATGAGTTATGGC	4.087462841250339	6.26162256269268e-23	1.2075986370907311e-21	X0
AAGAATCAGCCGCTAA	-2.807354922057604	1.3029679093280502e-12	2.316659782342441e-12	X1
AATCGCCCATAGACTT	-3.9068905956085187	1.0029797609618065e-21	1.215148556549881e-20	X1
AACAGGATCCTAAGAC	-4.0	6.26162256269268e-23	1.2075986370907311e-21	X1
ATCATCAAGTTATTCC	-1.8744691179161412	1.6610244897268262e-18	6.960834336105768e-18	X1
AAAGGTTAGATAGACG	3.807354922057604	1.0029797609618065e-21	1.215148556549881e-20	X0
ACACGGACAGGAATCG	-2.321928094887362	2.1686833167108188e-09	3.1432603286682878e-09	X1
CAAGCTAGTCTAGCTT	-1.584962500721156	0.30864970679462606	0.3354502276261318	unknown
AGCGGATAGGTAAGGC	4.0	3.224844447881771e-24	1.2189912012993095e-22	X0
ATTATGGTCCCTGGAA	-1.584962500721156	0.30864970679462606	0.3354502276261318	unknown
AGCTACTAGTTATGGC	-3.584962500721156	1.3029679093280502e-12	2.316659782342441e-12	X1
AGGATTGAGAATCTCA	-2.807354922057604	6.564907761017925e-15	1.491307171673543e-14	X1
ACGCACGGTTTGTTGC	-2.584962500721156	7.952664236893068e-09	1.1225194479259074e-08	X1
AATTTCCTCCAACTGG	-3.087462841250339	9.556787680138532e-16	2.4375612301567915e-15	X1
AGCGTGCTCCTCACTA	3.4594316186372973	1.6042818341220015e-19	8.917919607325244e-19	X0
ATAGGTACACTAAGCC	3.584962500721156	1.2704266677461526e-16	3.654652057899891e-16	X0
AGTAACACAGCGCTTG	3.0	1.363071866403019e-20	1.0779103880760276e-19	X0
ATAAGTCGTAAGCTTG	-3.700439718141092	4.1422259360400374e-14	8.5281122212589e-14	X1
ATGTAACGTCATGCCC	3.321928094887362	1.6610244897268262e-18	6.960834336105768e-18	X0
AATTACCCACAGAACG	-2.321928094887362	2.1686833167108188e-09	3.1432603286682878e-09	X1
CAAGAACCAATTTAGC	2.807354922057604	6.564907761017925e-15	1.491307171673543e-14	X0
AGGTAACCAATCCTGA	3.0	2.4127107519685975e-13	4.550921478264121e-13	X0
AGCAATTGTTCACCAT	-3.0	6.564907761017925e-15	1.491307171673543e-14	X1
AGCTTGGTCTTAGTCT	-2.807354922057604	2.4127107519685975e-13	4.550921478264121e-13	X1
ACTATGTCAAGGTATA	-3.169925001442312	1.5316450877189923e-17	5.13264045352641e-17	X1
ATTTAGCCAACCCTCC	3.321928094887362	1.6610244897268262e-18	6.960834336105768e-18	X0
ACATCAATCCGCAAAT	-1.584962500721156	0.1356265120369177	0.15034258519048355	unknown
ACGTCAAGTACGATTG	-2.115477217419936	1.2704266677461526e-16	3.654652057899891e-16	X1
AAAGGTTAGGGTTAGA	-2.0	0.00020438858371340761	0.00024480001471377717	X1
AGTTGTCAGGTCCACA	2.584962500721156	3.0739033075239876e-11	4.936004461529598e-11	X0
AGGGCTACACCTACTT	-1.584962500721156	0.7579407931963542	0.7905673836319589	unknown
AGATGAAGTGTTAAAC	-2.584962500721156	4.1422259360400374e-14	8.5281122212589e-14	X1
AAGCAAGTCTCCATAT	-3.0	1.2704266677461526e-16	3.654652057899891e-16	X1
AAGCTAGAGCAAGGTA	3.321928094887362	1.6610244897268262e-18	6.960834336105768e-18	X0
ACCGAAGCAAGGTCGA	-2.0	0.0017588208614850794	0.00203936897436	X1
ACTCAGTAGCTACTGG	-3.4594316186372973	1.363071866403019e-20	1.0779103880760276e-19	X1
ATTCCTAGTACCGTAA	3.700439718141092	1.363071866403019e-20	1.0779103880760276e-19	X0
AGCCTAAGTGGAAGGC	-2.807354922057604	1.2704266677461526e-16	3.654652057899891e-16	X1
ATTACCCGTGGTGAGA	-2.0	0.18410080866334788	0.20300497571396003	unknown
ATAATGGCACAAGCCT	2.584962500721156	5.579544528625976e-10	8.309959936251453e-10	X0
AATTGACGTTAACACG	2.321928094887362	5.579544528625976e-10	8.309959936251453e-10	X0
AGAGGAACAATAGCAA	-1.584962500721156	0.46020538130641053	0.49419782424381586	unknown
ACACTAATCCTAATTC	3.4594316186372973	1.6610244897268262e-18	6.960834336105768e-18	X0
AATAACCGTCATAGAT	3.087462841250339	1.363071866403019e-20	1.0779103880760276e-19	X0
ACGGGAAGTTCCATTA	3.0	6.564907761017925e-15	1.491307171673543e-14	X0
AGTGTTTCACGCAACT	-3.321928094887362	1.5316450877189923e-17	5.13264045352641e-17	X1
ATTAGTCCAGGCTAGA	-3.0	1.6610244897268262e-18	6.960834336105768e-18	X1
ATGTAACGTCAGGCCA	-3.4594316186372973	1.2704266677461526e-16	3.654652057899891e-16	X1
ACCCTGTTCCAGCACA	-1.0	9.157161244117683e-05	0.00011101369308134972	X1
ACCCGGTAGCATTATG	0.917537839808027	0.0060164878626817395	0.0068957926382465055	X0
AAAGCAAGTCATTAGG	-2.807354922057604	2.4127107519685975e-13	4.550921478264121e-13	X1
ATTAGGTGTACCCACC	-2.321928094887362	2.818141017102701e-07	3.7246758897371364e-07	X1
AGTTGTCAGGAGGCAT	3.807354922057604	1.5316450877189923e-17	5.13264045352641e-17	X0
ACCATAATCTAACCAA	-3.321928094887362	9.556787680138532e-16	2.4375612301567915e-15	X1
ACTTATGAGGCGCACT	-2.0	9.157161244117683e-05	0.00011101369308134972	X1
AGTGAACCACATTAAC	-2.584962500721156	4.1422259360400374e-14	8.5281122212589e-14	X1
AGACACGCAAGGTGGC	-2.0	0.0004368599184561862	0.0005163635058675371	X1
ACGTCCAAGTAAGTCC	-2.807354922057604	1.2704266677461526e-16	3.654652057899891e-16	X1
AATTGCCAGAATCGCT	-3.4594316186372973	1.2704266677461526e-16	3.654652057899891e-16	X1
ATTAGTCCAGCATTAT	-3.807354922057604	1.0029797609618065e-21	1.215148556549881e-20	X1
CAAGGCTGTGTTAAAC	-3.4594316186372973	1.6610244897268262e-18	6.960834336105768e-18	X1
AAACAGCCACCCACAG	3.0	4.1422259360400374e-14	8.5281122212589e-14	X0
ACATTAGTCATGGCTG	-2.807354922057604	1.2704266677461526e-16	3.654652057899891e-16	X1
AAGACCAAGTACTGGT	-2.321928094887362	6.548999325035109e-12	1.0963338108340441e-11	X1
ACACTTGCAGGAACTG	-2.7369655941662066	1.5316450877189923e-17	5.13264045352641e-17	X1
ACCCAGGGTGGTTAGC	-3.0	1.3029679093280502e-12	2.316659782342441e-12	X1
AGAGGATGTACCCACC	-2.169925001442312	1.6042818341220015e-19	8.917919607325244e-19	X1
AAATGGCCAAACTCAT	-2.584962500721156	1.3513812610243942e-10	2.0849882312947796e-10	X1
AGTCTTGCATCAGCAC	-2.0	0.00020438858371340761	0.00024480001471377717	X1
ACCAGCTCACTTGTTC	-2.321928094887362	4.1422259360400374e-14	8.5281122212589e-14	X1
AGAGAAGCATCCATCT	-3.4594316186372973	2.4127107519685975e-13	4.550921478264121e-13	X1
AGAGGATGTTGGTTCT	0.0	1.0	1.0	unknown
ACAGCGCTCGCTAGTG	-2.807354922057604	1.5316450877189923e-17	5.13264045352641e-17	X1
ATCAGGTTCGCTAAGT	-2.321928094887362	2.1686833167108188e-09	3.1432603286682878e-09	X1
ACACGGACAATAGCAA	-1.7004397181410922	1.2704266677461526e-16	3.654652057899891e-16	X1
ATGAGCCGTTTAGTCC	-1.8073549220576042	6.548999325035109e-12	1.0963338108340441e-11	X1
AGTGCACGTAGTTACG	-3.4594316186372973	1.5316450877189923e-17	5.13264045352641e-17	X1
AGTAATCGTTCCTGAT	-2.321928094887362	1.5316450877189923e-17	5.13264045352641e-17	X1
ATAGATGCAGCAACAG	-2.0	1.6080007647833168e-05	1.9994220035792557e-05	X1
AATGTCCAGGGACGCA	-3.0	2.4127107519685975e-13	4.550921478264121e-13	X1
ATCGCTTGTGGGAACA	-2.0	9.157161244117683e-05	0.00011101369308134972	X1
ATCAAGACAGGAATCG	-3.0	1.2704266677461526e-16	3.654652057899891e-16	X1
ACTTTGTTCGATCAGT	-2.584962500721156	1.2704266677461526e-16	3.654652057899891e-16	X1
AAAGCTTGTCCTTCTC	-2.584962500721156	3.0739033075239876e-11	4.936004461529598e-11	X1
ACCATTAAGCATTTCT	3.700439718141092	9.556787680138532e-16	2.4375612301567915e-15	X0
AAGACATAGTATCGCG	2.0	1.5316450877189923e-17	5.13264045352641e-17	X0
AGTCTTGCAACCTAAT	-0.3219280948873622	2.346206306321115e-06	3.0042885629721596e-06	X1
ATGCCTGAGTTCCTGC	-2.584962500721156	1.3513812610243942e-10	2.0849882312947796e-10	X1
AGCCTAAGTTAACAGT	-2.807354922057604	1.6610244897268262e-18	6.960834336105768e-18	X1
ACTGAAACAAGCTTTG	3.700439718141092	1.363071866403019e-20	1.0779103880760276e-19	X0
AGTTGGCGTTAACGAT	3.169925001442312	1.6042818341220015e-19	8.917919607325244e-19	X0
AACCGCTCAAGCTTAT	-3.321928094887362	6.548999325035109e-12	1.0963338108340441e-11	X1
AAGCGAGGTTACGCAA	-2.0	6.289575008339427e-06	7.930151278026363e-06	X1
AATTCGTCATTGTTGG	3.584962500721156	1.363071866403019e-20	1.0779103880760276e-19	X0
AAGCGTTTCGTTATAG	-2.321928094887362	2.756790387925026e-08	3.792091581643595e-08	X1
ATCCCGCGTGGACATC	-2.807354922057604	2.4127107519685975e-13	4.550921478264121e-13	X1
ATGTAACGTCATTGTC	-2.584962500721156	1.363071866403019e-20	1.0779103880760276e-19	X1
AAGCGTTTCATTGACA	-3.700439718141092	1.2704266677461526e-16	3.654652057899891e-16	X1
AATCCGTAGGATTGCT	-4.0	1.2704266677461526e-16	3.654652057899891e-16	X1
ATCCTTAGTTACCGGG	-3.0	1.5316450877189923e-17	5.13264045352641e-17	X1
ACCTTCCAGTCAATCA	-1.584962500721156	0.6913502932053739	0.7271296906834483	unknown
ATCACTAAGCTAATTG	-0.3219280948873622	0.00020438858371340761	0.00024480001471377717	X1
ACTAATCCAAAGCGGC	-2.0	0.0017588208614850794	0.00203936897436	X1
ATGATGGAGCACGTTG	3.584962500721156	1.3029679093280502e-12	2.316659782342441e-12	X0
ATAAGCCTCCGTCCAT	-2.321928094887362	5.579544528625976e-10	8.309959936251453e-10	X1
ACCAAACTCGATCAGT	2.321928094887362	6.289575008339427e-06	7.930151278026363e-06	X0
AATTTGCCATCGCTCC	2.0	9.157161244117683e-05	0.00011101369308134972	X0
ACGCCTTTCACATTGA	-2.169925001442312	9.556787680138532e-16	2.4375612301567915e-15	X1
AAGACCAAGTAAGGGC	-3.321928094887362	1.6610244897268262e-18	6.960834336105768e-18	X1
ACTTGCACAATATACC	-3.584962500721156	1.363071866403019e-20	1.0779103880760276e-19	X1
CAAGGTAAGTCACGAT	1.584962500721156	0.46020538130641053	0.49419782424381586	unknown
ACTCGCGCATACTCCT	-2.807354922057604	1.2704266677461526e-16	3.654652057899891e-16	X1
ATTTGTGAGTTTGCGG	3.0	1.0029797609618065e-21	1.215148556549881e-20	X0
ATGGCCGGTGCCTCAC	-3.321928094887362	1.6610244897268262e-18	6.960834336105768e-18	X1
ATGCATTCAGCACGTT	4.087462841250339	1.363071866403019e-20	1.0779103880760276e-19	X0
AAACGTACAGCTACGT	-2.584962500721156	2.4127107519685975e-13	4.550921478264121e-13	X1
AACATAGCAACAGGTG	1.584962500721156	0.0966739522478214	0.1077957343648274	unknown
AGGAACGGTCCTAAGA	2.807354922057604	1.5316450877189923e-17	5.13264045352641e-17	X0
AAGGTCAAGGATAAAC	2.0	6.289575008339427e-06	7.930151278026363e-06	X0
AAGCAAGTCGCGACAC	-2.0	0.0017588208614850794	0.00203936897436	X1
AAAGGTTAGTTACTTC	4.643856189774724	1.0029797609618065e-21	1.215148556549881e-20	X0
AAACGCGCAAACGCGA	-3.4594316186372973	1.5316450877189923e-17	5.13264045352641e-17	X1
ATGACGAAGATTCCTT	-3.169925001442312	6.564907761017925e-15	1.491307171673543e-14	X1
ACCCAACCAGCAAGAT	-2.807354922057604	1.6610244897268262e-18	6.960834336105768e-18	X1
AACCTCACAACCGCCA	-2.807354922057604	6.548999325035109e-12	1.0963338108340441e-11	X1
ACGCCACAGCGCAATT	-1.3219280948873622	6.289575008339427e-06	7.930151278026363e-06	X1
AGTCGCATCCTGCGAA	-1.736965594166206	1.5316450877189923e-17	5.13264045352641e-17	X1
ACGATTCAGTAACTCA	-2.0	0.0017588208614850794	0.00203936897436	X1
ACCATTAAGCTAAAGG	3.9068905956085187	1.6042818341220015e-19	8.917919607325244e-19	X0
AGGTCATTCTTACTCG	-1.584962500721156	0.30864970679462606	0.3354502276261318	unknown
ACAGGTAAGCTTAACA	-2.0	9.157161244117683e-05	0.00011101369308134972	X1
AGTAACCTCGCTAGTG	3.0	1.3029679093280502e-12	2.316659782342441e-12	X0
AAGAATCAGTTCCTCA	-3.321928094887362	1.2704266677461526e-16	3.654652057899891e-16	X1
AAGGATCCAACAACAA	2.807354922057604	3.0739033075239876e-11	4.936004461529598e-11	X0
AAGGTCAAGCTTTGTT	-2.169925001442312	1.6042818341220015e-19	8.917919607325244e-19	X1
AGTAAACAGCCTGAGC	2.584962500721156	4.1422259360400374e-14	8.5281122212589e-14	X0
AGCGGACCAGGCATCT	1.584962500721156	6.548999325035109e-12	1.0963338108340441e-11	X0
AACATCATCACCAATA	4.754887502163468	1.3154334480650894e-25	1.2430846084215095e-23	X0
ACCTGGTCATGTTTGG	-0.3219280948873622	0.999960749301772	1.0	unknown
ATCATGTCACACCAAC	3.700439718141092	1.363071866403019e-20	1.0779103880760276e-19	X0
AAGCCTGTCAGTTCCC	2.321928094887362	4.1422259360400374e-14	8.5281122212589e-14	X0
AACCCGCAGGATTTGC	1.3219280948873622	6.564907761017925e-15	1.491307171673543e-14	X0
AGCCTGGGTGGGTGAA	2.584962500721156	9.556787680138532e-16	2.4375612301567915e-15	X0
ACTTGTAAGGCTAATC	-2.321928094887362	6.548999325035109e-12	1.0963338108340441e-11	X1
AGGTAACCACTCAACA	3.9068905956085187	1.5316450877189923e-17	5.13264045352641e-17	X0
AGTTGGCGTCATTACC	3.0	4.1422259360400374e-14	8.5281122212589e-14	X0
ATAGATGCAACTAGAA	-3.169925001442312	1.6042818341220015e-19	8.917919607325244e-19	X1
ACATCATCATTGCGAC	-0.8073549220576042	8.336813247250504e-07	1.0821824888257866e-06	X1
CAAAGGATCCAACTGG	-1.584962500721156	1.3029679093280502e-12	2.316659782342441e-12	X1
ACGGTACGTAACGAGG	-2.0	6.564907761017925e-15	1.491307171673543e-14	X1
ATCCTTAGTTATCGAG	-2.807354922057604	9.556787680138532e-16	2.4375612301567915e-15	X1
AATGTCCAGTGAGAGC	-2.321928094887362	6.548999325035109e-12	1.0963338108340441e-11	X1
AGGTCATTCCTAGTAA	2.321928094887362	1.5316450877189923e-17	5.13264045352641e-17	X0
AAGCTATGTTACGCAA	-2.0	0.0008949651957434264	0.001047358650126982	X1
ACTTACAAGGAGCAAC	-2.321928094887362	6.289575008339427e-06	7.930151278026363e-06	X1
ATTTAGGTCGCTAAGT	-3.584962500721156	9.556787680138532e-16	2.4375612301567915e-15	X1
CAAGGCCTCCTCATGC	3.584962500721156	4.1422259360400374e-14	8.5281122212589e-14	X0
ATGCGATTCATTATGG	-2.584962500721156	1.3029679093280502e-12	2.316659782342441e-12	X1
ATCCACCTCGACCTGA	-2.584962500721156	5.579544528625976e-10	8.309959936251453e-10	X1
AGACTATGTCAGGAAG	-1.584962500721156	2.346206306321115e-06	3.0042885629721596e-06	X1
ACGAGTAAGTTGGATC	-2.0	0.0004368599184561862	0.0005163635058675371	X1
AATTTGGTCAGGTCCA	-2.321928094887362	3.0739033075239876e-11	4.936004461529598e-11	X1
AAACAGCCAGCTAACC	-2.0	6.289575008339427e-06	7.930151278026363e-06	X1
AACTTAGTCCTTGCGT	2.807354922057604	1.5316450877189923e-17	5.13264045352641e-17	X0
AGCATTTCATAGCTTG	-2.807354922057604	1.3029679093280502e-12	2.316659782342441e-12	X1
ATGATGACATGCAACC	-2.584962500721156	3.0739033075239876e-11	4.936004461529598e-11	X1
AACCTAATCTGGTCCT	4.392317422778761	1.6610244897268262e-18	6.960834336105768e-18	X0
AAGAATCAGGTTAGAG	-2.321928094887362	7.952664236893068e-09	1.1225194479259074e-08	X1
CAAGGTAAGCCTGATG	-2.584962500721156	6.564907761017925e-15	1.491307171673543e-14	X1
AAAGGTTAGGAAGCAC	2.0	8.336813247250504e-07	1.0821824888257866e-06	X0
AAACAGCCAACGTGCT	-3.169925001442312	9.556787680138532e-16	2.4375612301567915e-15	X1
AATGTCCAGTAAGGGC	-2.321928094887362	0.00020438858371340761	0.00024480001471377717	X1
AACTAGCTCATTTGCT	-0.7369655941662061	0.0060164878626817395	0.0068957926382465055	X1
AATTTGGTCATAAGCC	-3.807354922057604	1.5316450877189923e-17	5.13264045352641e-17	X1
ACTAAAGCATTGTTGG	-2.584962500721156	6.564907761017925e-15	1.491307171673543e-14	X1
ATTCGTTTCATCAGTA	-3.169925001442312	1.6610244897268262e-18	6.960834336105768e-18	X1
AGGTCAAAGTTTCCTG	-3.321928094887362	6.564907761017925e-15	1.491307171673543e-14	X1
ACTTGCACACACTAAT	-2.0	0.0017588208614850794	0.00203936897436	X1
AGGGCCTTCTTGTCCA	2.584962500721156	2.1686833167108188e-09	3.1432603286682878e-09	X0
ATCTATGAGAAAGCAT	-1.3219280948873622	2.346206306321115e-06	3.0042885629721596e-06	X1
ACCTCACTCTACTAAG	4.169925001442312	1.6610244897268262e-18	6.960834336105768e-18	X0
ACTTAGGGTCATTACC	4.247927513443585	6.26162256269268e-23	1.2075986370907311e-21	X0
ATATGCTCATGGCCCA	-2.584962500721156	7.952664236893068e-09	1.1225194479259074e-08	X1
AAGACAAGTTTGTTGC	-3.0	1.2704266677461526e-16	3.654652057899891e-16	X1
ACGACTTAGTTCCTCA	-2.321928094887362	2.756790387925026e-08	3.792091581643595e-08	X1
ATCGCCCGTTTACTTG	-3.321928094887362	1.363071866403019e-20	1.0779103880760276e-19	X1
AAGGATGTCACTTTAC	-2.807354922057604	6.548999325035109e-12	1.0963338108340441e-11	X1
CAAGTAACAGGTTTGC	3.169925001442312	1.2704266677461526e-16	3.654652057899891e-16	X0
AACATCATCTGTAAGC	-3.4594316186372973	6.564907761017925e-15	1.491307171673543e-14	X1
AACCTAATCTTGAGCG	-2.584962500721156	6.289575008339427e-06	7.930151278026363e-06	X1
AGGCAGGTCCTAATGA	-2.321928094887362	6.548999325035109e-12	1.0963338108340441e-11	X1
AAACGCGCAGCCGCTA	-2.0	0.0004368599184561862	0.0005163635058675371	X1
CAAACCGTCGTTAACA	-1.0	6.289575008339427e-06	7.930151278026363e-06	X1
ATGTGAGAGGTCTTGG	2.584962500721156	6.564907761017925e-15	1.491307171673543e-14	X0
ACCATAATCCACCTGT	-2.807354922057604	5.579544528625976e-10	8.309959936251453e-10	X1
AGAACCAAGTAACGAG	3.0	6.564907761017925e-15	1.491307171673543e-14	X0
ACGCCACAGGCGCATC	-2.321928094887362	2.756790387925026e-08	3.792091581643595e-08	X1
AGAAACCCATTGTTGG	-0.5849625007211561	0.24205920680364573	0.2652126961500814	unknown
AGTAAACAGTCGCTAG	2.321928094887362	1.3513812610243942e-10	2.0849882312947796e-10	X0
ATGAAGCCATCAGCAC	-3.807354922057604	1.3513812610243942e-10	2.0849882312947796e-10	X1
ACGGTTAGTTGGATCA	-2.0	0.00020438858371340761	0.00024480001471377717	X1
ATCTATGAGTAGCCAT	-2.321928094887362	3.0739033075239876e-11	4.936004461529598e-11	X1
AACAGCAAGTGAGGGT	2.584962500721156	2.1686833167108188e-09	3.1432603286682878e-09	X0
AGGATCCGTTTGGTTC	-2.700439718141092	1.6042818341220015e-19	8.917919607325244e-19	X1
ACCTTCCAGCCGGTAC	-2.807354922057604	9.556787680138532e-16	2.4375612301567915e-15	X1
ATTAGTCCAAACATAG	3.169925001442312	1.0029797609618065e-21	1.215148556549881e-20	X0
AGCAAATAGTGAACCT	-2.321928094887362	2.818141017102701e-07	3.7246758897371364e-07	X1
AGTCTTGCAGCTACGT	-2.807354922057604	1.5316450877189923e-17	5.13264045352641e-17	X1
ACTATGTCATTGCGAC	3.169925001442312	1.0029797609618065e-21	1.215148556549881e-20	X0
ATCTTTGGTGCTAGAC	-3.807354922057604	3.9845364322713306e-27	3.7653869284964074e-24	X1
AAGGATCCAGGATGGC	-3.9068905956085187	6.26162256269268e-23	1.2075986370907311e-21	X1
AAGCTTGGTTCACTGT	2.4594316186372973	4.1422259360400374e-14	8.5281122212589e-14	X0
ATTAGCGGTCATAGAT	-1.584962500721156	0.46020538130641053	0.49419782424381586	unknown
ATCCTTAGTTACGCGG	-1.584962500721156	0.5397946186935895	0.5750912228471726	unknown
AGGGTTGCAGCCAGAA	-1.584962500721156	0.5397946186935895	0.5750912228471726	unknown
ACAGCCGGTTCACCAT	-2.807354922057604	2.1686833167108188e-09	3.1432603286682878e-09	X1
AATCCGTAGACACTTA	-3.0	1.5316450877189923e-17	5.13264045352641e-17	X1
AGGTGAATCTACCTCA	-2.584962500721156	1.6042818341220015e-19	8.917919607325244e-19	X1
AATAGCTGTCGAAGTC	-1.584962500721156	0.017600100108852396	0.020014554275409765	X1
AACGCCCAGGTTTACA	-2.584962500721156	4.1422259360400374e-14	8.5281122212589e-14	X1
AGGTAACCACAAGCCT	-2.0	0.00020438858371340761	0.00024480001471377717	X1
ACGGGAAGTAAGCTCA	3.700439718141092	9.556787680138532e-16	2.4375612301567915e-15	X0
ATGAAGTAGCTATTGA	2.807354922057604	3.0739033075239876e-11	4.936004461529598e-11	X0
ACGAAGTCATCAATCG	-0.2223924213364481	0.06660530960360693	0.07457585020783003	unknown
AAGCTATGTGATCAGC	-2.584962500721156	3.0739033075239876e-11	4.936004461529598e-11	X1
AGAATCGAGAGGAAGG	-2.0	0.028443966820490392	0.03215257014995624	X1
ACACCTTGTGTTTGAG	2.9068905956085187	1.2704266677461526e-16	3.654652057899891e-16	X0
AGTGATGAGTTTAACG	-1.3219280948873622	2.4127107519685975e-13	4.550921478264121e-13	X1
AGTAACCTCAATGTGC	2.807354922057604	1.0029797609618065e-21	1.215148556549881e-20	X0
AGTTACATCATCCACC	-3.321928094887362	1.5316450877189923e-17	5.13264045352641e-17	X1
ATTACGTCACCAAAGG	-1.0	2.1686833167108188e-09	3.1432603286682878e-09	X1
AATGCAACACCGGTAT	2.807354922057604	1.3513812610243942e-10	2.0849882312947796e-10	X0
AGAAGGTGTGATTTGG	-2.321928094887362	2.4127107519685975e-13	4.550921478264121e-13	X1
ACGTCAAGTGATCAGC	-1.8073549220576042	2.4127107519685975e-13	4.550921478264121e-13	X1
ATTCACTTCCCGTTTA	-0.4594316186372973	0.0008949651957434264	0.001047358650126982	X1
AGCCTGGGTTAGTTGG	3.4594316186372973	1.5316450877189923e-17	5.13264045352641e-17	X0
ATTTGTGAGCTTAGCG	-3.321928094887362	1.6610244897268262e-18	6.960834336105768e-18	X1
AGTGATGAGGACACTT	-2.0	8.336813247250504e-07	1.0821824888257866e-06	X1
AAGCGGGTCAAGGACA	-3.321928094887362	3.0739033075239876e-11	4.936004461529598e-11	X1
AATCATCCAAGTGTCC	-2.321928094887362	8.336813247250504e-07	1.0821824888257866e-06	X1
AGCTTCCTCATAACGC	-3.584962500721156	1.6042818341220015e-19	8.917919607325244e-19	X1
AAACGCGCAGTTATGT	-2.584962500721156	1.3513812610243942e-10	2.0849882312947796e-10	X1
ACTATGTCACAAAGAC	-4.321928094887363	3.224844447881771e-24	1.2189912012993095e-22	X1
AGCACTAGTTGTAACG	2.321928094887362	3.0739033075239876e-11	4.936004461529598e-11	X0
AACCCGCAGTGTTGCG	-2.0	2.818141017102701e-07	3.7246758897371364e-07	X1
ATACCGGTCTCCTCTT	-2.0	0.00020438858371340761	0.00024480001471377717	X1
AGAACCAAGGCGGGTA	-1.1699250014423122	4.1422259360400374e-14	8.5281122212589e-14	X1
ACTTGTAAGCAACATC	-4.321928094887363	6.26162256269268e-23	1.2075986370907311e-21	X1
AACATCATCGGGACCT	-3.0	9.556787680138532e-16	2.4375612301567915e-15	X1
ATTACTGAGCTAAGTC	2.321928094887362	9.556787680138532e-16	2.4375612301567915e-15	X0
AACTAGCTCCAAGTTA	-3.169925001442312	1.6610244897268262e-18	6.960834336105768e-18	X1
ACTCACTGTTTGCTGT	-2.0	6.548999325035109e-12	1.0963338108340441e-11	X1
ACGTTACAGTTGTCCC	-2.0	5.579544528625976e-10	8.309959936251453e-10	X1
ACCACACCAAGGTAAC	-1.584962500721156	0.044313040057033834	0.04988186164847763	X1
AGGGTTGCACCGGTAT	-3.584962500721156	1.6042818341220015e-19	8.917919607325244e-19	X1
AATTAGCGTATTACCC	3.169925001442312	6.564907761017925e-15	1.491307171673543e-14	X0
ACTAACCAGCTACTGG	-3.169925001442312	1.363071866403019e-20	1.0779103880760276e-19	X1
AGGCGGATCCGGTTAG	-1.584962500721156	1.3513812610243942e-10	2.0849882312947796e-10	X1
AGGAAACGTATACTGG	-2.807354922057604	6.564907761017925e-15	1.491307171673543e-14	X1
ATGCAGGCAAGTAAGC	-3.321928094887362	1.6610244897268262e-18	6.960834336105768e-18	X1
ACTCACCTCATAACTG	-2.321928094887362	1.3513812610243942e-10	2.0849882312947796e-10	X1
ACGTTGTAGTAGAGGC	-2.807354922057604	3.0739033075239876e-11	4.936004461529598e-11	X1
ACTCCTCAGTTGCCTC	-3.321928094887362	1.2704266677461526e-16	3.654652057899891e-16	X1
AGCTAACTCATGTCAA	-2.807354922057604	6.564907761017925e-15	1.491307171673543e-14	X1
AACTAGTGTTCAAGCA	3.700439718141092	1.0029797609618065e-21	1.215148556549881e-20	X0
ACTTGTCGTTTCCTCC	-2.0	2.756790387925026e-08	3.792091581643595e-08	X1
CAAAGGATCGATTTAG	-3.807354922057604	1.0029797609618065e-21	1.215148556549881e-20	X1
AGCCGCTAGCGGCTGT	2.584962500721156	6.548999325035109e-12	1.0963338108340441e-11	X0
AGCCTCCGTTACGCAA	-2.807354922057604	1.363071866403019e-20	1.0779103880760276e-19	X1
AAGCTTGGTGCATCGG	-3.321928094887362	1.2704266677461526e-16	3.654652057899891e-16	X1
AGAGGATGTCCCGGAA	-0.5849625007211561	9.157161244117683e-05	0.00011101369308134972	X1
AACTCACAGCTAAGTC	-3.584962500721156	1.5316450877189923e-17	5.13264045352641e-17	X1
AAACATGCAAAGCGCA	-2.807354922057604	6.564907761017925e-15	1.491307171673543e-14	X1
CAAGGTTTCACTAATG	-1.584962500721156	0.24205920680364573	0.2652126961500814	unknown
ATTTGCAAGGATTTGC	1.584962500721156	0.30864970679462606	0.3354502276261318	unknown
AGGCTAGCACTTACAG	-3.0	6.548999325035109e-12	1.0963338108340441e-11	X1
ATTCCTCCAAGTGTTT	-2.584962500721156	6.548999325035109e-12	1.0963338108340441e-11	X1
ACTAAAGCATAGACCC	-3.169925001442312	4.1422259360400374e-14	8.5281122212589e-14	X1
AGGTATTGTACCCACC	2.3219280948873626	9.556787680138532e-16	2.4375612301567915e-15	X0
ATCGGCCAGTAAGTCC	-1.8073549220576042	1.3513812610243942e-10	2.0849882312947796e-10	X1
CAACTAGGTACCGAAC	-2.807354922057604	1.2704266677461526e-16	3.654652057899891e-16	X1
ACAACAACACAATGCC	-2.807354922057604	6.564907761017925e-15	1.491307171673543e-14	X1
ACCTACCTCCGGCTAA	2.321928094887362	6.548999325035109e-12	1.0963338108340441e-11	X0
ACCACACCATTAAAGG	-3.169925001442312	1.6042818341220015e-19	8.917919607325244e-19	X1
ACGTCCAAGCAAGGTA	-1.584962500721156	0.017600100108852396	0.020014554275409765	X1
AGGTCTTAGAAGCTAG	3.0	9.556787680138532e-16	2.4375612301567915e-15	X0
AATTGACGTCACTCGC	2.807354922057604	9.050013106514627e-08	1.2191393279624123e-07	X0
AACTTAGTCCTTTACG	0.0	1.0	1.0	unknown
CAAGACAAGTCATTAG	-2.0	1.0029797609618065e-21	1.215148556549881e-20	X1
AGGGTTGCATTCAGCA	-1.584962500721156	0.7579407931963542	0.7905673836319589	unknown
ATTGCTCGTTTCCACG	-2.584962500721156	9.050013106514627e-08	1.2191393279624123e-07	X1
ATATGCTCACTTACAG	-3.0	6.548999325035109e-12	1.0963338108340441e-11	X1
CAAAGTGAGGCAACAA	3.0	1.6610244897268262e-18	6.960834336105768e-18	X0
AATTTGCCAGGCAAGC	-2.321928094887362	9.050013106514627e-08	1.2191393279624123e-07	X1
ATAACGACATAATTGC	1.8073549220576042	6.548999325035109e-12	1.0963338108340441e-11	X0
ACCTAAATCAGCACGC	2.584962500721156	4.1422259360400374e-14	8.5281122212589e-14	X0
ATTCCGGAGGACCTGC	2.584962500721156	6.548999325035109e-12	1.0963338108340441e-11	X0
AAGAACAGTTCCTCCT	3.169925001442312	6.26162256269268e-23	1.2075986370907311e-21	X0
AATAGAGGTTCATTTG	0.0	1.0	1.0	unknown
AAGGAAGCACCTAAGC	-3.169925001442312	1.2704266677461526e-16	3.654652057899891e-16	X1
AGATGCTTCTCAATAG	3.700439718141092	1.363071866403019e-20	1.0779103880760276e-19	X0
AAACGTACACGTGCTG	2.584962500721156	1.6610244897268262e-18	6.960834336105768e-18	X0
AGGAGCTAGTTTGGGT	-2.584962500721156	1.363071866403019e-20	1.0779103880760276e-19	X1
AATTGGGAGCTTGCTC	-0.2630344058337939	0.9556869599429662	0.9805908546646069	unknown
AGGTCAAAGGAAGCAC	2.807354922057604	1.2704266677461526e-16	3.654652057899891e-16	X0
AGGTTTATCTTCAATC	-2.321928094887362	1.3029679093280502e-12	2.316659782342441e-12	X1
AACGCCCAGAACCTGT	-2.0	2.346206306321115e-06	3.0042885629721596e-06	X1
AGCGGATAGGGACTAA	-3.0	1.2704266677461526e-16	3.654652057899891e-16	X1
ATTACGTCAATGAAGC	-2.807354922057604	6.564907761017925e-15	1.491307171673543e-14	X1
AGCTTCCTCCCTCACG	-3.0	2.4127107519685975e-13	4.550921478264121e-13	X1
AAACAGCCACAAAGAC	-3.807354922057604	1.6610244897268262e-18	6.960834336105768e-18	X1
AGGCAGGTCGATAACC	3.807354922057604	1.6042818341220015e-19	8.917919607325244e-19	X0
ATGCTTAAGGGATGAC	-3.169925001442312	8.336813247250504e-07	1.0821824888257866e-06	X1
ATTTGCGCATTGTGAT	-2.321928094887362	8.336813247250504e-07	1.0821824888257866e-06	X1
AAGCAAGTCTCACATT	2.321928094887362	9.050013106514627e-08	1.2191393279624123e-07	X0
AAAGCCCGTTACTTCA	-3.169925001442312	6.564907761017925e-15	1.491307171673543e-14	X1
ACTTGCACAGCAGGTA	-2.321928094887362	1.5316450877189923e-17	5.13264045352641e-17	X1
AACTCACAGCTTCCCG	-4.087462841250339	1.6042818341220015e-19	8.917919607325244e-19	X1
AGCACTAGTCATAGAT	-2.807354922057604	3.0739033075239876e-11	4.936004461529598e-11	X1
ATGTAAGCAGCAACAG	2.584962500721156	1.3513812610243942e-10	2.0849882312947796e-10	X0
AGATGCTTCCTCAGCT	-3.169925001442312	6.564907761017925e-15	1.491307171673543e-14	X1
AGCACTTAGCTATATG	-2.584962500721156	3.0739033075239876e-11	4.936004461529598e-11	X1
AGCCGCTAGTAGCCAT	-2.321928094887362	8.336813247250504e-07	1.0821824888257866e-06	X1
AAGAATCAGTGAGGTA	-3.700439718141092	1.5316450877189923e-17	5.13264045352641e-17	X1
AGCATCCCATAGCGAG	-2.584962500721156	7.952664236893068e-09	1.1225194479259074e-08	X1
ACTAACCAGGGACCTC	-2.0	0.0017588208614850794	0.00203936897436	X1
AAAGGCTCACGTAAGG	-2.807354922057604	2.4127107519685975e-13	4.550921478264121e-13	X1
CAACTAATCGTTACAA	-2.9068905956085187	1.363071866403019e-20	1.0779103880760276e-19	X1
AGCGATTTCCGTGACA	-2.321928094887362	2.756790387925026e-08	3.792091581643595e-08	X1
AGCTATATCATTAGGC	-1.584962500721156	0.6178232827986665	0.653799554585375	unknown
ACTAACGGTTCCAGGG	1.584962500721156	0.6178232827986665	0.653799554585375	unknown
AGTAAGTAGCATTATG	3.4594316186372973	4.1422259360400374e-14	8.5281122212589e-14	X0
ACCTAAATCCTTAATC	-2.584962500721156	1.2704266677461526e-16	3.654652057899891e-16	X1
AGTAAACAGAGGAGTC	-2.584962500721156	1.3029679093280502e-12	2.316659782342441e-12	X1
AATTGGACATGGTTAT	-1.0	6.289575008339427e-06	7.930151278026363e-06	X1
AGTACGCGTACCGGAT	-2.584962500721156	1.3513812610243942e-10	2.0849882312947796e-10	X1
ATATAGGCAGCAGGTA	2.0	0.00020438858371340761	0.00024480001471377717	X0
ATTCAACCACCATATG	1.3219280948873622	1.6080007647833168e-05	1.9994220035792557e-05	X0
ACACTTAAGGCTATGT	1.1699250014423122	0.00020438858371340761	0.00024480001471377717	X0
ACGTCCTTCGCCTAAG	-1.584962500721156	0.24205920680364573	0.2652126961500814	unknown
AGCCTCCGTGCCTCAC	-2.4594316186372973	1.6042818341220015e-19	8.917919607325244e-19	X1
CAAACTGGTACCGTTT	1.584962500721156	0.6178232827986665	0.653799554585375	unknown
ATTTGCGCACTAGGTC	-3.700439718141092	1.6042818341220015e-19	8.917919607325244e-19	X1
ACCGGCTAGGTGCTGC	1.584962500721156	0.30864970679462606	0.3354502276261318	unknown
AAGCGGGTCTCCATAT	-1.584962500721156	0.38217671720133345	0.41393352178253306	unknown
ATCGAGGCATTAGCCA	-3.807354922057604	1.2704266677461526e-16	3.654652057899891e-16	X1
ACTATCCGTAAGTCGC	-2.807354922057604	6.548999325035109e-12	1.0963338108340441e-11	X1
AACCGCTCAGTAGCCT	-2.321928094887362	5.579544528625976e-10	8.309959936251453e-10	X1
ATGCAAACAGTAGGTG	-3.4594316186372973	3.9845364322713306e-27	3.7653869284964074e-24	X1
ACAAAGGTCCTAGTCC	3.169925001442312	1.6042818341220015e-19	8.917919607325244e-19	X0
ACTTGAATCCTTCTAG	-1.584962500721156	0.003318560257963064	0.00382443834606719	X1
ACCACATAGTCATCCC	1.8073549220576042	1.5316450877189923e-17	5.13264045352641e-17	X0
ATGGCCGGTTGCGGAT	-2.0	6.564907761017925e-15	1.491307171673543e-14	X1
AGACACGCAAACATAG	-3.0	3.0739033075239876e-11	4.936004461529598e-11	X1
AGAGAGGAGCAAGGAC	-2.321928094887362	9.050013106514627e-08	1.2191393279624123e-07	X1
ATCATCAAGTCATCCC	-1.584962500721156	0.9991050348042566	1.0	unknown
ACATCATCAGGAATCG	-1.8073549220576042	1.6080007647833168e-05	1.9994220035792557e-05	X1
AACCTCACAGTATGTT	3.0	1.0029797609618065e-21	1.215148556549881e-20	X0
ATCGAGGCAATAGCCC	-2.807354922057604	6.564907761017925e-15	1.491307171673543e-14	X1
ACGAATCTCGAAGTGA	-2.584962500721156	4.1422259360400374e-14	8.5281122212589e-14	X1
CAAACATGTAATTAGC	-2.807354922057604	1.3513812610243942e-10	2.0849882312947796e-10	X1
ACCTGTTGTACGATTG	-2.321928094887362	5.579544528625976e-10	8.309959936251453e-10	X1
ACCAAGCGTAACCACA	2.321928094887362	9.157161244117683e-05	0.00011101369308134972	X0
ATGTCCACACGAATCC	-3.0	9.556787680138532e-16	2.4375612301567915e-15	X1
ACTTATGAGTTACTTC	2.321928094887362	4.1422259360400374e-14	8.5281122212589e-14	X0
ATGGCTGTCCTCGATC	-2.584962500721156	1.5316450877189923e-17	5.13264045352641e-17	X1
AAGCCACGTAACCACA	-1.584962500721156	0.6913502932053739	0.7271296906834483	unknown
AAGGTCAAGCAAGATG	2.169925001442312	1.6042818341220015e-19	8.917919607325244e-19	X0
ACACCTTGTCGACTCC	3.0	6.548999325035109e-12	1.0963338108340441e-11	X0
ATTAGGTGTTCCTGTG	2.321928094887362	1.6042818341220015e-19	8.917919607325244e-19	X0
ACAACAACACTTACAG	3.321928094887362	6.548999325035109e-12	1.0963338108340441e-11	X0
AAGTTTGTCCGCCTAT	-1.0	7.952664236893068e-09	1.1225194479259074e-08	X1
ACTTAGTCAACTAACT	3.321928094887362	1.2704266677461526e-16	3.654652057899891e-16	X0
AATAGAGGTCCTAACT	3.0	3.224844447881771e-24	1.2189912012993095e-22	X0
ATATGTCCATAGACTT	3.0	4.1422259360400374e-14	8.5281122212589e-14	X0
CAACAATGTGTAATAC	-1.584962500721156	0.8643734879630823	0.8961414658531133	unknown
AGGTAACCAACTAGAA	-3.0	9.556787680138532e-16	2.4375612301567915e-15	X1
ACAAAGGTCGGCCATA	-3.321928094887362	1.363071866403019e-20	1.0779103880760276e-19	X1
AGAGATTAGAAGGTGC	1.584962500721156	0.028443966820490392	0.03215257014995624	X0
ATTGAAGCACCGGCTA	-3.169925001442312	1.6610244897268262e-18	6.960834336105768e-18	X1
AGAATCTGTGCTTTAC	-2.0	2.4127107519685975e-13	4.550921478264121e-13	X1
AAAGGTTAGATAACCC	-3.169925001442312	8.336813247250504e-07	1.0821824888257866e-06	X1
AGGCAATCATTAAACC	0.4150374992788439	0.30864970679462606	0.3354502276261318	unknown
ATTGCTCGTTTGGGTA	-1.0	2.818141017102701e-07	3.7246758897371364e-07	X1
ACTTGTCGTGCTGTAA	1.584962500721156	0.7579407931963542	0.7905673836319589	unknown
AAGGTATAGTAGCTTA	-2.0	1.6080007647833168e-05	1.9994220035792557e-05	X1
CAAGGCCTCCGTGACA	-3.4594316186372973	1.6042818341220015e-19	8.917919607325244e-19	X1
ACAGTATGTCGCAAAC	-2.807354922057604	9.556787680138532e-16	2.4375612301567915e-15	X1
ACTCACCTCACTTCAT	-1.584962500721156	0.7579407931963542	0.7905673836319589	unknown
AGTTTGCAGGTAGCTT	-3.169925001442312	1.5316450877189923e-17	5.13264045352641e-17	X1
AGGAACCAGGACTTAC	-2.584962500721156	1.2704266677461526e-16	3.654652057899891e-16	X1
CAAGGTAAGTTAGACC	-2.807354922057604	9.556787680138532e-16	2.4375612301567915e-15	X1
ATTGCACAGCTGTCAG	-3.321928094887362	1.6610244897268262e-18	6.960834336105768e-18	X1
ATTAGTCCAGCTTAGC	3.0	6.564907761017925e-15	1.491307171673543e-14	X0
AGTTGTCAGTTATGGC	-1.8073549220576042	1.5316450877189923e-17	5.13264045352641e-17	X1
AGATGCTTCACAGGAA	-2.321928094887362	6.548999325035109e-12	1.0963338108340441e-11	X1
ATGACTCAGCGGATTT	1.584962500721156	0.46020538130641053	0.49419782424381586	unknown
AAAGCGGGTCATTGTC	0.0	1.0	1.0	unknown
AGTGGACAGTTTCCGC	2.321928094887362	6.548999325035109e-12	1.0963338108340441e-11	X0
ACGAAGTCAGTTTGGC	1.222392421336448	6.548999325035109e-12	1.0963338108340441e-11	X0
AATTGGGAGCTCCCTG	-3.584962500721156	1.363071866403019e-20	1.0779103880760276e-19	X1
AGCCTCCGTGAAGCCT	-3.169925001442312	1.3029679093280502e-12	2.316659782342441e-12	X1
ATTTGCGCATGATTGT	-3.584962500721156	4.1422259360400374e-14	8.5281122212589e-14	X1
ATAGCATGTGTTGTAG	-2.9068905956085187	1.6610244897268262e-18	6.960834336105768e-18	X1
AAGTTACGTGCATTAG	2.0	0.0017588208614850794	0.00203936897436	X0
AAACATGCAGCCTTGG	-2.584962500721156	6.289575008339427e-06	7.930151278026363e-06	X1
ACTTGCACATTAAACC	-0.5849625007211561	0.46020538130641053	0.49419782424381586	unknown
AAAGCGGGTTGTGATG	-3.584962500721156	1.363071866403019e-20	1.0779103880760276e-19	X1
AACGGTAAGGCCTTAG	-2.584962500721156	5.579544528625976e-10	8.309959936251453e-10	X1
ACGAGTAAGCACGTTG	2.0	2.346206306321115e-06	3.0042885629721596e-06	X0
AGTACGCGTTTATCGC	-2.321928094887362	8.336813247250504e-07	1.0821824888257866e-06	X1
AATAGCTGTACGCGCA	-2.584962500721156	6.548999325035109e-12	1.0963338108340441e-11	X1
CAACAGGCAGGCCATT	-2.321928094887362	2.1686833167108188e-09	3.1432603286682878e-09	X1
ACACTAATCTGTGAGT	4.169925001442312	1.6610244897268262e-18	6.960834336105768e-18	X0
ACTCAGTAGTTTGGGT	-0.8073549220576042	3.925069822796835e-05	4.8328221270918684e-05	X1
ATTTGTGAGGCCAATT	3.584962500721156	1.3029679093280502e-12	2.316659782342441e-12	X0
ATCACCCTCCTCCTAA	0.4150374992788439	0.9966814397420369	1.0	unknown
ACCTAAATCTAAGGTC	-1.7004397181410922	1.3029679093280502e-12	2.316659782342441e-12	X1
ATGCCTGAGCCTGTTC	2.0	0.1356265120369177	0.15034258519048355	unknown
AAGCGCTGTGCAATAT	-1.584962500721156	0.30864970679462606	0.3354502276261318	unknown
AGCTACGTCAAGCTTA	-1.584962500721156	0.9333946903963931	0.961371098010454	unknown
ATGTCAATCACTAATG	3.0	1.0029797609618065e-21	1.215148556549881e-20	X0
AATAGAGGTAACCACA	2.807354922057604	1.3513812610243942e-10	2.0849882312947796e-10	X0
ACTAACGGTAATTAGC	-3.087462841250339	1.363071866403019e-20	1.0779103880760276e-19	X1
AGTCAGGCAGCACGTT	1.584962500721156	0.6913502932053739	0.7271296906834483	unknown
AGTTTGCAGTCACCAG	-1.736965594166206	6.564907761017925e-15	1.491307171673543e-14	X1
ACACTAATCGTGCCTT	-2.584962500721156	9.556787680138532e-16	2.4375612301567915e-15	X1
AATGAAGGTGATCAGC	-3.321928094887362	1.6042818341220015e-19	8.917919607325244e-19	X1
AGAAACTAGTGAACAG	-2.321928094887362	3.0739033075239876e-11	4.936004461529598e-11	X1
AAGCGTTTCAGAAACG	-2.807354922057604	9.556787680138532e-16	2.4375612301567915e-15	X1
ACCAGGCTCCAGGTTG	3.0	1.3029679093280502e-12	2.316659782342441e-12	X0
ACGCTTGAGCAAGGTA	-2.584962500721156	4.1422259360400374e-14	8.5281122212589e-14	X1
AGCTTCCTCGGTTACG	-3.169925001442312	1.0029797609618065e-21	1.215148556549881e-20	X1
AGCTATATCCCGTTGT	-3.807354922057604	1.6042818341220015e-19	8.917919607325244e-19	X1
AGCGGACCAGGCTGTT	1.584962500721156	0.5397946186935895	0.5750912228471726	unknown
CAAGAACCACCTGGTG	-2.0	0.0004368599184561862	0.0005163635058675371	X1
AAGGTCAAGCCTGATG	3.700439718141092	1.2704266677461526e-16	3.654652057899891e-16	X0
AGCTCATAGTCGCTAG	-3.321928094887362	1.6042818341220015e-19	8.917919607325244e-19	X1
ATGCCTGAGTAACGAG	-2.321928094887362	7.952664236893068e-09	1.1225194479259074e-08	X1
AGGCCCAGTGTGCAAC	3.700439718141092	1.6042818341220015e-19	8.917919607325244e-19	X0
ACGCCTTTCTAATCCT	-2.807354922057604	1.363071866403019e-20	1.0779103880760276e-19	X1
ATGCCTGAGTCCTTTG	-2.321928094887362	4.1422259360400374e-14	8.5281122212589e-14	X1
ATAGCATGTTGTCCAT	3.169925001442312	3.0739033075239876e-11	4.936004461529598e-11	X0
ATTCAACCAGCAAGTG	2.321928094887362	2.4127107519685975e-13	4.550921478264121e-13	X0
ATGTCAATCATGAAGG	3.0	1.5316450877189923e-17	5.13264045352641e-17	X0
ATTGGCTAGTACCGCA	1.9068905956085187	6.548999325035109e-12	1.0963338108340441e-11	X0
CAACCCGCATCTTGAG	2.807354922057604	2.4127107519685975e-13	4.550921478264121e-13	X0
CAAAGTGAGCGAGTAA	2.807354922057604	4.1422259360400374e-14	8.5281122212589e-14	X0
AAACCGGCAAAGCTAA	-4.0	4.1422259360400374e-14	8.5281122212589e-14	X1
AACATCATCATTGCAA	-2.584962500721156	1.6080007647833168e-05	1.9994220035792557e-05	X1
ATTGACTCATGTTGCA	1.3219280948873622	0.6178232827986665	0.653799554585375	unknown
CAAACATGTTGCGCGA	-2.807354922057604	4.1422259360400374e-14	8.5281122212589e-14	X1
AACCTCCTCGCTAAAC	-1.584962500721156	0.9939835121373183	1.0	unknown
AGCTTTAAGTAGCGCC	1.584962500721156	0.9715560331795096	0.9936368521154075	unknown
ACGACTTAGTTAGACC	2.584962500721156	5.579544528625976e-10	8.309959936251453e-10	X0
AAGACATAGCAAGACA	-2.0	0.0017588208614850794	0.00203936897436	X1
ATAGATGCATTATGAC	-3.321928094887362	1.5316450877189923e-17	5.13264045352641e-17	X1
AACAGGATCGTAATCA	0.5849625007211561	0.1356265120369177	0.15034258519048355	unknown
ACCAAGTTCATTGCGG	-1.584962500721156	0.9715560331795096	0.9936368521154075	unknown
AATTTCCTCGGTTTCC	-2.584962500721156	8.336813247250504e-07	1.0821824888257866e-06	X1
AGGCAATCAGGCCAAA	-1.584962500721156	0.999960749301772	1.0	unknown
AGCTAGTTCGTTTCTG	2.4594316186372973	6.548999325035109e-12	1.0963338108340441e-11	X0
AATAGCTGTTGCAATG	-0.5849625007211561	0.0966739522478214	0.1077957343648274	unknown
ACAACAACAAACGGGC	2.0	9.157161244117683e-05	0.00011101369308134972	X0
ACATCATCAGCTACGT	-3.0	2.4127107519685975e-13	4.550921478264121e-13	X1
ACGAGTAAGTTAGTTG	3.4594316186372973	1.6610244897268262e-18	6.960834336105768e-18	X0
ACCAGGGAGAACCTGT	-2.0	1.6080007647833168e-05	1.9994220035792557e-05	X1
ACGCACGGTGAGCGAA	2.0	0.00020438858371340761	0.00024480001471377717	X0
AGTGATGAGGCTGGCT	-2.584962500721156	6.26162256269268e-23	1.2075986370907311e-21	X1
AAGGAAGCAAACCTAT	2.169925001442312	0.028443966820490392	0.03215257014995624	X0
AGAGAGGAGACTATTG	3.0	1.6610244897268262e-18	6.960834336105768e-18	X0
AATGAAGGTAACGAGG	1.584962500721156	0.46020538130641053	0.49419782424381586	unknown
AGCTAAACAGGAACCA	-1.8073549220576042	2.4127107519685975e-13	4.550921478264121e-13	X1
ATACCTGCAGGCGATA	2.584962500721156	6.548999325035109e-12	1.0963338108340441e-11	X0
AATCGCCCAAACCCTA	-2.0	8.336813247250504e-07	1.0821824888257866e-06	X1
AGAAGGTGTCACGGAT	3.169925001442312	6.564907761017925e-15	1.491307171673543e-14	X0
ACAGGAATCGCGCTAA	1.3219280948873622	1.3513812610243942e-10	2.0849882312947796e-10	X0
AAGCGAATCGTGCTAG	2.321928094887362	2.346206306321115e-06	3.0042885629721596e-06	X0
ACCAGGCTCTTGAGCG	1.584962500721156	0.5397946186935895	0.5750912228471726	unknown
AGTCGCATCGGCTATG	-3.584962500721156	1.0029797609618065e-21	1.215148556549881e-20	X1
AGCTACTAGTAGCTTA	2.321928094887362	5.579544528625976e-10	8.309959936251453e-10	X0
ACTAATCCATAAGCAA	-1.0	9.157161244117683e-05	0.00011101369308134972	X1
AATTTGCCAAGGACCA	-1.584962500721156	0.24205920680364573	0.2652126961500814	unknown
AGAAACTAGCCTGTTC	-0.5849625007211561	0.30864970679462606	0.3354502276261318	unknown
CAAGAACCATAATCGT	-0.5849625007211561	0.7579407931963542	0.7905673836319589	unknown
AGGTCTTAGACCATAC	-2.807354922057604	3.0739033075239876e-11	4.936004461529598e-11	X1
AGGTATTGTCTAACAG	-3.0	4.1422259360400374e-14	8.5281122212589e-14	X1
ATGCAAACATAAGTTC	-0.7369655941662061	7.952664236893068e-09	1.1225194479259074e-08	X1
CAACTAATCGTTTCTG	2.807354922057604	4.1422259360400374e-14	8.5281122212589e-14	X0
ATGTAACGTCGTTATC	-1.3219280948873622	2.756790387925026e-08	3.792091581643595e-08	X1
CAAACCGTCTAAATCG	2.321928094887362	2.818141017102701e-07	3.7246758897371364e-07	X0
ACTTAGGGTTACGCAA	-2.807354922057604	1.6610244897268262e-18	6.960834336105768e-18	X1
AGGGTTGCACTAGCGT	-3.0	3.0739033075239876e-11	4.936004461529598e-11	X1
AAGGCCCTCACACAGT	2.700439718141092	1.5316450877189923e-17	5.13264045352641e-17	X0
ATAAGTCGTCTCAGCC	2.807354922057604	6.564907761017925e-15	1.491307171673543e-14	X0
AAGCTAGAGGTCCACA	-2.0	0.00020438858371340761	0.00024480001471377717	X1
AATTGTGTCCCGTTGT	2.807354922057604	1.6610244897268262e-18	6.960834336105768e-18	X0
AGTTTGATCCAAGTTA	-2.0	0.0004368599184561862	0.0005163635058675371	X1
ACTAACCAGGCGTAAA	-1.584962500721156	0.0966739522478214	0.1077957343648274	unknown
AGCTTTAAGCTATATG	2.0	0.00020438858371340761	0.00024480001471377717	X0
ATGGCCGGTCCGTGAG	3.0	9.556787680138532e-16	2.4375612301567915e-15	X0
AAATGGCCATCCATCT	2.700439718141092	0.0004368599184561862	0.0005163635058675371	X0
AGTCTTGCAACTAACT	-2.0	8.336813247250504e-07	1.0821824888257866e-06	X1
CAAGGTTTCTCCTCAA	-2.0	7.952664236893068e-09	1.1225194479259074e-08	X1
AATGCATGTTACCTGT	-1.584962500721156	0.028443966820490392	0.03215257014995624	X1
AGCGTGCTCAGGAACA	-2.584962500721156	9.556787680138532e-16	2.4375612301567915e-15	X1
AAGACCAAGGTGAAGC	-2.321928094887362	2.346206306321115e-06	3.0042885629721596e-06	X1
AAAGCCCGTTAGGCTA	-2.584962500721156	5.579544528625976e-10	8.309959936251453e-10	X1
ACGGTTAGTTGGGTTA	-2.584962500721156	6.564907761017925e-15	1.491307171673543e-14	X1
AGAGAAGCAAGGTAAC	-2.807354922057604	1.3029679093280502e-12	2.316659782342441e-12	X1
ACTTGAATCTGCAAAC	-4.087462841250339	9.556787680138532e-16	2.4375612301567915e-15	X1
ACGAATCTCACTCAAA	2.584962500721156	1.6042818341220015e-19	8.917919607325244e-19	X0
AAGCGAATCCCTCACG	1.584962500721156	0.01048936783892586	0.011986037010622659	X0
AATTGCTCAGGACCAA	2.321928094887362	5.579544528625976e-10	8.309959936251453e-10	X0
AGTTGCAGTTTCGCGC	-3.169925001442312	1.2704266677461526e-16	3.654652057899891e-16	X1
ACCAGCTCAACACTTG	2.584962500721156	6.548999325035109e-12	1.0963338108340441e-11	X0
AGCTAACTCATGGCCA	-3.0	2.756790387925026e-08	3.792091581643595e-08	X1
CAAACGCGTCACCTAT	-0.5849625007211561	0.0004368599184561862	0.0005163635058675371	X1
AATCAGGAGTGAGAGC	-2.0	3.925069822796835e-05	4.8328221270918684e-05	X1
AGCGATTTCGACAAAG	1.584962500721156	0.5397946186935895	0.5750912228471726	unknown
AGAACCAAGTAACCCG	-2.0	0.0004368599184561862	0.0005163635058675371	X1
AAGTTTGTCACCAATA	3.321928094887362	1.5316450877189923e-17	5.13264045352641e-17	X0
AAGGTCAAGGACCGCT	2.807354922057604	1.6610244897268262e-18	6.960834336105768e-18	X0
AACAGATAGGCTCATG	-1.584962500721156	0.46020538130641053	0.49419782424381586	unknown
CAAACATGTGCTTAGA	-1.584962500721156	0.1356265120369177	0.15034258519048355	unknown
ATAACGACATGTTGCA	-3.321928094887362	1.0029797609618065e-21	1.215148556549881e-20	X1
AATTGGGAGTTGGATC	-2.584962500721156	7.952664236893068e-09	1.1225194479259074e-08	X1
AGCTCATAGGCGCATC	-2.584962500721156	4.1422259360400374e-14	8.5281122212589e-14	X1
ACATCAATCGGGCCAT	-2.0	9.050013106514627e-08	1.2191393279624123e-07	X1
ACTTGCACATGAGCAG	2.584962500721156	5.579544528625976e-10	8.309959936251453e-10	X0
AGCACAGCAACAGCCT	1.415037499278844	6.548999325035109e-12	1.0963338108340441e-11	X0
ACACTTAAGGAGGCAT	-1.584962500721156	5.579544528625976e-10	8.309959936251453e-10	X1
ACGATTCAGGTCCTAG	-2.584962500721156	7.952664236893068e-09	1.1225194479259074e-08	X1
ACGGTTTAGTAACTCA	1.584962500721156	0.6913502932053739	0.7271296906834483	unknown
AGATGCTTCTTAGTGA	2.807354922057604	3.0739033075239876e-11	4.936004461529598e-11	X0
ACTTATGAGCTAAAGG	-2.807354922057604	4.1422259360400374e-14	8.5281122212589e-14	X1
AGGAAACGTCAAGTAT	-4.807354922057604	6.289575008339427e-06	7.930151278026363e-06	X1
CAAACGCGTGGGTACT	3.321928094887362	2.4127107519685975e-13	4.550921478264121e-13	X0
ATTGGTTCAGCAAATA	-2.807354922057604	1.3513812610243942e-10	2.0849882312947796e-10	X1
AAGCCTGTCCTTCGTA	-2.807354922057604	1.2704266677461526e-16	3.654652057899891e-16	X1
ATCAAGACAAGGTATA	-3.0	1.6042818341220015e-19	8.917919607325244e-19	X1
ACATTGCAGTGTGATC	-2.807354922057604	6.564907761017925e-15	1.491307171673543e-14	X1
ATTAACCCATCGCTCC	-2.0	9.050013106514627e-08	1.2191393279624123e-07	X1
ACCAGGGAGTTGCGTG	-0.485426827170242	0.24205920680364573	0.2652126961500814	unknown
ATGGTCTAGATAACCC	-2.584962500721156	2.4127107519685975e-13	4.550921478264121e-13	X1
AGCAATACACCTCACC	2.584962500721156	1.3029679093280502e-12	2.316659782342441e-12	X0
ATGTTCAAGTTGCCTC	-3.807354922057604	1.6042818341220015e-19	8.917919607325244e-19	X1
ATGGCTGTCATTACGA	2.584962500721156	2.756790387925026e-08	3.792091581643595e-08	X0
AGGAACCAGACAAACG	-3.0	2.1686833167108188e-09	3.1432603286682878e-09	X1
ATGGCCCAGCACTAAC	-2.584962500721156	2.756790387925026e-08	3.792091581643595e-08	X1
AGACACGCATAAAGCA	-2.807354922057604	2.4127107519685975e-13	4.550921478264121e-13	X1
ATTTGCAAGCCTTAAA	-2.321928094887362	1.3029679093280502e-12	2.316659782342441e-12	X1
AATGTCATCGGGATTT	-2.584962500721156	1.0029797609618065e-21	1.215148556549881e-20	X1
ACCAAACTCGGTTACG	-1.584962500721156	0.5397946186935895	0.5750912228471726	unknown
AGGTCCGGTATTGGTG	-2.0	0.0008949651957434264	0.001047358650126982	X1
AGTGTGGCAATAACGA	-2.321928094887362	9.050013106514627e-08	1.2191393279624123e-07	X1
CAACAGGCAATAACCT	-1.584962500721156	0.46020538130641053	0.49419782424381586	unknown
AAGCCTTAGCCTGATG	-2.0	1.6080007647833168e-05	1.9994220035792557e-05	X1
AGTACGCGTAGTTACG	1.584962500721156	0.7579407931963542	0.7905673836319589	unknown
ACGTACCCAATAGTCT	-2.584962500721156	6.564907761017925e-15	1.491307171673543e-14	X1
AGACCCGGTTTACTTG	1.584962500721156	0.38217671720133345	0.41393352178253306	unknown
AGGACTAAGGGACTAA	-1.584962500721156	0.38217671720133345	0.41393352178253306	unknown
AGGAACGGTGCTCACC	-2.0	0.003318560257963064	0.00382443834606719	X1
ACCATTAAGCACAGCC	-3.0	3.925069822796835e-05	4.8328221270918684e-05	X1
ACACGGACAACTCGCG	2.807354922057604	2.1686833167108188e-09	3.1432603286682878e-09	X0
AAGCGAATCCCGTTTA	-2.584962500721156	6.564907761017925e-15	1.491307171673543e-14	X1
ACTTATCTCTGTGCAG	-1.584962500721156	5.579544528625976e-10	8.309959936251453e-10	X1
ATTCACTTCGCTTGCT	-1.584962500721156	0.46020538130641053	0.49419782424381586	unknown
CAAACATGTGAGACTC	-3.169925001442312	1.3029679093280502e-12	2.316659782342441e-12	X1
ATGACGAAGCGCATTG	-2.584962500721156	3.0739033075239876e-11	4.936004461529598e-11	X1
ACGAACAAGTTCCTGC	-2.807354922057604	1.3029679093280502e-12	2.316659782342441e-12	X1
AGGGCTACATTGTGTG	-2.807354922057604	5.579544528625976e-10	8.309959936251453e-10	X1
CAACTAATCGTTAGCG	2.0	8.336813247250504e-07	1.0821824888257866e-06	X0
ATAGGTACAATAATCC	-1.8073549220576042	1.3029679093280502e-12	2.316659782342441e-12	X1
AAGCGTTTCCTGTTCA	-2.0	9.157161244117683e-05	0.00011101369308134972	X1
AGCAAGGGTATTCGCT	2.0	0.0004368599184561862	0.0005163635058675371	X0
ACCAATATCCCTGGAA	2.321928094887362	4.1422259360400374e-14	8.5281122212589e-14	X0
AGCTAAACATTAGGTT	-3.169925001442312	6.564907761017925e-15	1.491307171673543e-14	X1
ACTTTGTTCATGTGGT	-2.807354922057604	1.3029679093280502e-12	2.316659782342441e-12	X1
AGGATTGAGCAACATC	0.5849625007211561	0.30864970679462606	0.3354502276261318	unknown
AGTAGGATCCAGGTCA	-1.584962500721156	0.06660530960360693	0.07457585020783003	unknown
ACAACAGAGGTCATTA	1.584962500721156	0.7579407931963542	0.7905673836319589	unknown
AGCGGACCAGCATGTC	-2.321928094887362	6.548999325035109e-12	1.0963338108340441e-11	X1
AGGGCCTTCCTAAGTA	2.0	9.050013106514627e-08	1.2191393279624123e-07	X0
AGCTTCCTCGTCAAGT	-1.584962500721156	0.5397946186935895	0.5750912228471726	unknown
AGGTTTGGTCTCACTG	-1.584962500721156	0.24205920680364573	0.2652126961500814	unknown
CAACCCTTCATTAGTG	-2.0	0.30864970679462606	0.3354502276261318	unknown
AGTCAGGCAGCAACAG	-1.584962500721156	0.38217671720133345	0.41393352178253306	unknown
ATTGCTCGTTTGGCTT	0.0	1.0	1.0	unknown
ACCTACCTCATGGCCA	-2.584962500721156	1.2704266677461526e-16	3.654652057899891e-16	X1
ATTGGCTAGAAACTGG	1.584962500721156	0.5397946186935895	0.5750912228471726	unknown
ATTGGCTAGGCCTGGT	-2.584962500721156	9.157161244117683e-05	0.00011101369308134972	X1
AGTCTTGCACAATTAC	-2.807354922057604	1.6042818341220015e-19	8.917919607325244e-19	X1
ATTGCAGGTACCGTAA	-1.584962500721156	0.6178232827986665	0.653799554585375	unknown
CAAAGCGCACTTAACG	-2.0	1.6080007647833168e-05	1.9994220035792557e-05	X1
CAAGACAAGCATCCAG	-3.169925001442312	1.6042818341220015e-19	8.917919607325244e-19	X1
AAAGCCGCAATCCCTT	1.584962500721156	0.998241179138515	1.0	unknown
AGCAAGGGTCTAGCTT	-1.584962500721156	0.9033260477521786	0.9339640209253925	unknown
AGGTTAGAGGTTTGAC	-2.321928094887362	2.818141017102701e-07	3.7246758897371364e-07	X1
ATTAACCCACCATATG	3.169925001442312	1.6042818341220015e-19	8.917919607325244e-19	X0
ACCAGGGAGCAGGTGG	-1.584962500721156	0.46020538130641053	0.49419782424381586	unknown
ACCCTGTTCATTGTTC	2.321928094887362	0.0060164878626817395	0.0068957926382465055	X0
ATGGCCCAGCTGTACG	1.8073549220576042	4.1422259360400374e-14	8.5281122212589e-14	X0
AGTACGCGTATTGAGT	-1.584962500721156	0.1356265120369177	0.15034258519048355	unknown
ACTTGTAAGGCACAGG	2.0	1.6080007647833168e-05	1.9994220035792557e-05	X0
ATGAATGCAAACAACA	2.807354922057604	4.1422259360400374e-14	8.5281122212589e-14	X0
AGGCCCAGTGATCATG	-2.584962500721156	6.548999325035109e-12	1.0963338108340441e-11	X1
AGGCCCAGTAAACAAG	-2.321928094887362	7.952664236893068e-09	1.1225194479259074e-08	X1
AGTCGCATCGTTATAG	-2.321928094887362	5.579544528625976e-10	8.309959936251453e-10	X1
AATAGCTGTTATTGCC	-1.584962500721156	0.24205920680364573	0.2652126961500814	unknown
ATCGGCCAGCAGCTAT	-2.584962500721156	7.952664236893068e-09	1.1225194479259074e-08	X1
AGTTTGATCATAATCG	-2.0	0.0004368599184561862	0.0005163635058675371	X1
AGCCGGTTCAAGTGTC	-1.584962500721156	0.46020538130641053	0.49419782424381586	unknown
AGCCTGGGTTGGCGTG	2.584962500721156	1.5316450877189923e-17	5.13264045352641e-17	X0
ATTAGCGGTGCGCGTA	-2.584962500721156	1.3513812610243942e-10	2.0849882312947796e-10	X1
ACCTAAGGTGGAAACG	-2.321928094887362	2.1686833167108188e-09	3.1432603286682878e-09	X1
AGTCCTTGTAGCTGGT	-1.584962500721156	0.1356265120369177	0.15034258519048355	unknown
AAGAATCAGCTCAATA	2.584962500721156	1.3513812610243942e-10	2.0849882312947796e-10	X0
ATGGTTATCATTACTC	-2.0	0.00020438858371340761	0.00024480001471377717	X1
CAAGGTAAGGCCTGGT	-2.584962500721156	4.1422259360400374e-14	8.5281122212589e-14	X1
ACTAATCCAAGGTAAC	-0.5849625007211561	0.0060164878626817395	0.0068957926382465055	X1
AAGCTTGGTCACAAAT	-2.700439718141092	2.346206306321115e-06	3.0042885629721596e-06	X1
AGTAAGTAGGCCGGAA	2.584962500721156	5.579544528625976e-10	8.309959936251453e-10	X0
AACAGGATCGCAATCG	-2.0	9.050013106514627e-08	1.2191393279624123e-07	X1
AGTCAGGCATCAGTAT	-2.321928094887362	3.0739033075239876e-11	4.936004461529598e-11	X1
AGTGTTTCAAACTCAT	-3.321928094887362	1.0029797609618065e-21	1.215148556549881e-20	X1
ATGTTCAAGGCATGTT	-2.584962500721156	2.1686833167108188e-09	3.1432603286682878e-09	X1
ATGATGGAGGACCAGG	-2.0	3.925069822796835e-05	4.8328221270918684e-05	X1
AAGCTTGGTGCGCATG	0.5849625007211561	0.18410080866334788	0.20300497571396003	unknown
AGCTAGTTCAATCTAG	2.0	2.346206306321115e-06	3.0042885629721596e-06	X0
CAACTAATCAAACACC	-2.584962500721156	1.3029679093280502e-12	2.316659782342441e-12	X1
CAAGGCTGTTAATGAC	-2.321928094887362	1.3029679093280502e-12	2.316659782342441e-12	X1
ACCATTAAGGTTTACA	-2.321928094887362	2.4127107519685975e-13	4.550921478264121e-13	X1
ATTGGTTCATCCCTCA	-5.087462841250339	6.289575008339427e-06	7.930151278026363e-06	X1
AATTGACGTGAATCGC	-2.0	9.050013106514627e-08	1.2191393279624123e-07	X1
AAGTTTGTCGGTACGC	-1.584962500721156	0.18410080866334788	0.20300497571396003	unknown
ACGCACGGTGATGGCT	-1.584962500721156	0.18410080866334788	0.20300497571396003	unknown
ACGAATCTCTACCTAT	1.3219280948873622	0.0004368599184561862	0.0005163635058675371	X0
ATCATCAAGCTGAGGG	2.584962500721156	1.2704266677461526e-16	3.654652057899891e-16	X0
ATCTTTGGTAAATTGC	-2.584962500721156	1.3513812610243942e-10	2.0849882312947796e-10	X1
AGCCAGTGTAGCTAGC	-1.584962500721156	0.5397946186935895	0.5750912228471726	unknown
AACTAGCTCACTTTAC	1.584962500721156	0.028443966820490392	0.03215257014995624	X0
AAACCAACATTAGGTT	-2.0	9.157161244117683e-05	0.00011101369308134972	X1
ATTACCGCAAGGTCCT	3.807354922057604	3.925069822796835e-05	4.8328221270918684e-05	X0
ACCTGTTGTATACTGG	2.321928094887362	1.3513812610243942e-10	2.0849882312947796e-10	X0
ATTCCTAGTCCCGGAA	2.0	0.00020438858371340761	0.00024480001471377717	X0
AAGTGCAAGGAACGCG	-1.584962500721156	0.9333946903963931	0.961371098010454	unknown
AGGATATAGAAAGGAA	-2.0	0.01048936783892586	0.011986037010622659	X1
AGCGTGCTCCGTGACA	-2.0	0.06660530960360693	0.07457585020783003	unknown
ACCGAAGCAGGCTAGA	2.0	0.0004368599184561862	0.0005163635058675371	X0
AAAGGCTCATAGGCGA	1.584962500721156	0.9333946903963931	0.961371098010454	unknown
ATGAAGCCAAATGCCC	-2.0	3.925069822796835e-05	4.8328221270918684e-05	X1
ATGTTGTCATGTTTGG	-2.0	0.00020438858371340761	0.00024480001471377717	X1
ACTCACTGTTTGTCTA	-1.584962500721156	0.5397946186935895	0.5750912228471726	unknown
CAAACACTCACGCATG	-1.584962500721156	0.8158991913366521	0.8477457238187315	unknown
CAAGCTAGTAGCTAGC	1.584962500721156	0.6913502932053739	0.7271296906834483	unknown
ACGGTACGTTCCTGTG	-0.5849625007211561	0.0966739522478214	0.1077957343648274	unknown
AGTAACACAACCTAAT	-2.321928094887362	2.818141017102701e-07	3.7246758897371364e-07	X1
AAACCAACAAGCCAGA	1.3219280948873622	0.044313040057033834	0.04988186164847763	X0
AGGTCAAAGGTGAAGC	0.0	1.0	1.0	unknown
AATTGGACACGTAAGG	2.807354922057604	4.1422259360400374e-14	8.5281122212589e-14	X0
ATCGCCCGTTCGGGAT	-2.321928094887362	1.3513812610243942e-10	2.0849882312947796e-10	X1
ATAAGCCTCGAAGCGG	1.584962500721156	0.1356265120369177	0.15034258519048355	unknown
ACTTGAATCGATTTAG	1.584962500721156	0.8158991913366521	0.8477457238187315	unknown
CAAATCATCGCTAGTG	1.584962500721156	0.30864970679462606	0.3354502276261318	unknown
AGTTGCGTCCGTCCAT	-2.584962500721156	2.756790387925026e-08	3.792091581643595e-08	X1
AAGGATTAGGTTAGAG	-1.584962500721156	0.6913502932053739	0.7271296906834483	unknown
ATTGTGATCGTCATTT	-1.584962500721156	0.9033260477521786	0.9339640209253925	unknown
ATGATGGAGGCATTGT	-2.584962500721156	6.548999325035109e-12	1.0963338108340441e-11	X1
AAGCGAATCGTTCACC	-1.584962500721156	0.46020538130641053	0.49419782424381586	unknown
AGTCAATGTTAAATGC	0.0	1.0	1.0	unknown
ACGTCCTTCAAGCTTA	1.584962500721156	0.30864970679462606	0.3354502276261318	unknown
AGAGAGGAGAATCGCT	-2.584962500721156	8.336813247250504e-07	1.0821824888257866e-06	X1
ATGGTTATCACAGCGC	1.0	0.5397946186935895	0.5750912228471726	unknown
ATGGCTAGTACCCACC	2.321928094887362	2.756790387925026e-08	3.792091581643595e-08	X0
AGGGCCTTCGGTACGC	-1.584962500721156	0.46020538130641053	0.49419782424381586	unknown
AGCCTAGTCTTTAAGG	1.584962500721156	0.9033260477521786	0.9339640209253925	unknown
ATCGGCCAGCTGAGGG	-1.584962500721156	0.8643734879630823	0.8961414658531133	unknown
ACTTGCACATTAGGTT	-1.584962500721156	0.9033260477521786	0.9339640209253925	unknown
AGCATCCCAACTAGGG	1.584962500721156	0.8158991913366521	0.8477457238187315	unknown
AGGAGCTAGTGAGAGC	1.584962500721156	0.46020538130641053	0.49419782424381586	unknown
ACCTGTTGTACCGGAT	-2.0	0.028443966820490392	0.03215257014995624	X1
AACTACTCATTATCCC	-1.584962500721156	0.9939835121373183	1.0	unknown
ACTTGTAAGCAGGCCT	-2.321928094887362	3.0739033075239876e-11	4.936004461529598e-11	X1
ACCTTGCTCTCCTCAA	-2.321928094887362	0.6178232827986665	0.653799554585375	unknown
CAAGCTAGTTGGTTGA	2.0	0.9556869599429662	0.9805908546646069	unknown
