cell_id	score	p_value	p_adj	XCI_status
TTGCAAGGTTCGCGCT	-2.321928094887362	2.756790387925026e-08	3.824929141867178e-08	X1
CGCTTGCGTGGACCTG	-0.4150374992788439	6.289575008339427e-06	7.975507841743658e-06	X1
GTTTGTCGTAAGCTTG	-2.807354922057604	1.6610244897268262e-18	5.822729697591934e-18	X1
ATGTTTGAGGTTACGT	-4.087462841250339	1.363071866403019e-20	8.502363950314572e-20	X1
CTAGATTCATCCCGCT	-2.807354922057604	1.2704266677461526e-16	3.218033375269829e-16	X1
AGGTTTGGTGGTGAGA	-0.5849625007211561	0.46020538130641053	0.49191125489809434	unknown
ACTCCTCAGACCATAC	-4.392317422778761	1.6042818341220015e-19	7.283419635012658e-19	X1
TAGCGCGGTCCTTTAA	-2.584962500721156	5.579544528625976e-10	8.284469704608276e-10	X1
CTGCTATGTACCGGAT	-2.321928094887362	1.3513812610243942e-10	2.061271604766015e-10	X1
ACCCTGTTCTACCTGC	-2.807354922057604	1.0029797609618065e-21	9.676970737184859e-21	X1
ACAACAGAGGCTGTGC	3.169925001442312	9.556787680138532e-16	2.1356227092357177e-15	X0
GGTTCCCGTCCTGATT	-1.3219280948873622	2.756790387925026e-08	3.824929141867178e-08	X1
CATTCCTCAAGCCACT	1.584962500721156	0.044313040057033834	0.04985472305080024	X0
GTCTAATCAATGAAGC	-2.807354922057604	4.1422259360400374e-14	7.91791191062939e-14	X1
GTAAGCGCATCCCGCT	-3.9068905956085187	6.26162256269268e-23	1.0840156507470095e-21	X1
CAACAGGCAGGATGGC	4.169925001442312	1.0029797609618065e-21	9.676970737184859e-21	X0
TTTCCGGGTACTTCAC	-2.321928094887362	6.26162256269268e-23	1.0840156507470095e-21	X1
GTTCCTTCATAGACTT	-4.459431618637297	1.363071866403019e-20	8.502363950314572e-20	X1
TGTAAAGCATAATGTC	-3.0	1.6610244897268262e-18	5.822729697591934e-18	X1
TAGTGGCGTCAATGTG	2.584962500721156	9.556787680138532e-16	2.1356227092357177e-15	X0
TCAAGCTAGCATGACT	-3.169925001442312	3.224844447881771e-24	1.2299758276999067e-22	X1
GGTTAGCGTGATGAGG	-2.321928094887362	2.1686833167108188e-09	3.137350440196232e-09	X1
TACTTGTTCAATTGGC	0.3219280948873622	0.38217671720133345	0.41102659716042955	unknown
TCCTCAATCACATTGA	-2.584962500721156	2.4127107519685975e-13	4.369011087207231e-13	X1
TCCATTGTCACGCATG	-2.0	9.050013106514627e-08	1.228419758647018e-07	X1
GCTGCACAGAACAAGT	3.0	1.6610244897268262e-18	5.822729697591934e-18	X0
CGTTAAATCCCTCAAC	2.0	1.2704266677461526e-16	3.218033375269829e-16	X0
GAGTTTGGTGCCGCAA	-0.6520766965796931	0.00020438858371340761	0.0002460120970633274	X1
GATTCGCCACCTCACC	3.0	1.363071866403019e-20	8.502363950314572e-20	X0
TGGGCCTAGCTATTGA	-2.807354922057604	1.5316450877189923e-17	4.472183802777584e-17	X1
TTTAACCTCCCGTTGT	-2.4594316186372973	1.363071866403019e-20	8.502363950314572e-20	X1
ATTGGTTCAGGCGATA	-3.700439718141092	1.5316450877189923e-17	4.472183802777584e-17	X1
TTTGTCCCAATTGCGC	-4.169925001442312	1.0029797609618065e-21	9.676970737184859e-21	X1
AGGGCCTTCGGTAACT	-2.0	6.548999325035109e-12	1.0693048396261339e-11	X1
GACCGTTCAGTATGTT	-2.584962500721156	1.5316450877189923e-17	4.472183802777584e-17	X1
GATTACGGTTAAGGTT	3.9068905956085187	1.0029797609618065e-21	9.676970737184859e-21	X0
AGGCAATCACCGTTCC	3.321928094887362	1.5316450877189923e-17	4.472183802777584e-17	X0
TATGGCCCAATGAATG	-2.169925001442312	1.6042818341220015e-19	7.283419635012658e-19	X1
TTCCTTCTCGCTTGCT	2.222392421336448	1.6042818341220015e-19	7.283419635012658e-19	X0
TTGCTCTCATAAGTTC	2.321928094887362	2.756790387925026e-08	3.824929141867178e-08	X0
AGGCAATCATGGAGGC	-4.392317422778761	1.6042818341220015e-19	7.283419635012658e-19	X1
CTCACAACATTAGGCC	1.0995356735509145	0.1356265120369177	0.1499159166258639	unknown
AAGTTAGCAGTGAACG	3.169925001442312	1.6610244897268262e-18	5.822729697591934e-18	X0
AGGTCATTCGACCTGA	0.16992500144231215	0.998241179138515	1.0	unknown
CTTTGGTGTCTTACTA	-3.169925001442312	1.6042818341220015e-19	7.283419635012658e-19	X1
AATTGTGTCAATAGCC	4.523561956057013	6.26162256269268e-23	1.0840156507470095e-21	X0
TGTGCAAGTTCCTCCT	-2.321928094887362	2.818141017102701e-07	3.7604312442133894e-07	X1
CAAACATGTGAGCGAA	2.0	2.818141017102701e-07	3.7604312442133894e-07	X0
TCAATCGCATTGTTGG	2.321928094887362	2.756790387925026e-08	3.824929141867178e-08	X0
AGTTATGTCTCACATT	2.584962500721156	1.363071866403019e-20	8.502363950314572e-20	X0
TGTTGTTTCCAACTGG	2.415037499278844	3.224844447881771e-24	1.2299758276999067e-22	X0
GCCTATTGTTCAAGCA	3.0	1.2704266677461526e-16	3.218033375269829e-16	X0
TCGGTAAGTCAAACTG	-2.584962500721156	6.564907761017925e-15	1.3424970548431796e-14	X1
GGTGTCCAGCGAAGTA	-2.4594316186372973	1.6610244897268262e-18	5.822729697591934e-18	X1
GCCCTCATCACCGGTA	-2.584962500721156	1.5316450877189923e-17	4.472183802777584e-17	X1
GCCTTTGGTGGATTCA	3.700439718141092	1.6610244897268262e-18	5.822729697591934e-18	X0
TTAACTGAGTCATCCC	-2.0	2.346206306321115e-06	3.0232744644007614e-06	X1
CCTGTAACACGTAATT	-3.584962500721156	1.6042818341220015e-19	7.283419635012658e-19	X1
ACTGAAACATAATCGT	-1.584962500721156	0.24205920680364573	0.26354439063679713	unknown
CTTCACTCATAAAGCA	-1.736965594166206	1.5316450877189923e-17	4.472183802777584e-17	X1
CGGCTAATCGTTATCT	2.263034405833794	1.0029797609618065e-21	9.676970737184859e-21	X0
TTAACTGAGGTTACGT	-2.0	1.2704266677461526e-16	3.218033375269829e-16	X1
CCTGTTGGTAATGGCC	3.169925001442312	1.2704266677461526e-16	3.218033375269829e-16	X0
AGTAATGCAGAAATGC	3.169925001442312	1.0029797609618065e-21	9.676970737184859e-21	X0
CTTGAACAGTTTAACG	4.0	1.363071866403019e-20	8.502363950314572e-20	X0
TAAGGACCATGTCAAT	-1.0	8.336813247250504e-07	1.0917468420889744e-06	X1
GAAACTGAGGTCCTAG	-3.0	1.5316450877189923e-17	4.472183802777584e-17	X1
GTAAGCGCACAACAGG	-2.0	1.6610244897268262e-18	5.822729697591934e-18	X1
GGGTTTGTCTAAGTGC	3.169925001442312	3.0739033075239876e-11	4.8429849227620825e-11	X0
CCGATGCAGCTATGAC	4.087462841250339	1.0029797609618065e-21	9.676970737184859e-21	X0
GCATATATCATGTCAA	-3.321928094887362	1.6042818341220015e-19	7.283419635012658e-19	X1
TGTGCACCATTGCGTA	2.321928094887362	6.548999325035109e-12	1.0693048396261339e-11	X0
CGGCCATAGATTCCTT	2.584962500721156	1.2704266677461526e-16	3.218033375269829e-16	X0
CGTTGCAAGTCACCAG	-2.169925001442312	1.6610244897268262e-18	5.822729697591934e-18	X1
GCAGCTATCGATTTGA	-4.087462841250339	1.6610244897268262e-18	5.822729697591934e-18	X1
TACTGCACATCATGGC	-3.700439718141092	1.5316450877189923e-17	4.472183802777584e-17	X1
TGTGCGCAGAACAAGT	-3.169925001442312	1.0029797609618065e-21	9.676970737184859e-21	X1
TGCTAGCCATTAGCGC	-2.321928094887362	1.6042818341220015e-19	7.283419635012658e-19	X1
CGATTGAGTAACCACA	-2.321928094887362	6.289575008339427e-06	7.975507841743658e-06	X1
GGGCCTAGTGCTCCGT	2.807354922057604	9.556787680138532e-16	2.1356227092357177e-15	X0
CCCATAACATAAGCAA	-3.321928094887362	3.224844447881771e-24	1.2299758276999067e-22	X1
GGCATTGTCACACAGT	3.700439718141092	1.0029797609618065e-21	9.676970737184859e-21	X0
GTGTTACAGCAAGGTA	3.169925001442312	2.4127107519685975e-13	4.369011087207231e-13	X0
GCTTCGCGTGCTCCGT	-3.169925001442312	9.556787680138532e-16	2.1356227092357177e-15	X1
GACACTAGTTCCATTA	3.169925001442312	1.363071866403019e-20	8.502363950314572e-20	X0
CAAACGCGTAATGGAA	-2.584962500721156	4.1422259360400374e-14	7.91791191062939e-14	X1
GCGATTTAGGTTAGCT	-3.247927513443585	1.363071866403019e-20	8.502363950314572e-20	X1
AAGACATAGTAGCTTA	-4.523561956057013	1.5316450877189923e-17	4.472183802777584e-17	X1
CCCTTAATCATGCTAA	-2.321928094887362	7.952664236893068e-09	1.1284123271995337e-08	X1
GGGTGAAGTCATTGAG	0.9068905956085187	9.050013106514627e-08	1.228419758647018e-07	X0
GTCTAGCCACAGAACG	-2.584962500721156	9.556787680138532e-16	2.1356227092357177e-15	X1
CATAATGTCCACCCTG	-2.584962500721156	1.3513812610243942e-10	2.061271604766015e-10	X1
GTAGCCATCTACTAAG	-5.169925001442312	3.9845364322713306e-27	1.9452506862348638e-24	X1
AACGACAAGGTAACGA	-3.584962500721156	1.0029797609618065e-21	9.676970737184859e-21	X1
TAAGGACCATTAGCGC	2.321928094887362	2.756790387925026e-08	3.824929141867178e-08	X0
CTGCTATGTCCTAAGA	-2.0	9.556787680138532e-16	2.1356227092357177e-15	X1
TTTGGTGCACACCAAC	-3.169925001442312	1.6610244897268262e-18	5.822729697591934e-18	X1
ACTAACGGTCTTGCAT	-3.4594316186372973	1.6610244897268262e-18	5.822729697591934e-18	X1
GGACGAAGTTTAACCC	-2.584962500721156	1.5316450877189923e-17	4.472183802777584e-17	X1
CATCCCAGTGTGAGGA	-2.584962500721156	4.1422259360400374e-14	7.91791191062939e-14	X1
GTACTAATCGAGCTAT	-2.0	8.336813247250504e-07	1.0917468420889744e-06	X1
GGTGAGGTCATAGCCG	-2.807354922057604	1.2704266677461526e-16	3.218033375269829e-16	X1
CTTAACAAGCAACATC	-2.0	1.5316450877189923e-17	4.472183802777584e-17	X1
GAGCCTTCAATGCGCT	-4.0	1.363071866403019e-20	8.502363950314572e-20	X1
CAATCGCCAATATAGG	3.700439718141092	1.5316450877189923e-17	4.472183802777584e-17	X0
GCCAGGAAGAGAAGGG	-2.807354922057604	1.3513812610243942e-10	2.061271604766015e-10	X1
ATTCACTTCAGTTCCC	-1.8073549220576042	4.1422259360400374e-14	7.91791191062939e-14	X1
GCCAACATCCGGAACC	-1.584962500721156	0.18410080866334788	0.2023975712117845	unknown
TCTAGCGAGGCGGGTA	-2.807354922057604	1.2704266677461526e-16	3.218033375269829e-16	X1
CAAACAACAAATACCT	-2.9068905956085187	1.6610244897268262e-18	5.822729697591934e-18	X1
ATTTGCGCAGAAATTG	-3.584962500721156	1.0029797609618065e-21	9.676970737184859e-21	X1
CTATTACTCACGTTAA	3.321928094887362	9.556787680138532e-16	2.1356227092357177e-15	X0
CTCGTTATCGATAACC	2.807354922057604	1.6042818341220015e-19	7.283419635012658e-19	X0
CGAGCTGGTCACAGAC	-0.2630344058337939	0.24205920680364573	0.26354439063679713	unknown
AGTAGGATCTCACAAA	-0.28950661719498516	2.818141017102701e-07	3.7604312442133894e-07	X1
AAACCGGCACGTAATT	1.0	7.952664236893068e-09	1.1284123271995337e-08	X0
TGATCACAGGCGGATG	-2.584962500721156	2.4127107519685975e-13	4.369011087207231e-13	X1
GATGCTTAGTTGCCTC	-2.584962500721156	2.4127107519685975e-13	4.369011087207231e-13	X1
GTGATCAGTGTGTCCC	3.584962500721156	1.363071866403019e-20	8.502363950314572e-20	X0
ATGCAAACAATATGGA	3.807354922057604	1.6610244897268262e-18	5.822729697591934e-18	X0
AAAGCCGCAGGCTTGT	-3.700439718141092	6.26162256269268e-23	1.0840156507470095e-21	X1
TCACCTCAGTCAATTG	-3.0	3.9845364322713306e-27	1.9452506862348638e-24	X1
ATCCTGACATGCAACC	3.584962500721156	1.363071866403019e-20	8.502363950314572e-20	X0
GTTTCAGCAAGGTAAC	-3.700439718141092	1.0029797609618065e-21	9.676970737184859e-21	X1
TTAACTGAGGCGCACT	-3.9068905956085187	6.26162256269268e-23	1.0840156507470095e-21	X1
AGCCGGTTCTTAGGAC	3.9068905956085187	1.2704266677461526e-16	3.218033375269829e-16	X0
GTGTGAGCAATCTCTC	-3.321928094887362	1.6610244897268262e-18	5.822729697591934e-18	X1
TTGAGGCGTTAAATGC	-2.169925001442312	2.4127107519685975e-13	4.369011087207231e-13	X1
TTTCTCACAGGTATTT	-2.169925001442312	2.4127107519685975e-13	4.369011087207231e-13	X1
GTGGTTAGTTGTCATC	-2.584962500721156	1.6042818341220015e-19	7.283419635012658e-19	X1
GTAAGGTCACATTGCA	-1.584962500721156	3.925069822796835e-05	4.843013700478723e-05	X1
CCAGCTAAGTAACGGA	-3.0	6.564907761017925e-15	1.3424970548431796e-14	X1
GTACACCCAATGAATG	2.584962500721156	2.4127107519685975e-13	4.369011087207231e-13	X0
TACAGCTAGTCTATGA	-3.584962500721156	1.6042818341220015e-19	7.283419635012658e-19	X1
GCATATATCACCTGCT	-2.807354922057604	1.2704266677461526e-16	3.218033375269829e-16	X1
TAATTGCCACCTCGCT	2.321928094887362	3.0739033075239876e-11	4.8429849227620825e-11	X0
AATAACCGTTCAAGCA	1.8744691179161412	1.2704266677461526e-16	3.218033375269829e-16	X0
CAATCCCTCGCACAAT	-1.8073549220576042	9.556787680138532e-16	2.1356227092357177e-15	X1
TGGACAAAGTTTCCTG	-1.0	2.818141017102701e-07	3.7604312442133894e-07	X1
CGCTCCATCAGTATTG	-3.4594316186372973	1.5316450877189923e-17	4.472183802777584e-17	X1
TTTAGCAAGCTCAAAC	-2.0	0.38217671720133345	0.41102659716042955	unknown
GCCACACAGGAGGTTA	-4.247927513443585	1.363071866403019e-20	8.502363950314572e-20	X1
CCTTATGTCCCGTTTA	0.362570079384708	0.0004368599184561862	0.0005205215071354787	X0
ATGACAACATCAGCAC	-3.807354922057604	1.6610244897268262e-18	5.822729697591934e-18	X1
GAGGTACAGCCGCTTT	2.0	0.0017588208614850794	0.002060775226984838	X0
TAACCAGGTTCGCTCA	-3.700439718141092	4.1422259360400374e-14	7.91791191062939e-14	X1
CAAGACAAGCACCACA	-3.700439718141092	1.363071866403019e-20	8.502363950314572e-20	X1
CCAGTTTGTCCCGAAG	-1.3219280948873622	1.5316450877189923e-17	4.472183802777584e-17	X1
GATCCGTCAACCTAAT	-1.8073549220576042	1.6042818341220015e-19	7.283419635012658e-19	X1
ACACTTGCAGGCGAGT	-2.169925001442312	6.564907761017925e-15	1.3424970548431796e-14	X1
CTAGTGAGTACTTCAC	4.169925001442312	1.5316450877189923e-17	4.472183802777584e-17	X0
AGACTATGTTAGTACG	-3.321928094887362	1.363071866403019e-20	8.502363950314572e-20	X1
CGCAATCCAGAAATGC	2.584962500721156	6.548999325035109e-12	1.0693048396261339e-11	X0
TTACACCGTTTACGTC	-1.3219280948873622	3.0739033075239876e-11	4.8429849227620825e-11	X1
AGCTCATAGGTACCGC	2.0	9.157161244117683e-05	0.00011144738539251088	X0
GCTAATATCCTTCTAG	-3.321928094887362	1.6610244897268262e-18	5.822729697591934e-18	X1
CATCGCTTCATGAGCT	1.584962500721156	0.8643734879630823	0.8968272956012542	unknown
TAGGTTGGTTACCGGG	-2.0	1.5316450877189923e-17	4.472183802777584e-17	X1
CTATTGAAGCAACATC	-1.4594316186372973	4.1422259360400374e-14	7.91791191062939e-14	X1
ATAGGTACAACCGCCA	-1.765534746362977	9.556787680138532e-16	2.1356227092357177e-15	X1
ATTGTCCGTACAAAGA	-2.807354922057604	1.363071866403019e-20	8.502363950314572e-20	X1
GAATTTGTCTAGCGAT	1.415037499278844	1.363071866403019e-20	8.502363950314572e-20	X0
CCCTCACCAGGCGAGT	0.0	1.0	1.0	unknown
GTCCTCAGTGTTTGAG	3.4594316186372973	1.6042818341220015e-19	7.283419635012658e-19	X0
TACCTTTAGGTATTGC	3.700439718141092	1.6042818341220015e-19	7.283419635012658e-19	X0
GCTCACAAGTCCTTTG	-1.0	7.952664236893068e-09	1.1284123271995337e-08	X1
CTCTGTTCACTTGTTC	-1.3219280948873622	6.548999325035109e-12	1.0693048396261339e-11	X1
GTGCTTCTCAAACCTA	-2.169925001442312	9.556787680138532e-16	2.1356227092357177e-15	X1
CGATTTGCAATATACC	-3.4594316186372973	6.26162256269268e-23	1.0840156507470095e-21	X1
GGAGTGAGTGGTTCTT	-1.0	2.756790387925026e-08	3.824929141867178e-08	X1
TAGGCTGTCATCGTTT	-2.502500340529183	1.5316450877189923e-17	4.472183802777584e-17	X1
TACCGTTGTACGTTTC	3.807354922057604	9.556787680138532e-16	2.1356227092357177e-15	X0
TCCATCATCTCACTAT	-1.8744691179161412	1.0029797609618065e-21	9.676970737184859e-21	X1
GGTACTTAGATACTTG	4.643856189774724	1.6042818341220015e-19	7.283419635012658e-19	X0
CGGGACAAGTAGCGCC	-1.8073549220576042	6.564907761017925e-15	1.3424970548431796e-14	X1
ATAGGTACAATATGGA	-1.0703893278913985	2.4127107519685975e-13	4.369011087207231e-13	X1
CAAGTTATCTCCATGC	-1.8073549220576042	1.2704266677461526e-16	3.218033375269829e-16	X1
AATATCCCACGTAATT	-0.4150374992788439	1.6080007647833168e-05	2.0063706935607818e-05	X1
CTTTATGGTAGCTAAT	-2.0	1.5316450877189923e-17	4.472183802777584e-17	X1
CGGCTCACAGGGAGCT	-1.3219280948873622	2.756790387925026e-08	3.824929141867178e-08	X1
GTTGCGGGTAATTAGC	-2.584962500721156	9.556787680138532e-16	2.1356227092357177e-15	X1
CTGGTTACACTAAGAA	2.415037499278844	1.6042818341220015e-19	7.283419635012658e-19	X0
TATGACTCAGGCCAAA	0.3219280948873622	0.9999976537936937	1.0	unknown
GTAGGATCAATGAGGT	0.84799690655495	0.017600100108852396	0.02004128955016733	X0
GAACTTATCTTCAATC	-2.584962500721156	1.6042818341220015e-19	7.283419635012658e-19	X1
TATAGCTCATAACGGG	-1.8073549220576042	1.3513812610243942e-10	2.061271604766015e-10	X1
TCTAACTTCATCCTAT	-1.584962500721156	2.346206306321115e-06	3.0232744644007614e-06	X1
GCCTTGCGTCATCAAG	-0.7369655941662061	0.00020438858371340761	0.0002460120970633274	X1
CGCTTAACACAGCCAT	-1.584962500721156	8.336813247250504e-07	1.0917468420889744e-06	X1
CAACAGGCATTAGCGC	3.4594316186372973	1.6042818341220015e-19	7.283419635012658e-19	X0
CTAGATTCATCGTTCT	2.584962500721156	1.5316450877189923e-17	4.472183802777584e-17	X0
TACTGAGGTTACTTGC	-1.584962500721156	4.1422259360400374e-14	7.91791191062939e-14	X1
CTACTTAGTGAATCGC	1.584962500721156	0.9333946903963931	0.9604115944601358	unknown
GGCTAGACATGTCAGC	-1.584962500721156	1.3029679093280502e-12	2.239820187795613e-12	X1
GTTGGCGGTGATGAAA	-1.0	8.336813247250504e-07	1.0917468420889744e-06	X1
AGCCTAGTCCGCCTCA	-2.169925001442312	1.5316450877189923e-17	4.472183802777584e-17	X1
GCTTAAATCTTTAGGA	-2.700439718141092	1.6610244897268262e-18	5.822729697591934e-18	X1
ACAGCGCTCCCTCAGT	-2.169925001442312	6.548999325035109e-12	1.0693048396261339e-11	X1
CTTACTAGTTAAGCTG	-1.3219280948873622	2.818141017102701e-07	3.7604312442133894e-07	X1
TAAGGCTTCCCGAACA	-0.7369655941662061	0.0004368599184561862	0.0005205215071354787	X1
ACCTAAGGTTGCACAA	-0.7369655941662061	8.336813247250504e-07	1.0917468420889744e-06	X1
TTGGCTACAACACTTG	-2.0	1.3154334480650894e-25	1.437749125400097e-23	X1
ATGATGACAGGTTCAC	-1.736965594166206	6.26162256269268e-23	1.0840156507470095e-21	X1
AGGCTAAAGCGAAGTA	-1.8073549220576042	1.3029679093280502e-12	2.239820187795613e-12	X1
AAACGCGCAGGAACTG	3.4594316186372973	1.363071866403019e-20	8.502363950314572e-20	X0
CAAGTAACACCGGTAT	-1.222392421336448	6.564907761017925e-15	1.3424970548431796e-14	X1
AGTTTGCAGAGCCGGA	-1.8073549220576042	9.556787680138532e-16	2.1356227092357177e-15	X1
GTCATTAAGTTTGGTA	3.321928094887362	6.564907761017925e-15	1.3424970548431796e-14	X0
AACCTAATCCCGAACA	-0.4150374992788439	0.8158991913366521	0.8516005955185724	unknown
CTTACCTCATAGCTGC	-2.3219280948873626	6.26162256269268e-23	1.0840156507470095e-21	X1
TGATGATGTGGATTCA	3.700439718141092	1.363071866403019e-20	8.502363950314572e-20	X0
TGAGGGAGTTAGGCTA	2.0	6.564907761017925e-15	1.3424970548431796e-14	X0
GTACGTAGTGATTACG	-2.807354922057604	1.5316450877189923e-17	4.472183802777584e-17	X1
ACCGGTTCAAACATAG	3.4594316186372973	1.363071866403019e-20	8.502363950314572e-20	X0
CAGCTATAGGCTAGAA	-1.0	9.050013106514627e-08	1.228419758647018e-07	X1
AGCGGATAGGAAGCAC	3.4594316186372973	5.579544528625976e-10	8.284469704608276e-10	X0
TAGCCTTGTGTTTGCT	-1.0	9.157161244117683e-05	0.00011144738539251088	X1
TCACCTGGTTAGGACC	0.0	1.0	1.0	unknown
ATTTGTGAGTAACCCG	4.169925001442312	1.363071866403019e-20	8.502363950314572e-20	X0
AACCTTGCACTAGCGT	-1.3219280948873622	6.548999325035109e-12	1.0693048396261339e-11	X1
CGAATCTAGTAAGTGG	-1.8073549220576042	2.4127107519685975e-13	4.369011087207231e-13	X1
AGTATAGCAATAGCAA	-2.584962500721156	1.2704266677461526e-16	3.218033375269829e-16	X1
CGGCAATGTTGGCCGA	-2.0	9.556787680138532e-16	2.1356227092357177e-15	X1
GTATTGATCCTTCAAT	-1.8073549220576042	9.556787680138532e-16	2.1356227092357177e-15	X1
CTTGTTCCATGAATCT	3.247927513443585	1.0029797609618065e-21	9.676970737184859e-21	X0
TACAAGCTCCCGCCTA	0.0	1.0	1.0	unknown
GTCTAACAGGCGTAAA	-1.3219280948873622	2.1686833167108188e-09	3.137350440196232e-09	X1
CTGATCACAAGGTAAC	-2.584962500721156	9.556787680138532e-16	2.1356227092357177e-15	X1
CATCACACAGGGAGCT	0.3219280948873622	0.38217671720133345	0.41102659716042955	unknown
ATGGCTAGTGGGTGAA	-1.3219280948873622	5.579544528625976e-10	8.284469704608276e-10	X1
TACTGAGGTTGTTGTC	-0.5849625007211561	0.38217671720133345	0.41102659716042955	unknown
CTTGACGAGGATCCGC	-2.321928094887362	1.6610244897268262e-18	5.822729697591934e-18	X1
GACTCACCATGCTTAG	2.0	1.3029679093280502e-12	2.239820187795613e-12	X0
CTAGGACGTTGTGACA	2.807354922057604	1.3513812610243942e-10	2.061271604766015e-10	X0
CTTGTAAAGTTTGGGT	0.0	1.0	1.0	unknown
GGCTCACAGCACTAGT	2.700439718141092	1.6042818341220015e-19	7.283419635012658e-19	X0
AGAAAGGCAGGAAGCC	2.4594316186372973	1.6042818341220015e-19	7.283419635012658e-19	X0
AGCCGCTAGTTAGTGC	-0.5849625007211561	0.30864970679462606	0.33430584275359365	unknown
GTCTAATCACATAACT	1.584962500721156	6.548999325035109e-12	1.0693048396261339e-11	X0
CACCTCAGTTTGTCTA	2.4594316186372973	1.2704266677461526e-16	3.218033375269829e-16	X0
ATAATGGCAATGAGGT	0.7369655941662061	6.289575008339427e-06	7.975507841743658e-06	X0
CACTTAAAGCCACATG	-2.584962500721156	1.6610244897268262e-18	5.822729697591934e-18	X1
TTAGGCCCAATAGCCC	-0.4150374992788439	0.9033260477521786	0.9326176015352042	unknown
GGGTCAACAGGCCAAA	1.3219280948873622	2.1686833167108188e-09	3.137350440196232e-09	X0
CAAGTATGTCAAAGAA	-3.4594316186372973	1.0029797609618065e-21	9.676970737184859e-21	X1
CAAACCGTCCGCCTAT	-1.584962500721156	0.9333946903963931	0.9604115944601358	unknown
TTTGTGAAGCATCCAG	-1.0	0.017600100108852396	0.02004128955016733	X1
ATTACGTCAACTAGCC	-1.8073549220576042	1.6610244897268262e-18	5.822729697591934e-18	X1
AGCTATATCATAACCA	-3.321928094887362	6.564907761017925e-15	1.3424970548431796e-14	X1
TTCAGTTTCGCTCACT	0.0	1.0	1.0	unknown
CAACTAATCCTGGTCT	-3.9068905956085187	3.224844447881771e-24	1.2299758276999067e-22	X1
CTTACCGGTATTCGTC	1.0	0.00020438858371340761	0.0002460120970633274	X0
TTAGTCAAGCTAAAGG	-3.4594316186372973	1.6610244897268262e-18	5.822729697591934e-18	X1
GCTATCCTCACCGGTA	-4.247927513443585	1.363071866403019e-20	8.502363950314572e-20	X1
ATAACGACACTTAGGC	2.4594316186372973	1.363071866403019e-20	8.502363950314572e-20	X0
TGGCTATAGCTTAACA	-2.7369655941662066	1.363071866403019e-20	8.502363950314572e-20	X1
GCAGGACCAGGCTACT	2.321928094887362	1.5316450877189923e-17	4.472183802777584e-17	X0
AAGTGAAGTGCTAGAC	-3.0	4.1422259360400374e-14	7.91791191062939e-14	X1
CGTAACTAGCGAGGTG	1.8073549220576042	6.564907761017925e-15	1.3424970548431796e-14	X0
TAGGAGGGTCCCGAAG	1.3219280948873622	2.756790387925026e-08	3.824929141867178e-08	X0
GCCTTAACATTGTGCA	-1.3219280948873622	6.548999325035109e-12	1.0693048396261339e-11	X1
TGCTCTCAGCCTGATG	2.584962500721156	1.363071866403019e-20	8.502363950314572e-20	X0
AAACGTACAGGCGAGT	2.169925001442312	6.548999325035109e-12	1.0693048396261339e-11	X0
CATGAGGCAGTTTCTC	1.736965594166206	1.2704266677461526e-16	3.218033375269829e-16	X0
AGTAATCGTATGGTGC	1.078002512001273	6.548999325035109e-12	1.0693048396261339e-11	X0
CCTTCGTAGTTACTTC	-1.584962500721156	0.9895106321610742	1.0	unknown
TGCGATTAGCCTGTGA	-4.459431618637297	0.0004368599184561862	0.0005205215071354787	X1
TTGCAGCCAGGCGATA	-3.0	9.556787680138532e-16	2.1356227092357177e-15	X1
CTCCAAACATCATGGC	-2.584962500721156	1.3029679093280502e-12	2.239820187795613e-12	X1
TAGCGGACAGTAGGTG	2.222392421336448	1.2704266677461526e-16	3.218033375269829e-16	X0
CTATTGAAGGAGTCGG	0.0	1.0	1.0	unknown
TGAAGTGAGCACGATT	0.4150374992788439	0.028443966820490392	0.032198974961578475	X0
CTAGCTTGTGATCATG	-3.584962500721156	1.3154334480650894e-25	1.437749125400097e-23	X1
GAGAACCAGGATGATG	-3.0	3.0739033075239876e-11	4.8429849227620825e-11	X1
CCATTATTCTTGCAAA	-2.584962500721156	2.756790387925026e-08	3.824929141867178e-08	X1
CCTACTGGTTAGCATG	-4.392317422778761	1.3154334480650894e-25	1.437749125400097e-23	X1
TACTGGCCATGCAACC	0.0	1.0	1.0	unknown
TCTTAGTTCCGCCAAA	-0.84799690655495	3.925069822796835e-05	4.843013700478723e-05	X1
CGGGCTTAGGCGGGTA	1.0	0.0008949651957434264	0.001056728495393278	X0
CCGGTTAAGGTAAGCA	0.0	1.0	1.0	unknown
TCTTGACGTGGACCTG	-3.169925001442312	1.2704266677461526e-16	3.218033375269829e-16	X1
TACTCAAAGGTTACAC	0.7004397181410922	2.1686833167108188e-09	3.137350440196232e-09	X0
ACCTCACTCCCTCTAA	-2.0	6.548999325035109e-12	1.0693048396261339e-11	X1
AAAGCCCGTTAAGGTT	1.3219280948873622	2.346206306321115e-06	3.0232744644007614e-06	X0
GAACACAAGTAACGAG	3.3923174227787607	3.224844447881771e-24	1.2299758276999067e-22	X0
AGCTATATCAGTATTG	0.5849625007211561	2.756790387925026e-08	3.824929141867178e-08	X0
CCTTCGGTCGGTTAGT	-0.2630344058337939	0.0004368599184561862	0.0005205215071354787	X1
AAATGCCTCCCTGATC	1.0	0.0017588208614850794	0.002060775226984838	X0
CTAACCACAAATGCCC	-3.584962500721156	3.224844447881771e-24	1.2299758276999067e-22	X1
TCCAGGATCCTGCGAA	-2.807354922057604	2.4127107519685975e-13	4.369011087207231e-13	X1
TAGCATATCGCAAACT	-2.321928094887362	3.925069822796835e-05	4.843013700478723e-05	X1
ACCATAATCGATTTAG	2.321928094887362	1.2704266677461526e-16	3.218033375269829e-16	X0
AAGTTAGCACCTAAGC	-2.807354922057604	9.556787680138532e-16	2.1356227092357177e-15	X1
GCAGGATAGTCACCAG	0.0	1.0	1.0	unknown
CATGCGGGTGGAGCAA	-2.0	0.0004368599184561862	0.0005205215071354787	X1
GCAGGCAAGGCATTAC	-0.4150374992788439	0.0004368599184561862	0.0005205215071354787	X1
AGAGAAGCAGTCTATG	-3.321928094887362	6.26162256269268e-23	1.0840156507470095e-21	X1
CAAACACTCATCGTTT	2.700439718141092	1.0029797609618065e-21	9.676970737184859e-21	X0
TCAAGACTCCGGTTAG	0.2630344058337939	0.24205920680364573	0.26354439063679713	unknown
CTGTATTTCATTACGA	-1.84799690655495	2.1686833167108188e-09	3.137350440196232e-09	X1
ACAGTATGTGGCTTCC	-4.247927513443585	1.6042818341220015e-19	7.283419635012658e-19	X1
CTAGGCGGTTCAAGAT	0.5849625007211561	0.6178232827986665	0.6536145478091064	unknown
AAGTTACGTAAGGTCC	-3.700439718141092	1.363071866403019e-20	8.502363950314572e-20	X1
ATTCCTAGTGTCCAGG	-2.807354922057604	1.6610244897268262e-18	5.822729697591934e-18	X1
AGCTACGTCATTAGTG	-3.169925001442312	6.548999325035109e-12	1.0693048396261339e-11	X1
CTCAGGATCTTAGGAC	-2.807354922057604	9.556787680138532e-16	2.1356227092357177e-15	X1
CATTCCTCACATTGCA	-2.0	0.01048936783892586	0.011996507993823844	X1
AGGTCTTAGCATGCAT	-3.169925001442312	1.363071866403019e-20	8.502363950314572e-20	X1
GGATGTAAGGCAAGTA	-4.857980995127572	6.26162256269268e-23	1.0840156507470095e-21	X1
AAGGAAGCAATGAATG	-2.169925001442312	9.556787680138532e-16	2.1356227092357177e-15	X1
GTCCAAGTCCTTCAAT	-3.9068905956085187	1.0029797609618065e-21	9.676970737184859e-21	X1
CTCTAAGCATGATTGT	-4.392317422778761	1.0029797609618065e-21	9.676970737184859e-21	X1
AGGTGAATCCGTTATT	-2.0	0.0060164878626817395	0.0069340164649698425	X1
TGGACCGGTGGATTCA	-2.700439718141092	1.363071866403019e-20	8.502363950314572e-20	X1
ACTAACGGTGTGAGAG	-2.584962500721156	6.564907761017925e-15	1.3424970548431796e-14	X1
CGGGTATGTTCTTTAG	-3.321928094887362	1.6042818341220015e-19	7.283419635012658e-19	X1
TGTTTGTTCTAATCAG	-2.584962500721156	2.1686833167108188e-09	3.137350440196232e-09	X1
ACGCTTGAGTTGGGCC	-3.4594316186372973	4.1422259360400374e-14	7.91791191062939e-14	X1
GGGCATTGTGTCACGG	-3.321928094887362	4.1422259360400374e-14	7.91791191062939e-14	X1
GCTATCCTCTTAGGGT	1.8073549220576042	2.4127107519685975e-13	4.369011087207231e-13	X0
CATCCTTCATTAAAGG	-3.169925001442312	1.6610244897268262e-18	5.822729697591934e-18	X1
CGAGGTGAGTAAGAAC	-4.087462841250339	1.363071866403019e-20	8.502363950314572e-20	X1
AGCTTGGTCAGGGCCT	-2.584962500721156	6.548999325035109e-12	1.0693048396261339e-11	X1
AGGATGTCAATATAGG	-1.222392421336448	3.0739033075239876e-11	4.8429849227620825e-11	X1
AGTTACTCATCATGGC	1.8073549220576042	2.4127107519685975e-13	4.369011087207231e-13	X0
GATGAGGGTGACCTGG	1.8073549220576042	1.5316450877189923e-17	4.472183802777584e-17	X0
CTATTGAAGGCTAGAA	-3.0	3.0739033075239876e-11	4.8429849227620825e-11	X1
ACCTAAATCGTTCACC	-2.321928094887362	5.579544528625976e-10	8.284469704608276e-10	X1
GATGACTTCGTACCGA	1.0	0.01048936783892586	0.011996507993823844	X0
TGAGTTTCAAACTAAG	0.6520766965796931	2.346206306321115e-06	3.0232744644007614e-06	X0
TAGCGGACAGGTTACC	-3.321928094887362	1.5316450877189923e-17	4.472183802777584e-17	X1
TTTGTCCCATTGCGTA	-2.807354922057604	4.1422259360400374e-14	7.91791191062939e-14	X1
GTTGCCCGTTTGCGAA	2.700439718141092	1.6042818341220015e-19	7.283419635012658e-19	X0
GCCTGAGGTTGTAAAC	-3.0	6.548999325035109e-12	1.0693048396261339e-11	X1
GGCTATTAGACCATAC	-3.9068905956085187	1.363071866403019e-20	8.502363950314572e-20	X1
AATTGCTCAGTACCGT	-2.0	0.00020438858371340761	0.0002460120970633274	X1
TGGATTCAGGTGCGGA	1.0	1.6080007647833168e-05	2.0063706935607818e-05	X0
CAGGAAGGTGCATTAG	-3.0	6.548999325035109e-12	1.0693048396261339e-11	X1
TTTCACCCAAGCCACT	-2.700439718141092	1.5316450877189923e-17	4.472183802777584e-17	X1
TTGTGTGCACCAGGTT	-1.0	0.044313040057033834	0.04985472305080024	X1
AGCCAGTGTAGACAAA	-1.3219280948873622	1.6080007647833168e-05	2.0063706935607818e-05	X1
TATATCCTCGTTCACC	-2.584962500721156	6.564907761017925e-15	1.3424970548431796e-14	X1
TGCAATATCCTTAAGA	-3.3219280948873626	1.0029797609618065e-21	9.676970737184859e-21	X1
CTGACATAGAAGCTAG	-3.321928094887362	9.556787680138532e-16	2.1356227092357177e-15	X1
CCGGTAGGTAAAGCAA	1.584962500721156	6.289575008339427e-06	7.975507841743658e-06	X0
ACCATTAAGCATGAAG	-2.321928094887362	3.0739033075239876e-11	4.8429849227620825e-11	X1
ATCACCCTCCAGGTCA	-3.807354922057604	1.363071866403019e-20	8.502363950314572e-20	X1
GGCTGAGAGTTATGGC	-4.087462841250339	1.2704266677461526e-16	3.218033375269829e-16	X1
ACCCGCTGTTACATCC	2.321928094887362	2.818141017102701e-07	3.7604312442133894e-07	X0
AAGCTCCCACTAAGTT	-0.7369655941662061	0.30864970679462606	0.33430584275359365	unknown
AGCAGGTAGTTATCCT	-3.321928094887362	1.6610244897268262e-18	5.822729697591934e-18	X1
CAGGACCTCTAGCGAT	-2.584962500721156	7.952664236893068e-09	1.1284123271995337e-08	X1
AAGACAAGTTATAGCG	-2.584962500721156	5.579544528625976e-10	8.284469704608276e-10	X1
GGTTTCCTCTTAGCGG	-2.4594316186372973	9.556787680138532e-16	2.1356227092357177e-15	X1
GCATTAGGTACGGTAC	-2.700439718141092	2.4127107519685975e-13	4.369011087207231e-13	X1
CAAAGCGCAAGCCAGA	2.0	1.6610244897268262e-18	5.822729697591934e-18	X0
GCTTATCGTGCACGCA	1.8073549220576042	2.4127107519685975e-13	4.369011087207231e-13	X0
GGTATGTTCATTACGA	-1.415037499278844	9.556787680138532e-16	2.1356227092357177e-15	X1
CACGCAATCGCTATAA	0.8073549220576042	0.0008949651957434264	0.001056728495393278	X0
ACTCACCTCTGCAAAC	-1.584962500721156	0.6178232827986665	0.6536145478091064	unknown
TAGCCTGAGTATCGCG	-4.523561956057013	6.26162256269268e-23	1.0840156507470095e-21	X1
GTCTTGCTCGCCTAAG	-1.0	0.9556869599429662	0.981556186207902	unknown
CCCTCATAGGTAAGCA	-1.584962500721156	0.8158991913366521	0.8516005955185724	unknown
TCGTAATCAACAACAA	-3.321928094887362	1.6610244897268262e-18	5.822729697591934e-18	X1
CATTGTGCATAGCAGG	-3.584962500721156	1.3154334480650894e-25	1.437749125400097e-23	X1
AGGTCCGGTTCCAGGG	-1.485426827170242	6.564907761017925e-15	1.3424970548431796e-14	X1
GCCTAATAGCTATTGA	-3.4594316186372973	6.26162256269268e-23	1.0840156507470095e-21	X1
TTATAGCCAATTATGC	-2.0	4.1422259360400374e-14	7.91791191062939e-14	X1
AGGTCTTAGAATCTCA	-2.321928094887362	2.1686833167108188e-09	3.137350440196232e-09	X1
TGGTGCATCTACCTCA	-3.4594316186372973	1.6042818341220015e-19	7.283419635012658e-19	X1
AATTAGCGTTAGTACG	0.7369655941662061	0.24205920680364573	0.26354439063679713	unknown
ATCACTAAGTAAACCC	-1.8073549220576042	2.1686833167108188e-09	3.137350440196232e-09	X1
AGTGTGGCAACAGGTG	-1.0	0.0017588208614850794	0.002060775226984838	X1
AGCAAATAGATAAAGC	2.584962500721156	8.336813247250504e-07	1.0917468420889744e-06	X0
TTAGGATGTCAGGAAG	-2.584962500721156	2.4127107519685975e-13	4.369011087207231e-13	X1
GTACTTAAGATTGAGG	-3.0	1.6610244897268262e-18	5.822729697591934e-18	X1
CTTTGGTGTACTTAGG	-2.584962500721156	6.548999325035109e-12	1.0693048396261339e-11	X1
TCGTTTCCATTGTTGG	-3.169925001442312	4.1422259360400374e-14	7.91791191062939e-14	X1
GACCTAAGTATTGGAT	-3.321928094887362	1.2704266677461526e-16	3.218033375269829e-16	X1
CACTTTGTCCTCCATA	-2.584962500721156	2.756790387925026e-08	3.824929141867178e-08	X1
GCTCGATCAGGCGAGT	-2.169925001442312	6.564907761017925e-15	1.3424970548431796e-14	X1
GGCCAGTTCCATAATG	2.169925001442312	9.556787680138532e-16	2.1356227092357177e-15	X0
TCTCGCCCACCATATG	1.0	0.028443966820490392	0.032198974961578475	X0
TTGAGCTAGGACGTAA	2.4594316186372973	1.6042818341220015e-19	7.283419635012658e-19	X0
CTCATGACATAGACCC	-5.20945336562895	1.6042818341220015e-19	7.283419635012658e-19	X1
CCAAACTAGCTCCTAC	0.8231222379159209	6.548999325035109e-12	1.0693048396261339e-11	X0
TTAAGTGTCATGGCCA	1.584962500721156	0.9033260477521786	0.9326176015352042	unknown
CTCAGGATCATAATCG	-1.584962500721156	6.564907761017925e-15	1.3424970548431796e-14	X1
AGTGTTTCAGTAGCCT	1.584962500721156	0.7579407931963542	0.7938215715928063	unknown
TCAACAATCCGGTATG	-3.4594316186372973	1.6042818341220015e-19	7.283419635012658e-19	X1
TTTAGCTTCATAATCG	-2.584962500721156	7.952664236893068e-09	1.1284123271995337e-08	X1
ACCTAAGGTCAGGAAG	-1.584962500721156	0.8643734879630823	0.8968272956012542	unknown
CTAATTGAGAGAGGAG	-2.0	1.5316450877189923e-17	4.472183802777584e-17	X1
AGCGATTTCCTGAATA	3.700439718141092	1.363071866403019e-20	8.502363950314572e-20	X0
AGCTTGGTCATCACTT	0.6520766965796931	2.818141017102701e-07	3.7604312442133894e-07	X0
AGGTTTGGTACTTAGG	-2.584962500721156	1.3029679093280502e-12	2.239820187795613e-12	X1
AGCGGACCACTTGTTC	-4.0	1.363071866403019e-20	8.502363950314572e-20	X1
TGCACCTTCCACCTTA	-3.169925001442312	9.556787680138532e-16	2.1356227092357177e-15	X1
AACCTAATCACAGACT	-3.4594316186372973	6.548999325035109e-12	1.0693048396261339e-11	X1
CAAGTATGTTGCGGAT	-2.807354922057604	5.579544528625976e-10	8.284469704608276e-10	X1
CGGTGAGAGTTCCTGC	-1.584962500721156	0.9939835121373183	1.0	unknown
TCTGTGACAATGAAGC	1.5849625007211565	1.6610244897268262e-18	5.822729697591934e-18	X0
CTGTTGGAGGGTTAGA	4.0	1.0029797609618065e-21	9.676970737184859e-21	X0
GAGGCTACAATTTAGC	-2.807354922057604	1.3513812610243942e-10	2.061271604766015e-10	X1
CTGTTTAGTCAAAGGG	-3.584962500721156	1.6042818341220015e-19	7.283419635012658e-19	X1
GGTGAGCCATTATGAC	-3.321928094887362	6.564907761017925e-15	1.3424970548431796e-14	X1
GTTTGTCGTAACGAGG	1.8073549220576042	2.4127107519685975e-13	4.369011087207231e-13	X0
GTCATGAGTTGAGCCG	-2.321928094887362	5.579544528625976e-10	8.284469704608276e-10	X1
TGAGGCACATAATCAC	-3.169925001442312	1.5316450877189923e-17	4.472183802777584e-17	X1
CTACCTCAGCCAGGTC	-4.392317422778761	1.363071866403019e-20	8.502363950314572e-20	X1
TGCATTAAGCTTACTT	2.0	1.5316450877189923e-17	4.472183802777584e-17	X0
GACTCACCAGGCTTGT	-2.0	3.0739033075239876e-11	4.8429849227620825e-11	X1
ATCCAACAGCTTTGTT	-3.321928094887362	4.1422259360400374e-14	7.91791191062939e-14	X1
CCTGTATGTGCTTACT	-4.087462841250339	1.0029797609618065e-21	9.676970737184859e-21	X1
GGGAATATCCGCACAA	2.0	0.0004368599184561862	0.0005205215071354787	X0
TAGGAACCACCTACGG	-1.736965594166206	1.3029679093280502e-12	2.239820187795613e-12	X1
TCAAGAACAAATGCCC	3.4594316186372973	1.0029797609618065e-21	9.676970737184859e-21	X0
TGAGTTTCAGGACCTT	-1.584962500721156	0.6913502932053739	0.7283496183488639	unknown
TACGTACAGCAATAGG	3.0	6.564907761017925e-15	1.3424970548431796e-14	X0
GGAATCTTCGGTTAGT	-2.321928094887362	1.6080007647833168e-05	2.0063706935607818e-05	X1
AACATCATCATGCTCC	2.0	1.2704266677461526e-16	3.218033375269829e-16	X0
GCTCGATCACCTGTAA	2.0	2.756790387925026e-08	3.824929141867178e-08	X0
GCCATGATCACCAATA	2.4594316186372973	1.0029797609618065e-21	9.676970737184859e-21	X0
TTAAAGGCAGGCGAGT	-3.9068905956085187	3.224844447881771e-24	1.2299758276999067e-22	X1
AGGTTTGGTTCGCTTG	-2.321928094887362	6.548999325035109e-12	1.0693048396261339e-11	X1
GCAATAGAGTCACTCC	-1.263034405833794	9.556787680138532e-16	2.1356227092357177e-15	X1
CACTAGCCAACTAGCC	-2.700439718141092	1.6042818341220015e-19	7.283419635012658e-19	X1
CCTTGTTCAGCACCAT	4.0	1.0029797609618065e-21	9.676970737184859e-21	X0
GTCATCACACATTGCA	-2.0	9.157161244117683e-05	0.00011144738539251088	X1
AGGACGTAGGACACTT	0.3219280948873622	0.0004368599184561862	0.0005205215071354787	X0
GGGATAATCGTTAAGC	3.807354922057604	1.6042818341220015e-19	7.283419635012658e-19	X0
CGTAACCCATTGTGTG	-3.321928094887362	1.3029679093280502e-12	2.239820187795613e-12	X1
TTGGTGAGTTATGTGG	-2.321928094887362	5.579544528625976e-10	8.284469704608276e-10	X1
TGAGCCGGTACAAAGA	3.700439718141092	1.2704266677461526e-16	3.218033375269829e-16	X0
TCATGAGGTCCGTAGG	-2.0	0.0017588208614850794	0.002060775226984838	X1
TTGATGTCATTATGGT	-2.807354922057604	6.564907761017925e-15	1.3424970548431796e-14	X1
CGGTTTGAGGCCTTAG	2.807354922057604	6.564907761017925e-15	1.3424970548431796e-14	X0
GCAAGTGCACAGCCAT	4.0	1.0029797609618065e-21	9.676970737184859e-21	X0
CAGCCTAAGTAAGTGG	-2.807354922057604	9.556787680138532e-16	2.1356227092357177e-15	X1
TAGTACGGTTGGATCA	-2.321928094887362	4.1422259360400374e-14	7.91791191062939e-14	X1
GGTGAGCCAAGCCAGA	-1.8073549220576042	2.4127107519685975e-13	4.369011087207231e-13	X1
ACACTTAAGCCACATG	-2.169925001442312	1.363071866403019e-20	8.502363950314572e-20	X1
TTACGTTTCGCACAAT	0.3219280948873622	0.9999084283875588	1.0	unknown
GACTTGGTCGATTATG	-3.0	6.564907761017925e-15	1.3424970548431796e-14	X1
GCCTATTGTGAAGCCT	-2.584962500721156	0.044313040057033834	0.04985472305080024	X1
AAGTCTATCGCTATGG	-1.584962500721156	1.3029679093280502e-12	2.239820187795613e-12	X1
AACATCATCTTTAGGA	-3.0	1.5316450877189923e-17	4.472183802777584e-17	X1
AGCTAGTTCATTTGTC	-3.4594316186372973	2.4127107519685975e-13	4.369011087207231e-13	X1
TCTTTGTAGCGGATTT	-2.0	6.548999325035109e-12	1.0693048396261339e-11	X1
TTGTGCGAGCACAGCC	-2.584962500721156	4.1422259360400374e-14	7.91791191062939e-14	X1
TCATGCCTCCGCACAA	-3.321928094887362	1.5316450877189923e-17	4.472183802777584e-17	X1
CCGCTAGCATTGTGCA	-2.807354922057604	6.548999325035109e-12	1.0693048396261339e-11	X1
AATTGTGTCCAATAGC	0.8744691179161412	7.952664236893068e-09	1.1284123271995337e-08	X0
GCCGTGAGTAGGTGTC	2.0	0.0008949651957434264	0.001056728495393278	X0
CATTATGAGCTCCTTA	-3.4594316186372973	9.556787680138532e-16	2.1356227092357177e-15	X1
AGGTTTATCCTTCTAG	3.321928094887362	1.6042818341220015e-19	7.283419635012658e-19	X0
TTTAACCTCGGGACTC	-1.0	1.3029679093280502e-12	2.239820187795613e-12	X1
AACAAGCCATCATGGC	1.9068905956085187	3.224844447881771e-24	1.2299758276999067e-22	X0
CCTAGTTGTAGTTACG	-3.0	6.564907761017925e-15	1.3424970548431796e-14	X1
CCCAATTGTTATTGCC	-2.321928094887362	3.0739033075239876e-11	4.8429849227620825e-11	X1
TGCGCAGGTTCCAGGG	4.169925001442312	6.26162256269268e-23	1.0840156507470095e-21	X0
GGACTAAAGTTTGGGT	-1.584962500721156	3.0739033075239876e-11	4.8429849227620825e-11	X1
TACAACATCCTCGATC	2.502500340529183	1.0029797609618065e-21	9.676970737184859e-21	X0
GCAAACCGTGAGGTAG	-2.700439718141092	1.363071866403019e-20	8.502363950314572e-20	X1
AGATGCTTCCGTCCAT	3.169925001442312	1.2704266677461526e-16	3.218033375269829e-16	X0
GATTTGCAGAGGAGTC	2.4594316186372973	6.26162256269268e-23	1.0840156507470095e-21	X0
ATGGCTGTCTTAATGG	-3.807354922057604	1.0029797609618065e-21	9.676970737184859e-21	X1
CTCGTTATCGCACAAT	-0.514573172829758	0.028443966820490392	0.032198974961578475	X1
GATCGCTCACTGGCCA	3.584962500721156	1.6610244897268262e-18	5.822729697591934e-18	X0
ATCGGCCAGCAATAGG	-2.321928094887362	2.1686833167108188e-09	3.137350440196232e-09	X1
ACTCCTCAGCCTGATG	1.6780719051126378	1.6610244897268262e-18	5.822729697591934e-18	X0
CGCAATCCAAGTGAAC	-2.584962500721156	7.952664236893068e-09	1.1284123271995337e-08	X1
AGTAACGAGCACAGCC	-3.169925001442312	1.6042818341220015e-19	7.283419635012658e-19	X1
TTCAGCACAGTTATGT	2.0	0.00020438858371340761	0.0002460120970633274	X0
AGCTTTAAGGACCTTG	-2.321928094887362	1.6610244897268262e-18	5.822729697591934e-18	X1
GTACTAATCATGTCAA	-3.169925001442312	1.2704266677461526e-16	3.218033375269829e-16	X1
CACCAACCAGGCGAGT	-2.0	9.556787680138532e-16	2.1356227092357177e-15	X1
CGCAATTAGGGTTAGA	3.9068905956085187	1.363071866403019e-20	8.502363950314572e-20	X0
CCTATTTAGAATCTCA	1.584962500721156	1.2704266677461526e-16	3.218033375269829e-16	X0
AACTAGCTCCCGAAGC	-3.321928094887362	9.556787680138532e-16	2.1356227092357177e-15	X1
GCTGTACCATTGTGCA	-3.0	1.2704266677461526e-16	3.218033375269829e-16	X1
CCAGGAACATCTAGCA	-3.584962500721156	1.363071866403019e-20	8.502363950314572e-20	X1
TAGTTGTCAGTCTAGC	-2.0	0.00020438858371340761	0.0002460120970633274	X1
CTGGATGTCATGGCCA	-2.321928094887362	2.756790387925026e-08	3.824929141867178e-08	X1
CTGGTTTGTAACTACG	-3.9068905956085187	1.6610244897268262e-18	5.822729697591934e-18	X1
AGGTTTATCTTTGAGA	2.321928094887362	9.556787680138532e-16	2.1356227092357177e-15	X0
CGGGACAAGGAGCACG	0.84799690655495	7.952664236893068e-09	1.1284123271995337e-08	X0
CAGGAAGGTAGCCTCC	-1.584962500721156	2.1686833167108188e-09	3.137350440196232e-09	X1
TGCATGAGTTTGTTGC	-2.0	0.0060164878626817395	0.0069340164649698425	X1
ATGAAGCCACAACCTA	-2.0	6.289575008339427e-06	7.975507841743658e-06	X1
GTGGCTTCAATGCGCT	-2.807354922057604	6.564907761017925e-15	1.3424970548431796e-14	X1
GGTTGACGTACCAGGT	-3.0	9.556787680138532e-16	2.1356227092357177e-15	X1
AGTAGCTTCCTCGATC	2.807354922057604	1.3513812610243942e-10	2.061271604766015e-10	X0
TTAGCTGCATACCCGG	1.736965594166206	1.6042818341220015e-19	7.283419635012658e-19	X0
CCAGTTTGTTGAAGCC	-0.7369655941662061	0.0017588208614850794	0.002060775226984838	X1
TCTTTGTAGGTCCTGA	-2.0	0.0008949651957434264	0.001056728495393278	X1
ACTAAAGCACAAAGGT	-2.169925001442312	1.6042818341220015e-19	7.283419635012658e-19	X1
GTGAATCTCTTGTTCG	1.415037499278844	0.0004368599184561862	0.0005205215071354787	X0
CCCTTAATCACGCCAA	-1.584962500721156	2.346206306321115e-06	3.0232744644007614e-06	X1
CTTAAGGGTAGGTTAT	-3.584962500721156	1.6610244897268262e-18	5.822729697591934e-18	X1
TACTAAGTCACTAGGT	2.4594316186372973	2.4127107519685975e-13	4.369011087207231e-13	X0
ACTCGCGCAGGAACCA	2.807354922057604	1.3513812610243942e-10	2.061271604766015e-10	X0
GGGATAATCCTACCTA	0.2479275134435852	8.336813247250504e-07	1.0917468420889744e-06	X0
CCCTGGACAATTTAGC	3.169925001442312	1.6042818341220015e-19	7.283419635012658e-19	X0
TACAGGTTCTTGCAGG	-3.9068905956085187	3.224844447881771e-24	1.2299758276999067e-22	X1
CTCATCATCTAAGTGC	3.0	6.564907761017925e-15	1.3424970548431796e-14	X0
CGATTGAGTTGAGGTC	2.4594316186372973	1.363071866403019e-20	8.502363950314572e-20	X0
CGTCAATAGCTGGCTA	-2.807354922057604	3.0739033075239876e-11	4.8429849227620825e-11	X1
CTGACCAAGGTGAAGC	-2.0	0.003318560257963064	0.003849487845566849	X1
CTGCTATGTAAATTGC	-3.807354922057604	1.0029797609618065e-21	9.676970737184859e-21	X1
CCGCACACAATTAACC	-2.169925001442312	6.548999325035109e-12	1.0693048396261339e-11	X1
GGGTATTTCGCTCACT	-1.584962500721156	0.9333946903963931	0.9604115944601358	unknown
TGATCGAGTTCGCTCA	-2.0	9.556787680138532e-16	2.1356227092357177e-15	X1
ATTACCGCATAAGCAA	-1.3219280948873622	1.6080007647833168e-05	2.0063706935607818e-05	X1
TGCTAGCCAGAAATTG	3.0	1.5316450877189923e-17	4.472183802777584e-17	X0
CAATGCCCATGTCAGC	-3.700439718141092	1.363071866403019e-20	8.502363950314572e-20	X1
GATGCGACAAGGTGGC	2.807354922057604	2.4127107519685975e-13	4.369011087207231e-13	X0
TCGGTAAGTCAGTAAT	1.584962500721156	0.9715560331795096	0.9954812971839302	unknown
TCAGCCTTCCCTCACG	-3.700439718141092	1.5316450877189923e-17	4.472183802777584e-17	X1
CACAATATCTTAGTGA	0.3219280948873622	0.46020538130641053	0.49191125489809434	unknown
CAAGACAAGCGGTTAT	-2.0	9.157161244117683e-05	0.00011144738539251088	X1
AGGACGTAGGAACCGG	-2.321928094887362	1.6080007647833168e-05	2.0063706935607818e-05	X1
CGGGTCTAGTGAAGTG	2.584962500721156	6.548999325035109e-12	1.0693048396261339e-11	X0
AGTCAAGAGTAGAGGC	-3.584962500721156	9.556787680138532e-16	2.1356227092357177e-15	X1
TCTAGCCTCTTAGGAC	-2.321928094887362	1.6610244897268262e-18	5.822729697591934e-18	X1
CCAAATCAGTCTGGGC	-2.0	0.028443966820490392	0.032198974961578475	X1
AGCCAGTGTTAAGCGC	-2.0	9.050013106514627e-08	1.228419758647018e-07	X1
AACCCGCAGCAGGTGG	0.4150374992788439	0.6913502932053739	0.7283496183488639	unknown
TATATCCTCTCACTAT	-3.0	1.3029679093280502e-12	2.239820187795613e-12	X1
AAAGCAAGTTAGAGGG	2.3219280948873626	6.26162256269268e-23	1.0840156507470095e-21	X0
GGTATTTCATTGTTGG	3.4594316186372973	1.0029797609618065e-21	9.676970737184859e-21	X0
CCGCACACATAAGTCT	2.0	0.01048936783892586	0.011996507993823844	X0
ACAGGATCAATAGCCC	-0.8744691179161412	6.564907761017925e-15	1.3424970548431796e-14	X1
TCTATGTTCCAAATCA	2.9068905956085187	6.26162256269268e-23	1.0840156507470095e-21	X0
TACTGCACACTTAACG	0.0	1.0	1.0	unknown
AAGGATGTCCAAGTGT	-2.321928094887362	6.548999325035109e-12	1.0693048396261339e-11	X1
GATAAGCCACCTAATG	1.0	2.4127107519685975e-13	4.369011087207231e-13	X0
AGTCAAGAGGTTAGCT	-2.584962500721156	1.3513812610243942e-10	2.061271604766015e-10	X1
ATTCACTTCCGCTAGA	-2.584962500721156	2.4127107519685975e-13	4.369011087207231e-13	X1
GAGGTACAGTAAACCC	3.321928094887362	1.6042818341220015e-19	7.283419635012658e-19	X0
TCAAGGAAGCAACATC	-3.523561956057013	1.0029797609618065e-21	9.676970737184859e-21	X1
AGTTGGCGTCCTTAGT	2.0	1.3029679093280502e-12	2.239820187795613e-12	X0
CAACCCGCATAGACCC	-1.0	0.9333946903963931	0.9604115944601358	unknown
TTTAGCAAGCATGCAT	2.700439718141092	1.363071866403019e-20	8.502363950314572e-20	X0
CAGGAAGGTTTAGCTC	1.584962500721156	0.9033260477521786	0.9326176015352042	unknown
TGGCCTGCACATAGCC	-1.584962500721156	2.756790387925026e-08	3.824929141867178e-08	X1
AGTTACATCCATAAGC	-3.0	1.6042818341220015e-19	7.283419635012658e-19	X1
CTTTATCAGGCTGTGC	4.0	1.6042818341220015e-19	7.283419635012658e-19	X0
CAGGCTATCATTGCGG	-3.321928094887362	6.564907761017925e-15	1.3424970548431796e-14	X1
TCTACCTCAGTTAGCC	4.087462841250339	1.6042818341220015e-19	7.283419635012658e-19	X0
AGGTCATTCCTGGTGA	1.584962500721156	0.9333946903963931	0.9604115944601358	unknown
CTGTTAAAGTAGCGGG	-1.3219280948873622	1.3513812610243942e-10	2.061271604766015e-10	X1
AGCCTCCGTTCCGGGA	2.0	1.6042818341220015e-19	7.283419635012658e-19	X0
TTATGCGCAGTTTCTC	2.0	0.18410080866334788	0.2023975712117845	unknown
AATTACCCATCAATCG	-3.0	6.548999325035109e-12	1.0693048396261339e-11	X1
GGTCGGTTCCTGATGG	-3.700439718141092	4.1422259360400374e-14	7.91791191062939e-14	X1
GTTCCTTCAGGCATGA	3.584962500721156	1.6042818341220015e-19	7.283419635012658e-19	X0
CTAACCCTCCTTAATC	-2.584962500721156	1.2704266677461526e-16	3.218033375269829e-16	X1
ATCCATAAGGGTCTAT	-3.321928094887362	1.6610244897268262e-18	5.822729697591934e-18	X1
AGCGCTCAGGACCTTG	-2.169925001442312	1.3029679093280502e-12	2.239820187795613e-12	X1
AAGCCACGTAGCTGCG	-2.584962500721156	3.0739033075239876e-11	4.8429849227620825e-11	X1
AGCGGATAGTTAGGCT	1.584962500721156	6.548999325035109e-12	1.0693048396261339e-11	X0
GCGATATTCTTTAAGG	1.584962500721156	7.952664236893068e-09	1.1284123271995337e-08	X0
GATAAGCCAGCTAATT	0.0	1.0	1.0	unknown
CAACTAGGTTGGTTGA	2.807354922057604	4.1422259360400374e-14	7.91791191062939e-14	X0
GTAGGCGAGAATCGCT	1.8073549220576042	4.1422259360400374e-14	7.91791191062939e-14	X0
TTTAGCAAGTCACGAT	2.584962500721156	1.6610244897268262e-18	5.822729697591934e-18	X0
GGCAAATCAGCAGGTA	-3.0	4.1422259360400374e-14	7.91791191062939e-14	X1
TAGTAAGCAAGACTCC	2.321928094887362	6.289575008339427e-06	7.975507841743658e-06	X0
CGTTAAATCGTTAAGC	1.736965594166206	1.3029679093280502e-12	2.239820187795613e-12	X0
ACGACTTAGTGACCTG	-2.115477217419936	1.363071866403019e-20	8.502363950314572e-20	X1
CCAGCCTGTCGTAAAT	-3.169925001442312	1.6610244897268262e-18	5.822729697591934e-18	X1
GTACTAGGTAAATTGC	3.169925001442312	6.26162256269268e-23	1.0840156507470095e-21	X0
ATGACGAAGCCGCTAA	2.807354922057604	4.1422259360400374e-14	7.91791191062939e-14	X0
AGTTGCGTCGATAACC	3.0	4.1422259360400374e-14	7.91791191062939e-14	X0
GCGAAGTAGTACTGGT	0.84799690655495	0.028443966820490392	0.032198974961578475	X0
AGCCGGTTCACAGCCA	-3.700439718141092	1.0029797609618065e-21	9.676970737184859e-21	X1
AGCCGCTAGGGACTAA	1.0	2.4127107519685975e-13	4.369011087207231e-13	X0
GGGCCTAGTCAATACG	-3.0	1.6042818341220015e-19	7.283419635012658e-19	X1
ATGTCAATCGCTCCAT	2.807354922057604	5.579544528625976e-10	8.284469704608276e-10	X0
GGGAGTAGTGATTACG	-0.8744691179161412	2.756790387925026e-08	3.824929141867178e-08	X1
ATGGCCCAGATGCCTG	3.169925001442312	1.0029797609618065e-21	9.676970737184859e-21	X0
AATTAGCGTTTCAGGA	-1.3219280948873626	1.363071866403019e-20	8.502363950314572e-20	X1
CCTAAGGTCCTGATTT	-3.321928094887362	6.564907761017925e-15	1.3424970548431796e-14	X1
TACAACATCGTTATAG	2.584962500721156	1.6610244897268262e-18	5.822729697591934e-18	X0
TGGATTGGTAGCAGCT	2.807354922057604	6.564907761017925e-15	1.3424970548431796e-14	X0
CATAGGTTCCCTCTAA	2.9068905956085187	1.0029797609618065e-21	9.676970737184859e-21	X0
GACTAATGTAGCCTAA	3.4594316186372973	1.6042818341220015e-19	7.283419635012658e-19	X0
ACCAGGACAAGGATTA	1.8744691179161412	1.6610244897268262e-18	5.822729697591934e-18	X0
TGAGTGAAGTCCTTCA	0.53051471669878	0.01048936783892586	0.011996507993823844	X0
TCTCGCCCAAGGTAAC	-2.584962500721156	1.3029679093280502e-12	2.239820187795613e-12	X1
TACTAAGTCGTTAAGC	-1.485426827170242	6.564907761017925e-15	1.3424970548431796e-14	X1
CTATTCAGTCCGGTTC	-3.4594316186372973	1.6042818341220015e-19	7.283419635012658e-19	X1
CTCCAACTCGTTTCCA	1.8073549220576042	1.3029679093280502e-12	2.239820187795613e-12	X0
CATAGTCAGGTCTTGG	-2.807354922057604	2.756790387925026e-08	3.824929141867178e-08	X1
GCCAATAGTTCACCCA	1.584962500721156	0.9823998998911476	1.0	unknown
CCCTGTTAGCCTTAAA	3.807354922057604	1.6042818341220015e-19	7.283419635012658e-19	X0
GCGATTAGTTACCTGT	2.9068905956085187	1.6042818341220015e-19	7.283419635012658e-19	X0
GGTTATATCATGAAGG	2.115477217419936	1.363071866403019e-20	8.502363950314572e-20	X0
GTCCTCAGTTGGCCGA	0.5849625007211561	0.1356265120369177	0.1499159166258639	unknown
ATGGTCTAGCATCCAG	-3.321928094887362	1.363071866403019e-20	8.502363950314572e-20	X1
TGTCCTGGTGTCCAGG	-2.9068905956085187	1.363071866403019e-20	8.502363950314572e-20	X1
GAGGTGAGTTTGCGAA	2.321928094887362	1.363071866403019e-20	8.502363950314572e-20	X0
CGTTATCGTTTGAGCA	-1.8744691179161412	9.556787680138532e-16	2.1356227092357177e-15	X1
CGCGATTCATCCCTCA	2.321928094887362	1.3029679093280502e-12	2.239820187795613e-12	X0
AACCTAATCTCAATAG	0.0	1.0	1.0	unknown
GGCAAATCAGTAAAGC	-1.584962500721156	0.7579407931963542	0.7938215715928063	unknown
GGATGGCCATCCGTAA	-3.807354922057604	1.0029797609618065e-21	9.676970737184859e-21	X1
AAGCTCCCAGGCTGTT	-3.169925001442312	1.5316450877189923e-17	4.472183802777584e-17	X1
GATTACTCATAGTCAT	2.807354922057604	1.6610244897268262e-18	5.822729697591934e-18	X0
TTGGCTTGTACCGAAC	-2.807354922057604	6.548999325035109e-12	1.0693048396261339e-11	X1
TTCGGTACACACTAAT	-2.584962500721156	5.579544528625976e-10	8.284469704608276e-10	X1
GGCGGTAAGTTTCCTG	-2.321928094887362	8.336813247250504e-07	1.0917468420889744e-06	X1
GTCCGTAAGCACGTTG	-2.807354922057604	3.0739033075239876e-11	4.8429849227620825e-11	X1
TCACCTCAGGGTGAAC	-2.0	0.00020438858371340761	0.0002460120970633274	X1
AGTGCACGTTCGCTTG	1.584962500721156	1.3029679093280502e-12	2.239820187795613e-12	X0
GGGTGTTGTTGCGGAT	2.321928094887362	3.925069822796835e-05	4.843013700478723e-05	X0
AGGAAACGTGAACAAA	-3.0	2.4127107519685975e-13	4.369011087207231e-13	X1
TCTGGCTTCTTAGCGG	-1.415037499278844	2.4127107519685975e-13	4.369011087207231e-13	X1
GGTCCATCATTGTCAG	3.321928094887362	1.6042818341220015e-19	7.283419635012658e-19	X0
AATGCAACATAGACCC	-3.169925001442312	1.363071866403019e-20	8.502363950314572e-20	X1
GGGAATATCATTGCGG	-2.4594316186372973	1.6610244897268262e-18	5.822729697591934e-18	X1
CAAGTAACACCTCACC	-3.584962500721156	4.1422259360400374e-14	7.91791191062939e-14	X1
ATTTGTGAGCTCATAA	-0.2630344058337939	0.003318560257963064	0.003849487845566849	X1
GGGTCACTCTCCTCAA	-1.3219280948873622	1.3029679093280502e-12	2.239820187795613e-12	X1
ACGGTTTAGTTAGAGG	-1.415037499278844	5.579544528625976e-10	8.284469704608276e-10	X1
ATGGCTAGTTGGATCA	-1.0	0.017600100108852396	0.02004128955016733	X1
TCGTTACGTTAAGCGC	-3.807354922057604	1.2704266677461526e-16	3.218033375269829e-16	X1
ACCACACCAAATACCT	-3.247927513443585	1.6042818341220015e-19	7.283419635012658e-19	X1
GCTGGTTCATCCCTCA	1.222392421336448	1.3513812610243942e-10	2.061271604766015e-10	X0
ACCCTCCCATAATCAC	-3.169925001442312	1.363071866403019e-20	8.502363950314572e-20	X1
GATAGACCAACAGGAT	-3.0	1.2704266677461526e-16	3.218033375269829e-16	X1
CATTTGTTCCTTAATC	-2.3219280948873626	1.6610244897268262e-18	5.822729697591934e-18	X1
GGATTCAGTTACAAAC	1.584962500721156	0.8158991913366521	0.8516005955185724	unknown
GAGGCAAGTCAACAAT	-1.584962500721156	0.8643734879630823	0.8968272956012542	unknown
GCCCATAAGTGGCGGA	-1.584962500721156	0.7579407931963542	0.7938215715928063	unknown
CCATATTTCATTGTTC	-3.4594316186372973	1.2704266677461526e-16	3.218033375269829e-16	X1
CGGATAAAGTATGTGC	-1.0	7.952664236893068e-09	1.1284123271995337e-08	X1
GGCCTTCGTCCGTGAG	-2.807354922057604	1.0029797609618065e-21	9.676970737184859e-21	X1
CTAGCTGAGGAGCACG	-3.584962500721156	1.5316450877189923e-17	4.472183802777584e-17	X1
GGTGAGCCATATAACC	-3.321928094887362	1.0029797609618065e-21	9.676970737184859e-21	X1
CAACCCTTCTTGAGCG	-2.807354922057604	7.952664236893068e-09	1.1284123271995337e-08	X1
ACCAGGACATTGTGTG	-1.584962500721156	6.564907761017925e-15	1.3424970548431796e-14	X1
AAGGTATAGATAGACG	2.0	0.017600100108852396	0.02004128955016733	X0
GACAATACAAGCCAGA	-3.700439718141092	1.0029797609618065e-21	9.676970737184859e-21	X1
TGCACTTGTACCGAAC	-2.807354922057604	9.556787680138532e-16	2.1356227092357177e-15	X1
TATGAAGCAGGCTAAG	-3.0	6.564907761017925e-15	1.3424970548431796e-14	X1
TTTAACCTCATCCTGC	3.584962500721156	1.6610244897268262e-18	5.822729697591934e-18	X0
GTTAAGTGTATTCGCT	-2.321928094887362	1.3154334480650894e-25	1.437749125400097e-23	X1
CCTCCTCTCAGTGAAG	-3.4594316186372973	1.6042818341220015e-19	7.283419635012658e-19	X1
TTGGCTACACAGGATG	-1.584962500721156	0.8158991913366521	0.8516005955185724	unknown
GGTCATTAGCATGTTA	4.643856189774724	1.0029797609618065e-21	9.676970737184859e-21	X0
AAGCGTTTCGGCTAGC	-0.8744691179161412	2.4127107519685975e-13	4.369011087207231e-13	X1
CAGGTTAGTCATTGTC	-2.807354922057604	4.1422259360400374e-14	7.91791191062939e-14	X1
AACGGTAAGGTGCTGC	-3.321928094887362	1.5316450877189923e-17	4.472183802777584e-17	X1
TTTAACCTCCAGCACA	2.807354922057604	1.5316450877189923e-17	4.472183802777584e-17	X0
AATTGCTCATTAGGCC	3.9068905956085187	1.6610244897268262e-18	5.822729697591934e-18	X0
AGCAATTGTAATGACT	-2.321928094887362	7.952664236893068e-09	1.1284123271995337e-08	X1
TCAGGTCCAGCTCAAC	-3.0	6.548999325035109e-12	1.0693048396261339e-11	X1
TTCCTTCTCCGGTTGA	-3.321928094887362	1.363071866403019e-20	8.502363950314572e-20	X1
ACGACTTAGGCGGGTA	-1.584962500721156	1.363071866403019e-20	8.502363950314572e-20	X1
TACTAAGTCTACCTAT	-1.584962500721156	6.564907761017925e-15	1.3424970548431796e-14	X1
CTTGTAAAGCATGTTA	-0.5145731728297585	2.756790387925026e-08	3.824929141867178e-08	X1
CAACAATGTAAACAAG	-3.9068905956085187	1.6042818341220015e-19	7.283419635012658e-19	X1
GGTTATATCCTTGCAC	-3.0	1.363071866403019e-20	8.502363950314572e-20	X1
GTTCCTGGTTTAACCC	-3.584962500721156	1.363071866403019e-20	8.502363950314572e-20	X1
GGGTCACTCATCAGTA	3.9068905956085187	1.6042818341220015e-19	7.283419635012658e-19	X0
TTGCTTTAGCTATATG	-0.4150374992788439	0.06660530960360693	0.07444302231795079	unknown
TACGTTAAGTGAAGTG	-1.584962500721156	0.8643734879630823	0.8968272956012542	unknown
TTGCTTAGTCTAGCTT	4.0	1.0029797609618065e-21	9.676970737184859e-21	X0
CGGCTCACAGGCAAGC	-2.321928094887362	0.00020438858371340761	0.0002460120970633274	X1
CTTATGTTCTTGTCTG	2.584962500721156	5.579544528625976e-10	8.284469704608276e-10	X0
GGGCCTAGTAGCTGCG	3.321928094887362	1.5316450877189923e-17	4.472183802777584e-17	X0
AGCTTAATCCTGATGG	1.1926450779423958	9.556787680138532e-16	2.1356227092357177e-15	X0
CATCATAAGTTATCCT	4.523561956057013	1.0029797609618065e-21	9.676970737184859e-21	X0
TAGTCAATCTAATCAG	-2.807354922057604	5.579544528625976e-10	8.284469704608276e-10	X1
GCTATAGGTCACAGAC	-3.169925001442312	9.556787680138532e-16	2.1356227092357177e-15	X1
TCAAGCTAGCTAATCA	1.0	0.0004368599184561862	0.0005205215071354787	X0
AGGTCAAAGTTGCCTC	-3.584962500721156	6.26162256269268e-23	1.0840156507470095e-21	X1
CCCGCTTCATTATGAC	-2.415037499278844	6.26162256269268e-23	1.0840156507470095e-21	X1
TTAGAAGCAACCGCCA	0.7004397181410922	6.548999325035109e-12	1.0693048396261339e-11	X0
GCCACACAGACAACGA	1.584962500721156	6.548999325035109e-12	1.0693048396261339e-11	X0
AATTACCCAACTAGGG	-2.584962500721156	1.6610244897268262e-18	5.822729697591934e-18	X1
TTATAGCCAAAGCCTC	-2.584962500721156	2.346206306321115e-06	3.0232744644007614e-06	X1
GAGGCAAGTTTACGTC	1.584962500721156	6.548999325035109e-12	1.0693048396261339e-11	X0
CAAACCGTCTTGCTAT	-1.584962500721156	0.9556869599429662	0.981556186207902	unknown
CAATGTCAGGACCTCA	-3.0	4.1422259360400374e-14	7.91791191062939e-14	X1
GGCGGTTTCAGTGAAG	2.0	0.0017588208614850794	0.002060775226984838	X0
GACCTCAAGACTATTG	-3.4594316186372973	1.6610244897268262e-18	5.822729697591934e-18	X1
CGATGTCCATGATTGT	-3.0	1.6042818341220015e-19	7.283419635012658e-19	X1
GCGGGTTTCCTAAGGT	-3.0	6.564907761017925e-15	1.3424970548431796e-14	X1
ACATAGCTCGTCAAGT	-3.807354922057604	1.5316450877189923e-17	4.472183802777584e-17	X1
ATGTTCAAGGACAATG	-1.584962500721156	0.9333946903963931	0.9604115944601358	unknown
CTGAAACTCGCATCCT	2.584962500721156	9.050013106514627e-08	1.228419758647018e-07	X0
TGCACACCATTGTTGG	-3.4594316186372973	1.0029797609618065e-21	9.676970737184859e-21	X1
CTCCTGAGTTTATCGC	1.584962500721156	2.756790387925026e-08	3.824929141867178e-08	X0
CGATTCCTCTACTAAG	0.5849625007211561	0.9823998998911476	1.0	unknown
GTCATCACACTGACTA	-0.7369655941662061	0.30864970679462606	0.33430584275359365	unknown
CCAACCCGTGGATTCA	-1.8744691179161412	1.363071866403019e-20	8.502363950314572e-20	X1
CTTTAGGCACAAGCCT	-2.584962500721156	7.952664236893068e-09	1.1284123271995337e-08	X1
CCGCAAGGTTTGGGTA	-2.4594316186372973	1.5316450877189923e-17	4.472183802777584e-17	X1
CGGTTGGGTCTTACTA	-3.584962500721156	1.0029797609618065e-21	9.676970737184859e-21	X1
GAGTCAAAGCATTTCT	4.169925001442312	1.6610244897268262e-18	5.822729697591934e-18	X0
CATAGACTCCCGCATT	3.700439718141092	6.548999325035109e-12	1.0693048396261339e-11	X0
GGAACCTGTTTGGTTC	-2.3219280948873626	1.363071866403019e-20	8.502363950314572e-20	X1
CCTATATTCCTAGTCC	-3.087462841250339	1.363071866403019e-20	8.502363950314572e-20	X1
GGGAATATCTGCAAGT	3.321928094887362	1.6042818341220015e-19	7.283419635012658e-19	X0
TCATGCCTCTACTAAG	-4.247927513443585	3.224844447881771e-24	1.2299758276999067e-22	X1
GTTTAACCAAGATTCT	-3.700439718141092	1.6610244897268262e-18	5.822729697591934e-18	X1
TTACCGTGTCCAAGAC	2.807354922057604	1.6042818341220015e-19	7.283419635012658e-19	X0
CCAGTTTGTTAACACG	-2.0	9.556787680138532e-16	2.1356227092357177e-15	X1
GAGTATCTCACAAGCT	-2.4594316186372973	2.4127107519685975e-13	4.369011087207231e-13	X1
GGAAGCTAGCTACTGG	-2.807354922057604	1.3029679093280502e-12	2.239820187795613e-12	X1
CGGGTCTAGGTGCGGA	3.321928094887362	1.5316450877189923e-17	4.472183802777584e-17	X0
GGCTGTCAGCGGATAA	3.321928094887362	1.0029797609618065e-21	9.676970737184859e-21	X0
AGGATTGAGGGTCCAC	1.584962500721156	2.1686833167108188e-09	3.137350440196232e-09	X0
GGCAGGATCCTTAGGG	0.19264507794239583	0.6178232827986665	0.6536145478091064	unknown
CACAAGCGTCACACCC	0.4150374992788439	0.9966814397420369	1.0	unknown
CAAACTGGTGAGACTC	-2.807354922057604	1.6042818341220015e-19	7.283419635012658e-19	X1
GCTCCTTAGTTCCTGC	-3.321928094887362	1.2704266677461526e-16	3.218033375269829e-16	X1
ACTCAGTAGCCTCTGT	-2.584962500721156	1.3513812610243942e-10	2.061271604766015e-10	X1
AGTGAACCAAAGGTAC	-2.584962500721156	5.579544528625976e-10	8.284469704608276e-10	X1
GTACTAGGTTTGCAGA	3.169925001442312	1.6042818341220015e-19	7.283419635012658e-19	X0
CTTAGTTTCAATTGGC	-2.807354922057604	9.050013106514627e-08	1.228419758647018e-07	X1
TCGCGAGGTAACAGGG	2.9068905956085187	1.3029679093280502e-12	2.239820187795613e-12	X0
CATAGCTAGGCCAATT	5.20945336562895	1.6610244897268262e-18	5.822729697591934e-18	X0
CGGAGCAAGCTTCTCA	-3.321928094887362	3.224844447881771e-24	1.2299758276999067e-22	X1
CTTAACAAGTAAGGGC	-3.4594316186372973	1.2704266677461526e-16	3.218033375269829e-16	X1
CAATCTAAGGGATTAG	2.321928094887362	2.818141017102701e-07	3.7604312442133894e-07	X0
AGGTTTATCGTTACTT	-1.584962500721156	0.8643734879630823	0.8968272956012542	unknown
GGTCAATTCTGTTCAT	3.169925001442312	6.26162256269268e-23	1.0840156507470095e-21	X0
GCGTGCTAGGCATTGT	4.700439718141093	1.0029797609618065e-21	9.676970737184859e-21	X0
GAGGGAGCATCATGGC	0.5849625007211561	0.7579407931963542	0.7938215715928063	unknown
CTCTCACAGCTAAGTC	-3.0	9.556787680138532e-16	2.1356227092357177e-15	X1
TAAGCCTAGTGGCGGA	0.0	1.0	1.0	unknown
GCTGAGGAGCTAAGTC	-2.807354922057604	1.2704266677461526e-16	3.218033375269829e-16	X1
AGGGCCTTCGATTTGA	0.5849625007211561	1.6080007647833168e-05	2.0063706935607818e-05	X0
CACAAGCGTTTAAAGC	-2.0	1.3029679093280502e-12	2.239820187795613e-12	X1
GCCAATAGTTCGGTAA	-2.321928094887362	9.050013106514627e-08	1.228419758647018e-07	X1
CTCACACTCCAGGAAA	2.0	0.06660530960360693	0.07444302231795079	unknown
TATTTGCTCACTCGCT	3.3923174227787607	6.26162256269268e-23	1.0840156507470095e-21	X0
CCCATAACAGAATGAC	-1.0	2.346206306321115e-06	3.0232744644007614e-06	X1
TACGTAATCTAAGTCA	-3.321928094887362	1.6042818341220015e-19	7.283419635012658e-19	X1
TCAATCGCAACTAGAA	-3.169925001442312	1.5316450877189923e-17	4.472183802777584e-17	X1
TTGGGCCAGGACTAAG	-2.169925001442312	1.6610244897268262e-18	5.822729697591934e-18	X1
CTAACCTGTTTAAAGC	-2.807354922057604	2.4127107519685975e-13	4.369011087207231e-13	X1
AAGCTATGTTACATCC	-3.9068905956085187	1.5316450877189923e-17	4.472183802777584e-17	X1
ATGGCTAGTCAAGACC	-3.0	1.6042818341220015e-19	7.283419635012658e-19	X1
GGCAGGATCCCTGGTT	-2.0	0.06660530960360693	0.07444302231795079	unknown
GACATAGAGGCTCATG	-2.584962500721156	3.0739033075239876e-11	4.8429849227620825e-11	X1
ACACGGACATAAACCT	-3.584962500721156	1.6610244897268262e-18	5.822729697591934e-18	X1
TTTCAGTTCAGCTAAC	-0.7369655941662061	0.1356265120369177	0.1499159166258639	unknown
TGCTGGATCCTGGTCT	-3.087462841250339	1.6042818341220015e-19	7.283419635012658e-19	X1
CACTGACCAAATTCGT	-2.415037499278844	1.0029797609618065e-21	9.676970737184859e-21	X1
GGCTGAGAGTCAATCA	-1.3219280948873622	2.818141017102701e-07	3.7604312442133894e-07	X1
TGATGACTCTCTAGCC	-4.087462841250339	1.6042818341220015e-19	7.283419635012658e-19	X1
CCTAGTTGTTGGCGTG	0.16992500144231215	2.346206306321115e-06	3.0232744644007614e-06	X0
CGCAATAGTGGACCTG	-0.7369655941662061	9.157161244117683e-05	0.00011144738539251088	X1
TAGCCTCTCGTGCTTC	-3.4594316186372973	1.6042818341220015e-19	7.283419635012658e-19	X1
TTTGCGACAGCACGAA	-1.8073549220576042	5.579544528625976e-10	8.284469704608276e-10	X1
AGTCGCATCTTAGGGT	-3.169925001442312	1.0029797609618065e-21	9.676970737184859e-21	X1
CGGTTCCGTTGTAACG	-2.700439718141092	9.556787680138532e-16	2.1356227092357177e-15	X1
GTACCTTGTACCTTAC	-3.0	1.0029797609618065e-21	9.676970737184859e-21	X1
CCTGTTGGTCGTTACT	-3.0	1.6042818341220015e-19	7.283419635012658e-19	X1
ATTTGTGAGTCAGTAC	2.4594316186372973	1.6042818341220015e-19	7.283419635012658e-19	X0
TAGGAGGGTTACGCGG	-1.8744691179161412	9.556787680138532e-16	2.1356227092357177e-15	X1
GGTCGGTTCAGCAAGA	-1.584962500721156	2.4127107519685975e-13	4.369011087207231e-13	X1
AGCTAACTCCTAAGGT	2.807354922057604	3.0739033075239876e-11	4.8429849227620825e-11	X0
AAGAACAGTATGTGGC	3.584962500721156	1.6042818341220015e-19	7.283419635012658e-19	X0
CAGCCTAAGGCTAGAA	-2.321928094887362	3.0739033075239876e-11	4.8429849227620825e-11	X1
CTCCCTGAGGTATTGC	-3.087462841250339	6.26162256269268e-23	1.0840156507470095e-21	X1
TACTCGCTCCCGTTGT	-3.0	1.2704266677461526e-16	3.218033375269829e-16	X1
TGTCCTTCACTAAGAA	3.169925001442312	1.3029679093280502e-12	2.239820187795613e-12	X0
CTCTATGTCCACCCTG	-1.584962500721156	0.9033260477521786	0.9326176015352042	unknown
CTGTATTTCTAACTGA	3.4594316186372973	1.6610244897268262e-18	5.822729697591934e-18	X0
AGTTACTCAATAGTCT	-2.584962500721156	1.3513812610243942e-10	2.061271604766015e-10	X1
AAACATGCACCTCGCT	-2.807354922057604	4.1422259360400374e-14	7.91791191062939e-14	X1
TTAGCCTGTAAGCTTG	3.169925001442312	1.2704266677461526e-16	3.218033375269829e-16	X0
TACCTGCTCGGTTCCT	-3.0	2.4127107519685975e-13	4.369011087207231e-13	X1
TGTCAGTAGGGATGAC	3.0	1.5316450877189923e-17	4.472183802777584e-17	X0
TTCGTGCTCTTCAATC	-1.0	0.06660530960360693	0.07444302231795079	unknown
AAAGGAGCAAGGTAAC	-3.0	1.2704266677461526e-16	3.218033375269829e-16	X1
AGGTCCGGTTTGTCTA	-3.807354922057604	1.0029797609618065e-21	9.676970737184859e-21	X1
GTAGTTATCACGCCAA	-3.0	5.579544528625976e-10	8.284469704608276e-10	X1
CGGCCATAGGTACCGC	3.584962500721156	6.564907761017925e-15	1.3424970548431796e-14	X0
GATGCTTAGCGAGGTG	-2.584962500721156	5.579544528625976e-10	8.284469704608276e-10	X1
CTAGTAATCAAATCGC	-1.222392421336448	1.3029679093280502e-12	2.239820187795613e-12	X1
TCCTTCAAGACTTACA	-4.087462841250339	1.6042818341220015e-19	7.283419635012658e-19	X1
CACTGACCATGGAGGC	-2.807354922057604	9.556787680138532e-16	2.1356227092357177e-15	X1
GTATCGCCAGTTAGCC	-2.584962500721156	1.6610244897268262e-18	5.822729697591934e-18	X1
TGGACCGGTTTGCGAA	0.0	1.0	1.0	unknown
GGAAACTCATGCTATG	-1.8073549220576042	4.1422259360400374e-14	7.91791191062939e-14	X1
CGTAACTAGAGCCGCT	-2.0	0.1356265120369177	0.1499159166258639	unknown
ACGAATCTCAGGGCCT	-3.169925001442312	2.346206306321115e-06	3.0232744644007614e-06	X1
AGCTTGGTCATCCTGC	2.807354922057604	1.6042818341220015e-19	7.283419635012658e-19	X0
TCACATAAGTTAGACC	-3.321928094887362	1.0029797609618065e-21	9.676970737184859e-21	X1
TTTGTGTTCTAGCTAA	1.584962500721156	0.9823998998911476	1.0	unknown
GCGAAGCCACTAGGTC	1.3219280948873622	1.3513812610243942e-10	2.061271604766015e-10	X0
GCCAGGAAGGGCTTAT	-0.7369655941662061	0.0004368599184561862	0.0005205215071354787	X1
TATGGATGTTAAGCCA	2.584962500721156	1.3029679093280502e-12	2.239820187795613e-12	X0
AGTAATGCATAAGTCT	-2.584962500721156	9.050013106514627e-08	1.228419758647018e-07	X1
TGTGAAACAGGCAAGC	-2.0	9.556787680138532e-16	2.1356227092357177e-15	X1
TTGGCTGAGGTTTACA	1.5849625007211565	1.5316450877189923e-17	4.472183802777584e-17	X0
ACAACACTCGGGATTT	2.115477217419936	1.0029797609618065e-21	9.676970737184859e-21	X0
AGTATAGCATCACTTC	-0.7369655941662061	6.289575008339427e-06	7.975507841743658e-06	X1
AGGCAGGTCTGGCTTC	-2.0	0.0008949651957434264	0.001056728495393278	X1
TGAGGGCCAATAACGA	-2.807354922057604	4.1422259360400374e-14	7.91791191062939e-14	X1
AGCCTCCGTTACCGGG	-2.807354922057604	9.556787680138532e-16	2.1356227092357177e-15	X1
GAGTAATAGGATTGCT	2.807354922057604	9.556787680138532e-16	2.1356227092357177e-15	X0
AGAACAAGTTGCACGG	-2.321928094887362	0.01048936783892586	0.011996507993823844	X1
GGACCGAAGCCTGTGA	-1.222392421336448	6.548999325035109e-12	1.0693048396261339e-11	X1
GGCCTAATCTTTGAGA	3.807354922057604	1.6610244897268262e-18	5.822729697591934e-18	X0
TGCGGTTCAGGCTAAG	0.3219280948873622	0.00020438858371340761	0.0002460120970633274	X0
CTTGTTTAGGCTGTGC	2.807354922057604	6.564907761017925e-15	1.3424970548431796e-14	X0
CCAAACTAGAGGAGTC	-3.0	1.6610244897268262e-18	5.822729697591934e-18	X1
TTTGTTGGTATTTGCC	3.9068905956085187	1.6610244897268262e-18	5.822729697591934e-18	X0
AGGCGGATCGTTCACC	-3.169925001442312	1.5316450877189923e-17	4.472183802777584e-17	X1
TGGTGCATCTAGCGAT	-3.584962500721156	1.6042818341220015e-19	7.283419635012658e-19	X1
CAGGTTAGTGGATTCA	-1.0	0.06660530960360693	0.07444302231795079	unknown
CGCGATTCAATAGCCC	-3.7548875021634682	3.224844447881771e-24	1.2299758276999067e-22	X1
TCTAACCGTTACGCAA	2.0	0.0966739522478214	0.1074269123385123	unknown
CGGTTCCGTGTTGTAG	3.169925001442312	4.1422259360400374e-14	7.91791191062939e-14	X0
ACGACAAAGAGAAGGG	-3.584962500721156	1.0029797609618065e-21	9.676970737184859e-21	X1
CCGACAGGTTAGACCA	2.807354922057604	6.548999325035109e-12	1.0693048396261339e-11	X0
TTTACGCGTAATCGCA	-3.584962500721156	1.0029797609618065e-21	9.676970737184859e-21	X1
GACCTAGTCTAACTGA	-2.169925001442312	1.2704266677461526e-16	3.218033375269829e-16	X1
TTTGGTAAGCACAGGG	-4.247927513443585	1.6042818341220015e-19	7.283419635012658e-19	X1
CGCTTCTAGGTCCAAT	-1.584962500721156	0.9715560331795096	0.9954812971839302	unknown
AGGTCAAAGGAGCAAC	-4.321928094887363	1.5316450877189923e-17	4.472183802777584e-17	X1
CCAGCCTGTTTGTTGC	-2.222392421336448	1.2704266677461526e-16	3.218033375269829e-16	X1
AATCTCAAGTCACCAG	-2.807354922057604	6.564907761017925e-15	1.3424970548431796e-14	X1
CTTAAGGGTCGTTATC	2.321928094887362	2.346206306321115e-06	3.0232744644007614e-06	X0
ACATCAATCAATGTCA	4.087462841250339	1.0029797609618065e-21	9.676970737184859e-21	X0
GTTTACCGTCTTGCTG	-3.0	6.548999325035109e-12	1.0693048396261339e-11	X1
CAGTACCCAATCGCAC	2.807354922057604	3.0739033075239876e-11	4.8429849227620825e-11	X0
AGTAACGAGTAACGAG	-3.807354922057604	2.756790387925026e-08	3.824929141867178e-08	X1
GACCTCAAGGCGTAAA	-2.0	8.336813247250504e-07	1.0917468420889744e-06	X1
AGCGGATAGTTGCGTG	-3.700439718141092	1.6042818341220015e-19	7.283419635012658e-19	X1
TTGGCTGAGGTAAGGC	1.584962500721156	0.9333946903963931	0.9604115944601358	unknown
TGAGGGAGTTATGTGG	-2.321928094887362	7.952664236893068e-09	1.1284123271995337e-08	X1
ATGCCTGAGCACAGCC	3.169925001442312	1.3513812610243942e-10	2.061271604766015e-10	X0
ACTTGAATCCCATAAA	-2.584962500721156	9.556787680138532e-16	2.1356227092357177e-15	X1
GGTGTTGTCCTACCTA	1.584962500721156	0.9823998998911476	1.0	unknown
GTAGTTATCATTGCAA	-0.362570079384708	3.925069822796835e-05	4.843013700478723e-05	X1
GGTACAAAGTGTTGTA	-0.5849625007211561	0.9556869599429662	0.981556186207902	unknown
GCGATATTCACACAGT	2.321928094887362	6.289575008339427e-06	7.975507841743658e-06	X0
CGCTCAGCATAATGAG	2.584962500721156	0.0060164878626817395	0.0069340164649698425	X0
ATCGCCCGTTTGGCTT	-2.584962500721156	0.0008949651957434264	0.001056728495393278	X1
CAATGAACATGAAATG	-3.700439718141092	1.6042818341220015e-19	7.283419635012658e-19	X1
GGGTGTTGTATGGTGC	-3.0	4.1422259360400374e-14	7.91791191062939e-14	X1
GCTTTCATCATCGTTT	4.523561956057013	3.224844447881771e-24	1.2299758276999067e-22	X0
GAGGACTAGTTATCTC	-0.5849625007211561	2.1686833167108188e-09	3.137350440196232e-09	X1
TTTAGCAAGCACAGGG	-1.0	0.044313040057033834	0.04985472305080024	X1
CTTAAGGGTAATGACT	-4.459431618637297	1.6042818341220015e-19	7.283419635012658e-19	X1
CGATATTCATCGCTTT	-2.9068905956085187	1.6042818341220015e-19	7.283419635012658e-19	X1
GAGAACCAGGAATAAC	-0.917537839808027	5.579544528625976e-10	8.284469704608276e-10	X1
GGGCATGAGTCCTTTG	-1.415037499278844	2.346206306321115e-06	3.0232744644007614e-06	X1
ACTGAAACAGTCTAAT	3.0	1.0029797609618065e-21	9.676970737184859e-21	X0
ATCCATAAGCTAAGTC	-2.0	1.3513812610243942e-10	2.061271604766015e-10	X1
AGCTTGGTCCATAATG	-2.807354922057604	3.0739033075239876e-11	4.8429849227620825e-11	X1
GTGTGCGGTAACGTGC	-3.584962500721156	1.6042818341220015e-19	7.283419635012658e-19	X1
GTGATGAAGACAACGA	2.584962500721156	1.0029797609618065e-21	9.676970737184859e-21	X0
AATAGCTGTTGGCGTG	3.4594316186372973	1.363071866403019e-20	8.502363950314572e-20	X0
CCAAACTAGGTCTTGG	2.115477217419936	1.6610244897268262e-18	5.822729697591934e-18	X0
GTCGAGGAGGAAGCTA	-1.584962500721156	0.9033260477521786	0.9326176015352042	unknown
ATCCAACAGCCACATG	-1.3219280948873622	5.579544528625976e-10	8.284469704608276e-10	X1
CGACAAGCAAACATAG	-2.584962500721156	9.050013106514627e-08	1.228419758647018e-07	X1
TCCGGTTTCCACCTTA	-3.0	1.5316450877189923e-17	4.472183802777584e-17	X1
TTGTCAAAGCAAGATG	-3.0	1.2704266677461526e-16	3.218033375269829e-16	X1
AGGTTAACAATTAACC	-2.4594316186372973	1.2704266677461526e-16	3.218033375269829e-16	X1
AATTGGGAGTTAGTGC	-2.807354922057604	6.26162256269268e-23	1.0840156507470095e-21	X1
GCTGGTTCAATAGCAA	-2.807354922057604	1.2704266677461526e-16	3.218033375269829e-16	X1
CTCCGTCCACCAGCAT	-1.584962500721156	5.579544528625976e-10	8.284469704608276e-10	X1
ACTTAGGGTCATTAGG	-2.584962500721156	6.548999325035109e-12	1.0693048396261339e-11	X1
GGCATGGAGCGCCTAA	0.0	1.0	1.0	unknown
CCAAACTAGGAATAAC	-3.169925001442312	1.6042818341220015e-19	7.283419635012658e-19	X1
GTAGGAGGTATTCGTC	-3.9068905956085187	1.0029797609618065e-21	9.676970737184859e-21	X1
AGTCTTGCATCCCTCA	-3.169925001442312	9.556787680138532e-16	2.1356227092357177e-15	X1
ATTACCGCAATCCTAG	1.584962500721156	9.556787680138532e-16	2.1356227092357177e-15	X0
TCTGTGACAGGAACAT	2.0	1.5316450877189923e-17	4.472183802777584e-17	X0
AGTACGCGTTACCTGT	-2.700439718141092	1.6042818341220015e-19	7.283419635012658e-19	X1
AGTAATCGTTTGGCTT	-2.9068905956085187	1.363071866403019e-20	8.502363950314572e-20	X1
TGAAGGATCCTTCAAT	2.0	1.0029797609618065e-21	9.676970737184859e-21	X0
GATGCAGCACCCTCAC	-2.584962500721156	6.548999325035109e-12	1.0693048396261339e-11	X1
ATCTATGAGTCACGAT	-4.169925001442312	3.224844447881771e-24	1.2299758276999067e-22	X1
CATCATGCACCCTCAC	-3.0	6.564907761017925e-15	1.3424970548431796e-14	X1
GAGTGATCAACTAGAA	-4.0	1.6042818341220015e-19	7.283419635012658e-19	X1
TACTTCGTCGGTTTGG	2.0	0.044313040057033834	0.04985472305080024	X0
TTAAGTGTCGGCTAGC	0.4150374992788439	0.24205920680364573	0.26354439063679713	unknown
GGTTTCCTCTAACCAA	-3.321928094887362	1.6610244897268262e-18	5.822729697591934e-18	X1
GCGTGCTAGCTACTGG	-1.8073549220576042	3.0739033075239876e-11	4.8429849227620825e-11	X1
TTAGCAATCGCTCCAT	2.584962500721156	8.336813247250504e-07	1.0917468420889744e-06	X0
TTGTGTGCAAGGGTTG	-1.0	0.0004368599184561862	0.0005205215071354787	X1
GCTTTCATCTTTGTAC	-3.321928094887362	1.6610244897268262e-18	5.822729697591934e-18	X1
TGGTTCTGTTCCGGGA	-3.700439718141092	1.6042818341220015e-19	7.283419635012658e-19	X1
TAGTAACGTGGATTCA	-2.169925001442312	1.5316450877189923e-17	4.472183802777584e-17	X1
ACGACAAAGCGATACT	-2.700439718141092	1.363071866403019e-20	8.502363950314572e-20	X1
AACCTCCTCCTCGATC	-2.807354922057604	4.1422259360400374e-14	7.91791191062939e-14	X1
TTAGAAGCACCTACTT	-2.807354922057604	4.1422259360400374e-14	7.91791191062939e-14	X1
CTTCTAAGTTGGGTTA	-4.0	1.5316450877189923e-17	4.472183802777584e-17	X1
TCAAACCAGTTATCTC	-2.807354922057604	4.1422259360400374e-14	7.91791191062939e-14	X1
TAGGCTGTCCCGCATT	-1.8744691179161412	1.6042818341220015e-19	7.283419635012658e-19	X1
GAAGGCTAGTAAACCC	-3.0	6.564907761017925e-15	1.3424970548431796e-14	X1
AGCATTTCAGGCCAAA	2.321928094887362	0.003318560257963064	0.003849487845566849	X0
CAGAACCGTTACAACG	-3.321928094887362	9.556787680138532e-16	2.1356227092357177e-15	X1
TTTACGAAGTGAGCAA	-0.3219280948873622	0.028443966820490392	0.032198974961578475	X1
CAGGATGCAAACTGCC	1.584962500721156	1.3513812610243942e-10	2.061271604766015e-10	X0
ATGGCCGGTTGTTCAC	-2.584962500721156	1.3513812610243942e-10	2.061271604766015e-10	X1
CGGTTCCGTTAACAGT	-3.321928094887362	1.5316450877189923e-17	4.472183802777584e-17	X1
TTGCTTAGTGCTTAGA	-3.169925001442312	1.5316450877189923e-17	4.472183802777584e-17	X1
CTCACAACAGCTAATT	-3.4594316186372973	1.2704266677461526e-16	3.218033375269829e-16	X1
TGCACACCACCTGCTC	-2.321928094887362	8.336813247250504e-07	1.0917468420889744e-06	X1
TAGACCAGTTTAGTCC	-2.807354922057604	9.556787680138532e-16	2.1356227092357177e-15	X1
TACTCAAAGACAAGTG	-2.321928094887362	2.756790387925026e-08	3.824929141867178e-08	X1
TCGTTATTCCAGGTTG	4.247927513443585	1.3154334480650894e-25	1.437749125400097e-23	X0
GTTCGCTTCCGCACAA	0.5849625007211565	0.003318560257963064	0.003849487845566849	X0
CAACCCGCATAGCGAG	-0.2630344058337939	0.06660530960360693	0.07444302231795079	unknown
CCTGATGAGTCTGGGC	1.415037499278844	6.548999325035109e-12	1.0693048396261339e-11	X0
CGCCTCATCACTAATG	2.169925001442312	1.363071866403019e-20	8.502363950314572e-20	X0
TGCTCAACAGTCTAGC	-3.0	1.363071866403019e-20	8.502363950314572e-20	X1
CTTACTAGTGCGCAAT	-2.3219280948873626	3.9845364322713306e-27	1.9452506862348638e-24	X1
AGGCAGGTCCTTCGTA	-2.0	0.0008949651957434264	0.001056728495393278	X1
CTGACATAGAGCAAGC	3.807354922057604	1.6042818341220015e-19	7.283419635012658e-19	X0
AATACCGGTGCCGCAA	-1.584962500721156	6.548999325035109e-12	1.0693048396261339e-11	X1
CAGGTTTAGGTGTTAC	2.321928094887362	2.756790387925026e-08	3.824929141867178e-08	X0
GTCTTTGTCCTGGTGA	-2.321928094887362	6.289575008339427e-06	7.975507841743658e-06	X1
TGATTGCAGAGGAAGG	1.736965594166206	3.0739033075239876e-11	4.8429849227620825e-11	X0
GTAGTTATCCCGTTAC	-3.9068905956085187	1.6610244897268262e-18	5.822729697591934e-18	X1
CCGTTACTCTCGCCCA	-2.807354922057604	9.556787680138532e-16	2.1356227092357177e-15	X1
AGTTGTCAGCGCCTTT	2.415037499278844	9.556787680138532e-16	2.1356227092357177e-15	X0
GAAGGCCCATTGCGTA	0.7776075786635519	3.925069822796835e-05	4.843013700478723e-05	X0
CCAGCCTGTGTAATAC	2.321928094887362	9.050013106514627e-08	1.228419758647018e-07	X0
ATTATCCTCTGTGCCT	2.0	9.556787680138532e-16	2.1356227092357177e-15	X0
GCGAGTGAGGCTGTCA	-1.8073549220576042	1.5316450877189923e-17	4.472183802777584e-17	X1
GACCTAGTCTACCTAT	-1.0995356735509145	8.336813247250504e-07	1.0917468420889744e-06	X1
CCAAACTAGAGGGACT	0.7369655941662061	1.6080007647833168e-05	2.0063706935607818e-05	X0
CCACAGGGTAATCCCT	2.321928094887362	2.1686833167108188e-09	3.137350440196232e-09	X0
GAACCTGTCTTGCAAA	-1.584962500721156	2.1686833167108188e-09	3.137350440196232e-09	X1
GGGCGAATCGTTCACC	-3.0	1.5316450877189923e-17	4.472183802777584e-17	X1
AGCCTAGTCACAGCGC	0.8744691179161412	1.6610244897268262e-18	5.822729697591934e-18	X0
GGTACCGGTCGCATAA	-1.584962500721156	0.5397946186935895	0.573551362839982	unknown
CGAACAAAGCGGATAA	-3.169925001442312	1.2704266677461526e-16	3.218033375269829e-16	X1
CAAGGCCTCTAACCTT	-2.807354922057604	6.548999325035109e-12	1.0693048396261339e-11	X1
AATCCATCATCATGTG	-3.4594316186372973	1.6042818341220015e-19	7.283419635012658e-19	X1
CCTAAATCACAGGGAC	2.584962500721156	9.050013106514627e-08	1.228419758647018e-07	X0
TACTGACAGCTTAGTA	-4.754887502163468	6.26162256269268e-23	1.0840156507470095e-21	X1
GCAAGTGCACCTACTT	-3.321928094887362	1.5316450877189923e-17	4.472183802777584e-17	X1
TTAACTGAGAGAGGAG	3.321928094887362	1.6610244897268262e-18	5.822729697591934e-18	X0
TTTCTTGCACATAACT	-3.0	9.556787680138532e-16	2.1356227092357177e-15	X1
TTGCTTTAGGGTGAGT	-4.087462841250339	1.5316450877189923e-17	4.472183802777584e-17	X1
GATTCGCCAACGTGCT	3.4594316186372973	1.6610244897268262e-18	5.822729697591934e-18	X0
GCTAACAGTCTCACTG	-3.169925001442312	9.556787680138532e-16	2.1356227092357177e-15	X1
CACCTCAGTTGTAACG	2.0	1.2704266677461526e-16	3.218033375269829e-16	X0
CAAGGCCTCCGCACAA	0.0	1.0	1.0	unknown
GCAAGCCTCGGTTTGG	-2.321928094887362	9.157161244117683e-05	0.00011144738539251088	X1
TTGGATCAGTAGCGGG	1.584962500721156	9.556787680138532e-16	2.1356227092357177e-15	X0
TATGGATGTCACGAAC	3.807354922057604	1.0029797609618065e-21	9.676970737184859e-21	X0
CTTTGTCCACCTGCCT	-4.169925001442312	1.3154334480650894e-25	1.437749125400097e-23	X1
TGCCATTGTTACAAAC	-3.087462841250339	1.363071866403019e-20	8.502363950314572e-20	X1
TTTGACCGTATGTGGC	-1.8073549220576042	9.556787680138532e-16	2.1356227092357177e-15	X1
GGTTTCCTCCTCCCTC	-3.807354922057604	1.2704266677461526e-16	3.218033375269829e-16	X1
TTTCAGTTCAACCAAC	-2.0	0.003318560257963064	0.003849487845566849	X1
ATGGCTAGTTTGCGAA	-4.087462841250339	1.3154334480650894e-25	1.437749125400097e-23	X1
GATGGCTGTTGGCGTG	2.807354922057604	1.363071866403019e-20	8.502363950314572e-20	X0
CATAGGCGTACGATTG	-2.0	0.06660530960360693	0.07444302231795079	unknown
ACACTTGCAACCTAAT	-4.0	6.26162256269268e-23	1.0840156507470095e-21	X1
GCAATAGAGTGAAGTG	0.5849625007211561	0.9939835121373183	1.0	unknown
CTGCTCCCATCTTGAG	-2.321928094887362	5.579544528625976e-10	8.284469704608276e-10	X1
GACAATACACTAAGCC	-2.321928094887362	1.6610244897268262e-18	5.822729697591934e-18	X1
TTTGTCTAGGGCCACT	-2.807354922057604	2.756790387925026e-08	3.824929141867178e-08	X1
GCTAAGAAGCAAGGTA	-1.415037499278844	6.564907761017925e-15	1.3424970548431796e-14	X1
TAGCAGGCATAAGTTC	-2.321928094887362	2.1686833167108188e-09	3.137350440196232e-09	X1
TGCTTTAGTTGCACGG	-2.700439718141092	6.564907761017925e-15	1.3424970548431796e-14	X1
TGGATTGGTTGCGGAT	-3.584962500721156	6.564907761017925e-15	1.3424970548431796e-14	X1
CTTTATGGTCGACTAA	-3.523561956057013	1.363071866403019e-20	8.502363950314572e-20	X1
ATGTTGTCAAGGGTTG	3.0	4.1422259360400374e-14	7.91791191062939e-14	X0
GCCGTGAGTAGGTTTG	0.4150374992788439	0.003318560257963064	0.003849487845566849	X0
GAGAACCAGAGAGCCG	-3.9068905956085187	1.6042818341220015e-19	7.283419635012658e-19	X1
GCTGTAAGTTGGGTTA	-2.0	0.0004368599184561862	0.0005205215071354787	X1
ATCACAATCCCGCCTA	2.169925001442312	1.6042818341220015e-19	7.283419635012658e-19	X0
CGAACCGGTCACAAAT	-2.0	0.0060164878626817395	0.0069340164649698425	X1
TGCATGAGTATTGAGT	-2.584962500721156	1.363071866403019e-20	8.502363950314572e-20	X1
GAGAACCAGGTTAGCT	2.321928094887362	1.6610244897268262e-18	5.822729697591934e-18	X0
CGCCAAATCAGGCTAT	1.8073549220576042	1.3513812610243942e-10	2.061271604766015e-10	X0
TCTAATCTCGAGGAGT	2.321928094887362	2.346206306321115e-06	3.0232744644007614e-06	X0
GCTTTGTGTACCGGAT	-2.0	4.1422259360400374e-14	7.91791191062939e-14	X1
CCTAATAAGGCCCAGT	-0.3219280948873622	9.157161244117683e-05	0.00011144738539251088	X1
AGTCAATGTTAGCAGC	-0.5849625007211561	0.044313040057033834	0.04985472305080024	X1
GATTGCAGTAATGACT	4.0	6.26162256269268e-23	1.0840156507470095e-21	X0
TGTGTGAGTAAGCACC	-3.169925001442312	6.26162256269268e-23	1.0840156507470095e-21	X1
GATTCGCCAACAGGAT	-1.8073549220576042	9.556787680138532e-16	2.1356227092357177e-15	X1
AGAATCTGTCACCTAT	-2.807354922057604	1.363071866403019e-20	8.502363950314572e-20	X1
GCTTTCATCCGGTTGA	1.5849625007211565	1.6042818341220015e-19	7.283419635012658e-19	X0
GCTATTGCATTGTCCT	-3.0	9.556787680138532e-16	2.1356227092357177e-15	X1
GGTTAGCGTACCGGAT	-2.321928094887362	1.3513812610243942e-10	2.061271604766015e-10	X1
TCCTTCAAGTTGGATC	-3.321928094887362	1.2704266677461526e-16	3.218033375269829e-16	X1
GCGGTTGGTCAGGCAT	0.0	1.0	1.0	unknown
GGGAGTAGTCAAGTAT	-1.3219280948873622	0.017600100108852396	0.02004128955016733	X1
TAGCTAATCAGCAAGA	-1.584962500721156	6.548999325035109e-12	1.0693048396261339e-11	X1
GGCCAACTCTAATCAG	-4.247927513443585	1.363071866403019e-20	8.502363950314572e-20	X1
GGTCCATCAGTTTACG	1.3219280948873622	0.5397946186935895	0.573551362839982	unknown
TACGTAATCATTTAGG	-3.4594316186372973	1.2704266677461526e-16	3.218033375269829e-16	X1
AAACCGCGTCAACAAT	-3.4594316186372973	9.556787680138532e-16	2.1356227092357177e-15	X1
GCAGGTTGTCACCTAT	3.321928094887362	1.5316450877189923e-17	4.472183802777584e-17	X0
CTAACCTGTCTTGCTG	-2.0	3.0739033075239876e-11	4.8429849227620825e-11	X1
TCTAACTTCGCTAAAC	3.700439718141092	1.363071866403019e-20	8.502363950314572e-20	X0
ACCAGGACAGTAAGTA	-1.3219280948873622	0.0004368599184561862	0.0005205215071354787	X1
TCAATCGCAATCCTAG	-2.4594316186372973	1.0029797609618065e-21	9.676970737184859e-21	X1
GGTTGCTCAACACCTA	-2.0	0.01048936783892586	0.011996507993823844	X1
TATCACGCATTAGGCC	1.3219280948873622	2.4127107519685975e-13	4.369011087207231e-13	X0
GTGCACGGTTCCTGTG	-3.169925001442312	1.5316450877189923e-17	4.472183802777584e-17	X1
CTAGTCGAGCTGGACC	3.9068905956085187	1.363071866403019e-20	8.502363950314572e-20	X0
CCACAGGGTGAACAAA	-3.321928094887362	6.548999325035109e-12	1.0693048396261339e-11	X1
GGCTAGACATGTCAAT	-1.584962500721156	4.1422259360400374e-14	7.91791191062939e-14	X1
TTAGCGGTCCTCCTAA	-1.3219280948873622	2.756790387925026e-08	3.824929141867178e-08	X1
GTAGTTATCATGACCG	-3.584962500721156	6.26162256269268e-23	1.0840156507470095e-21	X1
TAGGTTGGTTACAAAC	-2.584962500721156	6.548999325035109e-12	1.0693048396261339e-11	X1
AGGTCAAAGGCGTAAA	-0.4150374992788439	3.925069822796835e-05	4.843013700478723e-05	X1
TACCTCATCGCTTCTA	-3.321928094887362	1.5316450877189923e-17	4.472183802777584e-17	X1
CTAATCTTCATCCTCA	-2.321928094887362	1.6610244897268262e-18	5.822729697591934e-18	X1
CACATTAAGGACGTAA	1.8744691179161412	1.6042818341220015e-19	7.283419635012658e-19	X0
ATGGACAAGAGCCGGA	2.321928094887362	3.0739033075239876e-11	4.8429849227620825e-11	X0
TCAAGAACATCTAGCA	-2.807354922057604	1.5316450877189923e-17	4.472183802777584e-17	X1
ATCCTTAGTTAAGCCA	2.807354922057604	5.579544528625976e-10	8.284469704608276e-10	X0
CTGGCTAAGGTGCGGA	2.807354922057604	4.1422259360400374e-14	7.91791191062939e-14	X0
CATGCGCAGGCTACAT	0.485426827170242	0.0060164878626817395	0.0069340164649698425	X0
AGGAACGGTGTTAGCA	-1.584962500721156	0.7579407931963542	0.7938215715928063	unknown
GATAACGAGATTGAGG	-3.584962500721156	1.5316450877189923e-17	4.472183802777584e-17	X1
AAGCTTGGTTTAACGG	-2.0	0.003318560257963064	0.003849487845566849	X1
GCTTTACGTACTAAAC	1.3219280948873622	3.0739033075239876e-11	4.8429849227620825e-11	X0
TTCAACCGTCCAAGAC	-3.4594316186372973	6.548999325035109e-12	1.0693048396261339e-11	X1
CTTTGTCCATTGTCCT	1.584962500721156	0.9939835121373183	1.0	unknown
GCGCTTGCAGGATGGC	-2.584962500721156	1.3029679093280502e-12	2.239820187795613e-12	X1
GGCCTCTGTCAAGACC	-1.8073549220576042	0.0060164878626817395	0.0069340164649698425	X1
GTAGGATCAAATACCT	1.6629650127224291	9.556787680138532e-16	2.1356227092357177e-15	X0
CCTAAATCACACCAAC	-4.247927513443585	6.26162256269268e-23	1.0840156507470095e-21	X1
AAACGCGCATACTCCT	-2.321928094887362	3.925069822796835e-05	4.843013700478723e-05	X1
CTTATTGGTGCTAGCG	1.8073549220576042	1.5316450877189923e-17	4.472183802777584e-17	X0
TACCCGGCAGGTTTGC	0.7369655941662061	0.0008949651957434264	0.001056728495393278	X0
CGCAATGTCTATCGCC	-2.807354922057604	2.4127107519685975e-13	4.369011087207231e-13	X1
CTTCACTCAGCAACAG	-3.3923174227787607	1.0029797609618065e-21	9.676970737184859e-21	X1
CGTGTTACATGATTGT	2.321928094887362	3.0739033075239876e-11	4.8429849227620825e-11	X0
GGGTCACTCTTGTCTG	-1.8073549220576042	4.1422259360400374e-14	7.91791191062939e-14	X1
AGGTGAATCTAGCTTT	-3.0	1.0029797609618065e-21	9.676970737184859e-21	X1
ATGAATGCAGCTCATA	-2.807354922057604	4.1422259360400374e-14	7.91791191062939e-14	X1
AAGCTATGTCATTGTC	3.321928094887362	1.3513812610243942e-10	2.061271604766015e-10	X0
GCCTCAAAGGCTCATG	-2.0	0.017600100108852396	0.02004128955016733	X1
CTCCTCACACCACAAC	-2.0	0.017600100108852396	0.02004128955016733	X1
TTTCGTCCAGTCTATG	1.584962500721156	3.0739033075239876e-11	4.8429849227620825e-11	X0
TTACAGCAGCCTAACG	2.0	0.38217671720133345	0.41102659716042955	unknown
AACAAAGGTTACTTCA	-2.584962500721156	2.756790387925026e-08	3.824929141867178e-08	X1
TAGCAGGCAGGCTAAG	1.584962500721156	0.7579407931963542	0.7938215715928063	unknown
TAGTAAGCATAGCGGA	3.169925001442312	9.556787680138532e-16	2.1356227092357177e-15	X0
GGTTTGTAGCTTATGA	3.0	1.363071866403019e-20	8.502363950314572e-20	X0
AGCCGGTTCAGTGAAG	-1.0	1.2704266677461526e-16	3.218033375269829e-16	X1
CAATAGCTCATGCCTC	2.0	0.0060164878626817395	0.0069340164649698425	X0
CATAGCTAGTAACGGA	3.4594316186372973	2.4127107519685975e-13	4.369011087207231e-13	X0
AATAGAGGTCCGCTGT	-3.321928094887362	1.5316450877189923e-17	4.472183802777584e-17	X1
CCCAGCACATCCATCT	-0.5849625007211561	0.5397946186935895	0.573551362839982	unknown
CCTTCAATCCTAATAG	2.584962500721156	1.6042818341220015e-19	7.283419635012658e-19	X0
CTAAATGTCAATAGCC	-4.087462841250339	6.26162256269268e-23	1.0840156507470095e-21	X1
GCTTTCATCATTAGGC	-3.0	4.1422259360400374e-14	7.91791191062939e-14	X1
ATGGACAAGTGAGGTA	1.584962500721156	1.3029679093280502e-12	2.239820187795613e-12	X0
GCTGTAAGTGAGACTC	-1.0	7.952664236893068e-09	1.1284123271995337e-08	X1
GGGTGAAGTGTCCAAA	-4.523561956057013	6.26162256269268e-23	1.0840156507470095e-21	X1
AACTCACAGCTGGAAA	-2.9068905956085187	1.363071866403019e-20	8.502363950314572e-20	X1
CTTCTAAGTCCTCCAA	-1.584962500721156	0.9033260477521786	0.9326176015352042	unknown
ATCACCCTCCTGGCTT	3.169925001442312	1.2704266677461526e-16	3.218033375269829e-16	X0
TACTGGCCAAACTAAG	-2.807354922057604	1.363071866403019e-20	8.502363950314572e-20	X1
CAACTAATCCGTTATT	2.0	6.26162256269268e-23	1.0840156507470095e-21	X0
GACGCCTAGTTGGCCA	-1.584962500721156	0.9033260477521786	0.9326176015352042	unknown
CTACCGGCAGTCTAAT	4.392317422778761	3.224844447881771e-24	1.2299758276999067e-22	X0
TTAACCAAGAGGGACT	-3.321928094887362	1.6042818341220015e-19	7.283419635012658e-19	X1
CGGTTCCGTTGGTTAG	-2.584962500721156	6.289575008339427e-06	7.975507841743658e-06	X1
GTTGGAGCAAAGGCCA	3.4594316186372973	1.6042818341220015e-19	7.283419635012658e-19	X0
TTTACGAAGACAAACG	-2.0	0.00020438858371340761	0.0002460120970633274	X1
AGCTATATCGTCAAGT	-2.807354922057604	1.6042818341220015e-19	7.283419635012658e-19	X1
CTAATCTTCCTTCGTA	-4.247927513443585	1.363071866403019e-20	8.502363950314572e-20	X1
ACTAACGGTCATGCCC	3.4594316186372973	1.5316450877189923e-17	4.472183802777584e-17	X0
TGTCCTGGTGTCACGG	-2.584962500721156	1.3513812610243942e-10	2.061271604766015e-10	X1
CCGTGCTGTCATTGAG	1.0	0.0017588208614850794	0.002060775226984838	X0
AACCTTAAGTGAAGTG	-2.584962500721156	1.3029679093280502e-12	2.239820187795613e-12	X1
TATGGCCCAATATACC	-1.584962500721156	5.579544528625976e-10	8.284469704608276e-10	X1
ATACCGGTCGTCATTT	3.700439718141092	6.26162256269268e-23	1.0840156507470095e-21	X0
GCTTTATTCGTTATAG	-1.415037499278844	2.346206306321115e-06	3.0232744644007614e-06	X1
TGATCAATCCGCATGA	-2.584962500721156	2.818141017102701e-07	3.7604312442133894e-07	X1
CGCTCCATCACCGGTA	1.584962500721156	3.0739033075239876e-11	4.8429849227620825e-11	X0
TCTAGCACACCACAAC	1.3219280948873622	3.925069822796835e-05	4.843013700478723e-05	X0
CAGCCTAAGGTACCGC	-3.4594316186372973	1.5316450877189923e-17	4.472183802777584e-17	X1
AATATCCCATGCTCCC	-3.0	1.0029797609618065e-21	9.676970737184859e-21	X1
TTGAGGCGTACGGTAC	-2.807354922057604	1.3029679093280502e-12	2.239820187795613e-12	X1
ACGCCACAGACTTATG	1.0	0.0004368599184561862	0.0005205215071354787	X0
CATCCTCAGTAGCGCC	2.3219280948873626	1.6042818341220015e-19	7.283419635012658e-19	X0
GATTGATGTATTGAGT	-3.169925001442312	1.2704266677461526e-16	3.218033375269829e-16	X1
TATTCGTTCTCCTCTT	1.584962500721156	2.1686833167108188e-09	3.137350440196232e-09	X0
CCGGTAGGTGGACATC	-3.4594316186372973	4.1422259360400374e-14	7.91791191062939e-14	X1
AAAGGCTCAGCCTGCA	-2.584962500721156	6.289575008339427e-06	7.975507841743658e-06	X1
CATTATGAGCTTAGCG	1.8744691179161412	6.564907761017925e-15	1.3424970548431796e-14	X0
AGAACAAGTGGATTCA	-3.584962500721156	1.6610244897268262e-18	5.822729697591934e-18	X1
AAGCTCCCACCGTTCC	-3.4594316186372973	3.224844447881771e-24	1.2299758276999067e-22	X1
TTAACCAAGCTGGCTA	3.321928094887362	1.5316450877189923e-17	4.472183802777584e-17	X0
TCATTTGGTCCTAGTT	-1.8073549220576042	1.3513812610243942e-10	2.061271604766015e-10	X1
GACCGAACAATAACCT	-1.736965594166206	4.1422259360400374e-14	7.91791191062939e-14	X1
CGGTGAACAGCAATAA	2.0	0.24205920680364573	0.26354439063679713	unknown
ATAGGTACAAAGGTAC	-3.321928094887362	4.1422259360400374e-14	7.91791191062939e-14	X1
GGTTAATGTGTTTGAG	-2.807354922057604	6.564907761017925e-15	1.3424970548431796e-14	X1
AATCCTAAGGTAAGGC	-2.3219280948873626	1.363071866403019e-20	8.502363950314572e-20	X1
GGAGCATAGGTGAAAT	-1.8073549220576042	1.3029679093280502e-12	2.239820187795613e-12	X1
CTGCAATAGGATTGCT	1.3219280948873622	7.952664236893068e-09	1.1284123271995337e-08	X0
TGGGCATGTCATTGTC	-3.0	1.3513812610243942e-10	2.061271604766015e-10	X1
GCTGCAATCCAGGGAG	-0.4150374992788439	0.0017588208614850794	0.002060775226984838	X1
TGATCCTGTTACTTGC	-3.584962500721156	1.0029797609618065e-21	9.676970737184859e-21	X1
CCAAGGCTCATAACGC	-2.700439718141092	6.26162256269268e-23	1.0840156507470095e-21	X1
GCAGGTTGTGCGCGTA	2.169925001442312	6.564907761017925e-15	1.3424970548431796e-14	X0
GTTTGCTGTTGGCCGA	-3.0	1.2704266677461526e-16	3.218033375269829e-16	X1
CTGCTACTCCTAATAG	1.3219280948873622	2.346206306321115e-06	3.0232744644007614e-06	X0
GGCAATCGTGCCGCAA	3.4594316186372973	1.363071866403019e-20	8.502363950314572e-20	X0
GTGGATGCATAAGGAC	-3.0	1.3029679093280502e-12	2.239820187795613e-12	X1
TCTGGCTTCATTAGGC	0.0	1.0	1.0	unknown
TGATGAACATCCGTAA	-2.584962500721156	6.564907761017925e-15	1.3424970548431796e-14	X1
AATTGGACAGTAGGTG	-3.321928094887362	6.564907761017925e-15	1.3424970548431796e-14	X1
CGTTTGTGTACCAGGT	-2.321928094887362	8.336813247250504e-07	1.0917468420889744e-06	X1
GTCGAAGCAATCTCTC	-0.3219280948873622	0.0004368599184561862	0.0005205215071354787	X1
GAGTGAGGTTGCAATG	-2.807354922057604	6.564907761017925e-15	1.3424970548431796e-14	X1
GTAGCCATCGTAACGT	-3.3219280948873626	1.363071866403019e-20	8.502363950314572e-20	X1
CGAATATGTTAGGACC	-3.169925001442312	1.363071866403019e-20	8.502363950314572e-20	X1
TCCGGAATCTCAATGA	-3.807354922057604	1.363071866403019e-20	8.502363950314572e-20	X1
CTGGATGTCAATACGC	-3.321928094887362	1.6610244897268262e-18	5.822729697591934e-18	X1
GATTCAATCGTTATCT	-4.247927513443585	1.6042818341220015e-19	7.283419635012658e-19	X1
GATCGATTCCCTTGCG	-2.584962500721156	1.3513812610243942e-10	2.061271604766015e-10	X1
TGGCTTTGTACCCACC	-2.584962500721156	4.1422259360400374e-14	7.91791191062939e-14	X1
CAGCCAATCGAGGAAC	3.9068905956085187	1.6610244897268262e-18	5.822729697591934e-18	X0
TGCCTGTTCGTTAGCG	-3.0	9.556787680138532e-16	2.1356227092357177e-15	X1
CGATTGAGTGCACGCA	-2.807354922057604	1.3029679093280502e-12	2.239820187795613e-12	X1
AGCGCTCAGGCGAATA	-2.807354922057604	2.4127107519685975e-13	4.369011087207231e-13	X1
CATCACACACTTACAG	-0.7369655941662061	2.756790387925026e-08	3.824929141867178e-08	X1
AGCTACGTCGCGACAC	-2.584962500721156	1.2704266677461526e-16	3.218033375269829e-16	X1
ATGACAACATATTGAC	-3.584962500721156	1.5316450877189923e-17	4.472183802777584e-17	X1
GATAACGAGGCTGTCA	4.0	1.363071866403019e-20	8.502363950314572e-20	X0
GCAAGCCTCAGGATGA	1.222392421336448	1.6610244897268262e-18	5.822729697591934e-18	X0
GATAAAGGTAGGTGTC	-2.584962500721156	6.548999325035109e-12	1.0693048396261339e-11	X1
GTGAACAAGTAATCCA	2.321928094887362	4.1422259360400374e-14	7.91791191062939e-14	X0
AGCGTGCTCATTATGG	-3.321928094887362	1.6610244897268262e-18	5.822729697591934e-18	X1
AAAGCCCGTCATAGAT	1.584962500721156	6.548999325035109e-12	1.0693048396261339e-11	X0
GGTAGGAGTGGTTATG	-2.584962500721156	3.0739033075239876e-11	4.8429849227620825e-11	X1
TCCTGGTTCCGTGACA	-2.169925001442312	1.6610244897268262e-18	5.822729697591934e-18	X1
CTTGAACAGGTCATTA	1.584962500721156	0.9991050348042566	1.0	unknown
CTAAGGTTCTTGGACG	-3.321928094887362	9.556787680138532e-16	2.1356227092357177e-15	X1
GGTTAATGTCGACTAA	0.637429920615292	9.050013106514627e-08	1.228419758647018e-07	X0
TTGACATCATCATGGC	-2.8073549220576037	1.0029797609618065e-21	9.676970737184859e-21	X1
TATATCCTCCATAATG	-4.807354922057604	1.363071866403019e-20	8.502363950314572e-20	X1
TGCTAACAGGGTCCAC	-3.807354922057604	1.363071866403019e-20	8.502363950314572e-20	X1
TAGGCTGTCGTTAACA	-3.321928094887362	9.556787680138532e-16	2.1356227092357177e-15	X1
CTACTAAAGGGTTAGA	-3.807354922057604	3.224844447881771e-24	1.2299758276999067e-22	X1
GATCCGTCAAATATCC	-0.5405683813627027	0.46020538130641053	0.49191125489809434	unknown
GCTTACCTCGACAAAG	2.0	1.6610244897268262e-18	5.822729697591934e-18	X0
CCTAAATCACAGCCAT	0.4150374992788439	0.8643734879630823	0.8968272956012542	unknown
GAGTCATTCAGCACCA	-2.0	6.564907761017925e-15	1.3424970548431796e-14	X1
GTGTTACAGCAAGGGT	-2.321928094887362	8.336813247250504e-07	1.0917468420889744e-06	X1
TGGCCTTTCGTGCCTT	-2.584962500721156	6.548999325035109e-12	1.0693048396261339e-11	X1
CCAACCCGTCATCCTG	-3.0	1.6610244897268262e-18	5.822729697591934e-18	X1
CAACCGGGTGCTGGTG	-3.807354922057604	1.2704266677461526e-16	3.218033375269829e-16	X1
AGGATGTCATCAATCG	-1.584962500721156	0.9823998998911476	1.0	unknown
GTTTCCTCAGGACCTT	-3.169925001442312	2.4127107519685975e-13	4.369011087207231e-13	X1
ACCAAGCGTCCGCTGT	1.8073549220576042	1.3029679093280502e-12	2.239820187795613e-12	X0
CTGGCTTTCCATAATG	-3.584962500721156	9.556787680138532e-16	2.1356227092357177e-15	X1
CGAGGCAAGTTGGCCA	1.584962500721156	1.2704266677461526e-16	3.218033375269829e-16	X0
AGAGATTAGGTAAGGC	-2.584962500721156	6.548999325035109e-12	1.0693048396261339e-11	X1
AACATAGCACTGGCCA	-1.0	2.818141017102701e-07	3.7604312442133894e-07	X1
CACATGCCAATAACCT	3.584962500721156	1.6042818341220015e-19	7.283419635012658e-19	X0
ACACTAATCTAACCTT	-3.169925001442312	9.556787680138532e-16	2.1356227092357177e-15	X1
AATCTTGAGTCTATGA	-3.4594316186372973	1.5316450877189923e-17	4.472183802777584e-17	X1
AAAGGTTAGTAAGTCC	-3.321928094887362	1.0029797609618065e-21	9.676970737184859e-21	X1
GCCCGTTGTAATAGCT	-1.736965594166206	1.6610244897268262e-18	5.822729697591934e-18	X1
AACAGCAAGTCATGCG	-3.0	1.3029679093280502e-12	2.239820187795613e-12	X1
TACGGTTAGGATAAAC	-0.8845227825800639	2.4127107519685975e-13	4.369011087207231e-13	X1
TTGTCCGGTCGAAGTC	-0.5849625007211561	0.38217671720133345	0.41102659716042955	unknown
ATTACGTCAATGAATG	-2.321928094887362	1.3513812610243942e-10	2.061271604766015e-10	X1
GCTGAGGAGTGACCTG	-3.321928094887362	1.6042818341220015e-19	7.283419635012658e-19	X1
TAAAGCCTCCCTCATA	-3.0	1.6610244897268262e-18	5.822729697591934e-18	X1
TCCATGCTCGGTTTCC	-2.0	1.6610244897268262e-18	5.822729697591934e-18	X1
AGCGCTCAGGCGCTAC	-2.169925001442312	1.3513812610243942e-10	2.061271604766015e-10	X1
TAAGGCTTCCGGAACC	-3.807354922057604	1.363071866403019e-20	8.502363950314572e-20	X1
ATAGGTACACCAAAGG	-3.9068905956085187	3.224844447881771e-24	1.2299758276999067e-22	X1
GCATATATCTAAGTGC	-2.584962500721156	1.3029679093280502e-12	2.239820187795613e-12	X1
TCCTGTTCATTTAAGC	-1.415037499278844	1.363071866403019e-20	8.502363950314572e-20	X1
ACGTCAAGTTTACGTC	-3.4594316186372973	1.363071866403019e-20	8.502363950314572e-20	X1
TTAAGCCAGGGTGGAT	-2.584962500721156	1.3029679093280502e-12	2.239820187795613e-12	X1
AATTAGGCACAATGCC	-2.807354922057604	1.5316450877189923e-17	4.472183802777584e-17	X1
CCAAGTTAGTGACCTG	-2.0	6.289575008339427e-06	7.975507841743658e-06	X1
CTTACCGGTTTATCGC	-3.321928094887362	1.6042818341220015e-19	7.283419635012658e-19	X1
GGACGAAGTATTGAGT	3.584962500721156	3.224844447881771e-24	1.2299758276999067e-22	X0
AGTTGTCAGCTTAACA	-3.4594316186372973	1.5316450877189923e-17	4.472183802777584e-17	X1
CCCTGTTAGGGTCCAC	-3.169925001442312	1.6042818341220015e-19	7.283419635012658e-19	X1
ACCCGGTAGATAGACG	-3.321928094887362	1.5316450877189923e-17	4.472183802777584e-17	X1
AATTAGGCAGCTAACC	0.0	1.0	1.0	unknown
AACCTAATCCCGAAGC	-1.736965594166206	6.564907761017925e-15	1.3424970548431796e-14	X1
TCACGGATCGTTTCTG	-2.807354922057604	3.0739033075239876e-11	4.8429849227620825e-11	X1
TGAAGGATCAATCATG	-2.584962500721156	1.3513812610243942e-10	2.061271604766015e-10	X1
AATGGCGCAAGGTAAC	-2.0	6.289575008339427e-06	7.975507841743658e-06	X1
TTGGCTACAGGCATCT	0.0	1.0	1.0	unknown
CACCTGTTCCCTCATA	-2.321928094887362	9.556787680138532e-16	2.1356227092357177e-15	X1
TCGCCCATCTTCAATC	-0.7369655941662061	0.8158991913366521	0.8516005955185724	unknown
ACGTCCTTCAAACTCA	-3.584962500721156	9.556787680138532e-16	2.1356227092357177e-15	X1
AATTGCTCAGCTCATA	-1.584962500721156	9.556787680138532e-16	2.1356227092357177e-15	X1
TTGGCTTGTCAGTAAT	-3.169925001442312	6.564907761017925e-15	1.3424970548431796e-14	X1
GGTTAATGTTGGTGAC	-3.0	1.363071866403019e-20	8.502363950314572e-20	X1
CATAATCCACATACTG	-3.4594316186372973	1.363071866403019e-20	8.502363950314572e-20	X1
CTTTGGGAGCACTTGG	2.321928094887362	7.952664236893068e-09	1.1284123271995337e-08	X0
GGGTTTGTCGATTCTT	1.584962500721156	0.9895106321610742	1.0	unknown
CATGCAAGTGATGGCT	-3.4594316186372973	1.6042818341220015e-19	7.283419635012658e-19	X1
CTCCTCACAGGCTACT	-2.4594316186372973	6.26162256269268e-23	1.0840156507470095e-21	X1
CAATGTCAGCTTACTT	-3.807354922057604	1.0029797609618065e-21	9.676970737184859e-21	X1
TTAGCCTGTAATGGAA	-3.807354922057604	9.556787680138532e-16	2.1356227092357177e-15	X1
GTGCCTTTCCAATTAG	-3.584962500721156	6.564907761017925e-15	1.3424970548431796e-14	X1
AAGCTATGTTTGACCT	-3.169925001442312	3.224844447881771e-24	1.2299758276999067e-22	X1
AGTCCTTGTGCTAGCG	2.807354922057604	3.0739033075239876e-11	4.8429849227620825e-11	X0
TTTGTGTTCTGCAACG	-3.321928094887362	9.556787680138532e-16	2.1356227092357177e-15	X1
GCTTAGTAGTTAGTTG	-3.321928094887362	6.26162256269268e-23	1.0840156507470095e-21	X1
GAGCGAAGTAGCCTCC	1.584962500721156	0.8158991913366521	0.8516005955185724	unknown
ATCCTCATCACATTGA	3.0	6.548999325035109e-12	1.0693048396261339e-11	X0
GTAGGATCAAACTAAG	0.28950661719498516	0.30864970679462606	0.33430584275359365	unknown
TTTGTGAAGCTTAGTA	-4.087462841250339	6.26162256269268e-23	1.0840156507470095e-21	X1
CAGAATCTCCAAGTGT	3.4594316186372973	1.6042818341220015e-19	7.283419635012658e-19	X0
AGCTTTAAGGCTCATG	-2.807354922057604	4.1422259360400374e-14	7.91791191062939e-14	X1
ACCAGGCTCCTGAATA	-0.7369655941662061	9.050013106514627e-08	1.228419758647018e-07	X1
ACCACACCAATAACCT	-3.700439718141092	3.224844447881771e-24	1.2299758276999067e-22	X1
GCCCTCATCATGGTGT	3.4594316186372973	1.6610244897268262e-18	5.822729697591934e-18	X0
GTTCCCAGTATTGCAG	-3.0	1.3029679093280502e-12	2.239820187795613e-12	X1
CTCCGGACATGAGCAG	-1.222392421336448	1.3029679093280502e-12	2.239820187795613e-12	X1
TCCATATTCCAAACAC	4.247927513443585	1.2704266677461526e-16	3.218033375269829e-16	X0
GTGCTTCTCATTAGCA	2.584962500721156	9.556787680138532e-16	2.1356227092357177e-15	X0
CTCAGGATCGATCAGT	2.321928094887362	9.050013106514627e-08	1.228419758647018e-07	X0
GGCCAGTTCAGTGAAG	0.0	1.0	1.0	unknown
CTTCTAAGTCAATGTG	4.459431618637297	7.888609052210118e-31	5.7768284089334695e-27	X0
CACGCAATCAATCATG	-2.0	0.017600100108852396	0.02004128955016733	X1
TTATAGCCACACCAAC	-3.4594316186372973	2.4127107519685975e-13	4.369011087207231e-13	X1
CGATTTGCAAACTAAG	-2.0	0.017600100108852396	0.02004128955016733	X1
TCCTCACAGAAGGTGC	-3.0	9.556787680138532e-16	2.1356227092357177e-15	X1
TTAGCCTGTATTGTGG	-0.8073549220576042	9.050013106514627e-08	1.228419758647018e-07	X1
ATGAGCCGTAAAGCGG	-1.584962500721156	0.9033260477521786	0.9326176015352042	unknown
GTTCCTGGTTTACCGT	-3.9068905956085187	6.26162256269268e-23	1.0840156507470095e-21	X1
TTCATTCAGTAAGAAC	-1.584962500721156	2.4127107519685975e-13	4.369011087207231e-13	X1
TTGCCCGTCCTAATAG	-0.7369655941662061	0.0060164878626817395	0.0069340164649698425	X1
CTCATTAGTAATAGCT	-2.0	1.6042818341220015e-19	7.283419635012658e-19	X1
TGACCTTGTTAGTTGG	-0.5849625007211561	0.9966814397420369	1.0	unknown
TCGTTAGCAATATGGA	2.807354922057604	1.5316450877189923e-17	4.472183802777584e-17	X0
CAATGCCCAGTGAACG	0.16992500144231215	9.157161244117683e-05	0.00011144738539251088	X0
GAGGCTACAGCCGCTA	-1.584962500721156	6.289575008339427e-06	7.975507841743658e-06	X1
GCCACAATCGAAGTGA	3.4594316186372973	1.5316450877189923e-17	4.472183802777584e-17	X0
ACCTGGATCACAGCCA	-3.4594316186372973	6.564907761017925e-15	1.3424970548431796e-14	X1
ATCGGCCAGTGAGAGC	-2.0	7.952664236893068e-09	1.1284123271995337e-08	X1
CGATGTCCACAGACTC	-3.584962500721156	1.6042818341220015e-19	7.283419635012658e-19	X1
TTAAGCCAGCCGCAGT	0.5849625007211561	0.8643734879630823	0.8968272956012542	unknown
GTTTGCTGTCCTTCAG	2.169925001442312	1.6042818341220015e-19	7.283419635012658e-19	X0
AAACCGGCAGGACCTT	-3.807354922057604	3.224844447881771e-24	1.2299758276999067e-22	X1
ACTCAGTAGGATAAAC	4.169925001442312	1.363071866403019e-20	8.502363950314572e-20	X0
ACCAGCTCAACAGGTG	-2.584962500721156	2.4127107519685975e-13	4.369011087207231e-13	X1
CCTTCGTAGGCCCAGT	-0.5849625007211561	0.9556869599429662	0.981556186207902	unknown
GTCCTAGAGACTTACA	-0.5849625007211561	0.8158991913366521	0.8516005955185724	unknown
TCGTTATTCGAAGTAG	-2.807354922057604	3.0739033075239876e-11	4.8429849227620825e-11	X1
AAGTTTGTCATGCTAA	2.807354922057604	9.556787680138532e-16	2.1356227092357177e-15	X0
TGGATTGGTTAATGAC	2.4594316186372973	9.556787680138532e-16	2.1356227092357177e-15	X0
GCCCGTTGTGCAATAT	-2.584962500721156	7.952664236893068e-09	1.1284123271995337e-08	X1
AGGATCCGTTTGTCTA	-2.6438561897747244	1.3154334480650894e-25	1.437749125400097e-23	X1
ATTCGTTTCTAACTGA	3.3219280948873626	6.26162256269268e-23	1.0840156507470095e-21	X0
GTTAAACGTTTAGTCC	4.087462841250339	1.363071866403019e-20	8.502363950314572e-20	X0
ATTTGCAAGCTAATTG	-0.3219280948873622	0.7579407931963542	0.7938215715928063	unknown
GGTGATTTCGGTTTGG	-2.321928094887362	2.756790387925026e-08	3.824929141867178e-08	X1
AAACAGCCAGCATGAG	-2.4594316186372973	9.556787680138532e-16	2.1356227092357177e-15	X1
ACACAATGTATTGTGG	3.0	1.3029679093280502e-12	2.239820187795613e-12	X0
CAACAATGTGCTAGCG	0.7369655941662061	1.6080007647833168e-05	2.0063706935607818e-05	X0
ATGGTGCGTAGCCTCC	-2.584962500721156	2.756790387925026e-08	3.824929141867178e-08	X1
CCCAAATAGGAAGTAT	-1.3219280948873626	3.0739033075239876e-11	4.8429849227620825e-11	X1
AAGGTGCAGCTAGAAG	2.169925001442312	1.6610244897268262e-18	5.822729697591934e-18	X0
GGTACTTAGGCTTAAC	3.321928094887362	1.363071866403019e-20	8.502363950314572e-20	X0
ATCATCAAGCATGGTT	-2.4594316186372973	1.2704266677461526e-16	3.218033375269829e-16	X1
TGGCTTTGTTGCGGAT	2.321928094887362	9.050013106514627e-08	1.228419758647018e-07	X0
CTCATTAGTGTCCAGG	-2.807354922057604	6.548999325035109e-12	1.0693048396261339e-11	X1
CGCTTCTAGTGAACAG	-3.169925001442312	4.1422259360400374e-14	7.91791191062939e-14	X1
ACAGGTAAGCGGATTT	-3.9068905956085187	1.0029797609618065e-21	9.676970737184859e-21	X1
AGCGGATAGTTGGATC	0.0	1.0	1.0	unknown
GCCTCGACAGGCGATA	-0.5849625007211561	0.1356265120369177	0.1499159166258639	unknown
TATTAGGTCCGGCTAA	-3.584962500721156	1.5316450877189923e-17	4.472183802777584e-17	X1
TGTTGCACACGTGCTG	-1.3219280948873622	8.336813247250504e-07	1.0917468420889744e-06	X1
GGGCGAATCGTTAGTA	4.0	1.5316450877189923e-17	4.472183802777584e-17	X0
GATCACTAGATAGACG	-1.8073549220576042	2.4127107519685975e-13	4.369011087207231e-13	X1
CGATATTCACCTGCCT	2.4594316186372973	1.363071866403019e-20	8.502363950314572e-20	X0
TGAGGAGGTTGGTTGA	-3.584962500721156	1.363071866403019e-20	8.502363950314572e-20	X1
GGTACCGGTATGTGGC	-2.0	0.18410080866334788	0.2023975712117845	unknown
GCACTAAGTTTGCGCC	-1.8073549220576042	9.050013106514627e-08	1.228419758647018e-07	X1
CGGATTAGTGATTTGG	-4.584962500721156	1.6610244897268262e-18	5.822729697591934e-18	X1
AGTTGCGTCATGCAAC	-4.247927513443585	3.224844447881771e-24	1.2299758276999067e-22	X1
GAACGAATCTTGAGCG	3.321928094887362	1.6610244897268262e-18	5.822729697591934e-18	X0
TAAGCTGGTACAAAGA	-3.0	1.5316450877189923e-17	4.472183802777584e-17	X1
CTCTAGCTCCCTCATA	-3.9068905956085187	1.3154334480650894e-25	1.437749125400097e-23	X1
TCGATTAAGGCGAATA	-3.321928094887362	1.0029797609618065e-21	9.676970737184859e-21	X1
TTGTTTGGTTTGGGCG	-2.807354922057604	1.5316450877189923e-17	4.472183802777584e-17	X1
AATGCAACAGGGAGCT	-2.584962500721156	2.1686833167108188e-09	3.137350440196232e-09	X1
TCCACAACACCATATG	-2.584962500721156	1.3029679093280502e-12	2.239820187795613e-12	X1
GGATGAATCATAGCCG	3.321928094887362	9.556787680138532e-16	2.1356227092357177e-15	X0
ACTTATGAGCAAGGGT	-1.584962500721156	4.1422259360400374e-14	7.91791191062939e-14	X1
CAGGGTGAGTCTCACC	2.321928094887362	1.2704266677461526e-16	3.218033375269829e-16	X0
TCCCGTTAGAACCTGT	-2.0	1.5316450877189923e-17	4.472183802777584e-17	X1
CCTACTGGTCACAGCG	-2.584962500721156	6.26162256269268e-23	1.0840156507470095e-21	X1
CGATTGAGTTTAGCTC	-2.584962500721156	1.2704266677461526e-16	3.218033375269829e-16	X1
AGTTACATCCGCAAAT	-2.0	1.5316450877189923e-17	4.472183802777584e-17	X1
ACGTTACAGGAGTCGG	-3.4594316186372973	1.5316450877189923e-17	4.472183802777584e-17	X1
GGAAGCTAGGTGAAGC	1.0	1.6080007647833168e-05	2.0063706935607818e-05	X0
CACTAAGGTATCTGGA	-3.700439718141092	1.2704266677461526e-16	3.218033375269829e-16	X1
ATCACCCTCACTCGCT	-2.807354922057604	1.363071866403019e-20	8.502363950314572e-20	X1
AAAGCAAGTTGTGATG	2.169925001442312	1.5316450877189923e-17	4.472183802777584e-17	X0
ACGAATCTCGTCCTTA	-2.807354922057604	0.0004368599184561862	0.0005205215071354787	X1
CTCGCTCCAAACTAAG	-2.584962500721156	2.4127107519685975e-13	4.369011087207231e-13	X1
AGCTACTAGGATCACT	-3.4594316186372973	1.363071866403019e-20	8.502363950314572e-20	X1
TGCTCTCAGCTCCTAC	3.0	1.6610244897268262e-18	5.822729697591934e-18	X0
TTGCGAGTCCAGGGAG	-2.807354922057604	9.556787680138532e-16	2.1356227092357177e-15	X1
CTTCAAGCAATTAAGG	-1.0588936890535683	4.1422259360400374e-14	7.91791191062939e-14	X1
ACGCACGGTAACTACG	-2.321928094887362	2.756790387925026e-08	3.824929141867178e-08	X1
CGCTAATAGAATCTCA	-4.523561956057013	1.363071866403019e-20	8.502363950314572e-20	X1
CTACTTAGTCAGGAAG	2.169925001442312	6.564907761017925e-15	1.3424970548431796e-14	X0
ACTTATGAGACACTTA	-2.3785116232537304	1.6042818341220015e-19	7.283419635012658e-19	X1
TAGGAACCATTGTCAG	-2.321928094887362	1.0029797609618065e-21	9.676970737184859e-21	X1
CCAGGATGTTTGACCT	-2.321928094887362	7.952664236893068e-09	1.1284123271995337e-08	X1
GAACGAATCATGACCG	-2.321928094887362	6.564907761017925e-15	1.3424970548431796e-14	X1
AGGTTACTCGGTCAAT	-4.169925001442312	1.0029797609618065e-21	9.676970737184859e-21	X1
GTTCTTGTCTGTAATG	-3.169925001442312	1.6042818341220015e-19	7.283419635012658e-19	X1
CGTTTGGAGGCGTAAA	-2.321928094887362	9.050013106514627e-08	1.228419758647018e-07	X1
AGCGCCTAGGGACGCA	-4.0	1.0029797609618065e-21	9.676970737184859e-21	X1
GTAAGGTCATCAATCG	-2.169925001442312	6.564907761017925e-15	1.3424970548431796e-14	X1
AAGGTCAAGGTCCTGA	-4.169925001442312	1.0029797609618065e-21	9.676970737184859e-21	X1
CGCAATTAGCTGAGGG	-2.321928094887362	0.0008949651957434264	0.001056728495393278	X1
TACAATGTCGCTAAAC	2.584962500721156	1.3029679093280502e-12	2.239820187795613e-12	X0
ACCATAATCACTCGCT	2.321928094887362	8.336813247250504e-07	1.0917468420889744e-06	X0
CACCAACCATCCCGCT	2.0	9.157161244117683e-05	0.00011144738539251088	X0
ATCAATCCAGCACGAA	2.584962500721156	1.6080007647833168e-05	2.0063706935607818e-05	X0
TACTAAGTCCGCTAGA	-2.321928094887362	5.579544528625976e-10	8.284469704608276e-10	X1
ATTGACTCACTTAACG	-4.169925001442312	6.26162256269268e-23	1.0840156507470095e-21	X1
CCAGCTAAGCTACTGG	-1.8073549220576042	1.2704266677461526e-16	3.218033375269829e-16	X1
AGGTAACCAACATAAG	-3.0	6.564907761017925e-15	1.3424970548431796e-14	X1
ATACCTGCATACCCGG	-3.0	3.0739033075239876e-11	4.8429849227620825e-11	X1
GCTGAGGAGGCCGGAA	-2.807354922057604	1.5316450877189923e-17	4.472183802777584e-17	X1
CGGTGAACAGCTACGT	-3.700439718141092	1.6042818341220015e-19	7.283419635012658e-19	X1
AGGTTGCGTAACGAGG	2.321928094887362	2.1686833167108188e-09	3.137350440196232e-09	X0
GGAGTGAGTGGAAACG	-1.415037499278844	6.548999325035109e-12	1.0693048396261339e-11	X1
TGGCTATAGTACCGCA	-2.807354922057604	1.6042818341220015e-19	7.283419635012658e-19	X1
CCAAATCAGGGCCATC	-1.0995356735509145	4.1422259360400374e-14	7.91791191062939e-14	X1
ACCTTGCTCTAAATCG	-1.84799690655495	3.224844447881771e-24	1.2299758276999067e-22	X1
AGGTCATTCTGCAAGT	-3.0	1.3513812610243942e-10	2.061271604766015e-10	X1
TTGTTGTTCCCTCGCA	-2.0	0.01048936783892586	0.011996507993823844	X1
ACTTACAAGCACGATT	-3.4594316186372973	3.224844447881771e-24	1.2299758276999067e-22	X1
CGTAACCCATTGTCAG	-2.0	6.564907761017925e-15	1.3424970548431796e-14	X1
CGCAAATTCAGGTCCA	-1.8073549220576042	2.4127107519685975e-13	4.369011087207231e-13	X1
CAATGCCCACAAAGAC	-0.7004397181410922	5.579544528625976e-10	8.284469704608276e-10	X1
CAAGACAAGTAGCCAT	-3.321928094887362	1.6610244897268262e-18	5.822729697591934e-18	X1
GTAGCGCTCCTTGAGG	2.321928094887362	6.564907761017925e-15	1.3424970548431796e-14	X0
TTTGTGGCAATCCTGA	-2.584962500721156	6.564907761017925e-15	1.3424970548431796e-14	X1
ATTACGTCATGATTGT	-3.0	1.2704266677461526e-16	3.218033375269829e-16	X1
TATGCATCACATTGCA	-2.700439718141092	2.4127107519685975e-13	4.369011087207231e-13	X1
AAAGCAAGTTGGGTTA	-1.584962500721156	2.756790387925026e-08	3.824929141867178e-08	X1
ACTAAAGCAGGCCAAA	-2.321928094887362	8.336813247250504e-07	1.0917468420889744e-06	X1
CATTATCTCTCACATT	-2.321928094887362	9.050013106514627e-08	1.228419758647018e-07	X1
CCTCCTCTCCGTCCAT	3.584962500721156	1.6610244897268262e-18	5.822729697591934e-18	X0
CACCAACCAAGACTCC	-3.584962500721156	1.6610244897268262e-18	5.822729697591934e-18	X1
CTTACTAGTAGCCATA	-2.807354922057604	1.5316450877189923e-17	4.472183802777584e-17	X1
TCTACTAGTTATCGAG	-4.087462841250339	1.6042818341220015e-19	7.283419635012658e-19	X1
AACAAGCCATGTCAAT	-2.087462841250339	1.363071866403019e-20	8.502363950314572e-20	X1
TAGTACGGTTAAGTGT	-2.0	0.0008949651957434264	0.001056728495393278	X1
ACGGTTTAGCCGCTAA	2.584962500721156	6.548999325035109e-12	1.0693048396261339e-11	X0
GCAGGAAGTTGAGCCG	-2.321928094887362	9.050013106514627e-08	1.228419758647018e-07	X1
GTGGCTTCACAGAAAC	-3.4594316186372973	1.363071866403019e-20	8.502363950314572e-20	X1
ACAACAACAAGGTACG	-2.584962500721156	6.548999325035109e-12	1.0693048396261339e-11	X1
ACCATTAAGCAGCTCA	-3.169925001442312	1.2704266677461526e-16	3.218033375269829e-16	X1
AACTTAGTCGGTTAGT	-3.0	1.2704266677461526e-16	3.218033375269829e-16	X1
GCCTGCTGTACCGGAT	0.5849625007211561	0.6913502932053739	0.7283496183488639	unknown
AGGTAACCAAGCGAGC	-1.0	2.4127107519685975e-13	4.369011087207231e-13	X1
CGAAGAATCCAATAGC	0.2630344058337939	0.38217671720133345	0.41102659716042955	unknown
ACTAATCCAGTCTAAT	-2.0	0.01048936783892586	0.011996507993823844	X1
CAAACATGTAACCTAG	-3.8073549220576046	1.3154334480650894e-25	1.437749125400097e-23	X1
TCCTTGCAGTTACCGG	3.0	1.5316450877189923e-17	4.472183802777584e-17	X0
CTGGCTTTCACGAATC	-3.0	1.6042818341220015e-19	7.283419635012658e-19	X1
CAACCCTTCCAGCACA	-2.4594316186372973	6.564907761017925e-15	1.3424970548431796e-14	X1
ATCACAATCAGGGCCT	-2.321928094887362	7.952664236893068e-09	1.1284123271995337e-08	X1
TCTAGCGAGGCACAGG	3.321928094887362	1.2704266677461526e-16	3.218033375269829e-16	X0
GGTACCGGTTAAGTGT	1.222392421336448	7.952664236893068e-09	1.1284123271995337e-08	X0
ACTAACGGTTCGGGAT	-3.4594316186372973	9.556787680138532e-16	2.1356227092357177e-15	X1
ATATGCTCAGCCTGCA	-2.0	1.3029679093280502e-12	2.239820187795613e-12	X1
TTTAAGGTCCCTCAAC	-2.321928094887362	2.1686833167108188e-09	3.137350440196232e-09	X1
AAAGGTTAGGCTAGAA	-2.321928094887362	7.952664236893068e-09	1.1284123271995337e-08	X1
GATCAGGCATCATGGC	-3.169925001442312	1.2704266677461526e-16	3.218033375269829e-16	X1
ACCAATATCAGGGCCT	-1.584962500721156	0.8643734879630823	0.8968272956012542	unknown
CAACCCTTCGCAGGCT	0.16992500144231215	0.38217671720133345	0.41102659716042955	unknown
TTCGGTACATTGTGAT	3.0	1.5316450877189923e-17	4.472183802777584e-17	X0
CTTAAGGGTTAGGACC	3.169925001442312	9.556787680138532e-16	2.1356227092357177e-15	X0
CCATAAATCAGTATTG	0.0	1.0	1.0	unknown
AGTCTTGCACGGTACT	2.321928094887362	1.6042818341220015e-19	7.283419635012658e-19	X0
CGTTGCGCATGCATAT	-3.321928094887362	1.5316450877189923e-17	4.472183802777584e-17	X1
TCTCCTCGTTAGCTGA	3.9068905956085187	1.6610244897268262e-18	5.822729697591934e-18	X0
AAACCAACAAGGTGGC	-1.584962500721156	0.7579407931963542	0.7938215715928063	unknown
TTACCGTGTTTAGCGA	-1.0	0.028443966820490392	0.032198974961578475	X1
GCACGCTAGGATTTGC	-2.321928094887362	2.1686833167108188e-09	3.137350440196232e-09	X1
AAACAGCCATTGTTGG	-2.0	3.925069822796835e-05	4.843013700478723e-05	X1
CGATGTCCAGGCGATA	-3.321928094887362	1.6042818341220015e-19	7.283419635012658e-19	X1
AAAGCCGCATGTTGCA	-2.321928094887362	9.050013106514627e-08	1.228419758647018e-07	X1
ATTACGTCATAGTCAT	3.087462841250339	1.5316450877189923e-17	4.472183802777584e-17	X0
CTACTAAAGTAAACCC	-2.700439718141092	9.556787680138532e-16	2.1356227092357177e-15	X1
AATCCATCAGCTTAGC	-1.584962500721156	0.9823998998911476	1.0	unknown
ACAAAGGTCGCTAAGT	2.807354922057604	5.579544528625976e-10	8.284469704608276e-10	X0
CTTAAGATCACGTTAA	3.169925001442312	6.26162256269268e-23	1.0840156507470095e-21	X0
CTGGATGTCCTACCTA	-3.0	6.548999325035109e-12	1.0693048396261339e-11	X1
GTCTATCGTTGTCATC	-3.807354922057604	1.363071866403019e-20	8.502363950314572e-20	X1
ACATTAGTCTTAAGTG	-4.321928094887363	9.556787680138532e-16	2.1356227092357177e-15	X1
GATCAGTTCGATATTG	-3.169925001442312	1.363071866403019e-20	8.502363950314572e-20	X1
TCTTAGCGTGATGAGG	-3.169925001442312	9.556787680138532e-16	2.1356227092357177e-15	X1
ATGCTTAAGGGTCTAT	3.0	1.363071866403019e-20	8.502363950314572e-20	X0
CCCTTAATCAGCTAAC	-2.0	0.01048936783892586	0.011996507993823844	X1
TGAAGCAAGTTGTCCC	-3.4594316186372973	6.564907761017925e-15	1.3424970548431796e-14	X1
CCAAGGCTCGACCTGA	0.7369655941662061	1.6080007647833168e-05	2.0063706935607818e-05	X0
ATCCACCTCCCTCATA	-2.0	0.028443966820490392	0.032198974961578475	X1
GGTCTTGAGGGCTTTG	1.3219280948873622	7.952664236893068e-09	1.1284123271995337e-08	X0
CCTATTGTCAGGTCCA	3.0	4.1422259360400374e-14	7.91791191062939e-14	X0
TCTCCTCGTAATGGAA	1.0	2.346206306321115e-06	3.0232744644007614e-06	X0
TTTGTTGGTAACGTGC	-2.807354922057604	7.952664236893068e-09	1.1284123271995337e-08	X1
AAAGCAAGTCTCAGCC	3.169925001442312	1.2704266677461526e-16	3.218033375269829e-16	X0
GTTCTTGTCCTTAATC	-2.0	0.01048936783892586	0.011996507993823844	X1
TAATCCGCAACAACAA	-1.584962500721156	0.9823998998911476	1.0	unknown
GGTGTCCAGTCAGTAC	-3.584962500721156	1.363071866403019e-20	8.502363950314572e-20	X1
AGACACGCAGCCTGCA	2.700439718141092	1.363071866403019e-20	8.502363950314572e-20	X0
CGCTCCATCATTTGTC	-3.0	1.6042818341220015e-19	7.283419635012658e-19	X1
TACCTGCTCATTAGTG	-2.321928094887362	6.289575008339427e-06	7.975507841743658e-06	X1
CCCTCATAGCCTGACA	-3.3219280948873626	1.363071866403019e-20	8.502363950314572e-20	X1
AGTTACATCTTAGCCC	-1.0	9.157161244117683e-05	0.00011144738539251088	X1
AGCAACAAGGACCTTG	3.321928094887362	6.564907761017925e-15	1.3424970548431796e-14	X0
TTGCGTCTCCGCTAGA	-2.321928094887362	9.050013106514627e-08	1.228419758647018e-07	X1
AGCCTAGTCATGGCTG	1.087462841250339	1.6080007647833168e-05	2.0063706935607818e-05	X0
TCAAACCAGGCTTAGT	-1.584962500721156	7.952664236893068e-09	1.1284123271995337e-08	X1
GGAGTCTGTTTGTGGA	-3.4594316186372973	1.363071866403019e-20	8.502363950314572e-20	X1
AGACACGCAGTTATGT	3.584962500721156	1.2704266677461526e-16	3.218033375269829e-16	X0
GTCTCACTCCTAATAG	-4.643856189774724	1.6042818341220015e-19	7.283419635012658e-19	X1
GAACCAGCAGGCCATT	-2.0	0.06660530960360693	0.07444302231795079	unknown
CATAACGGTCATGCAA	-3.169925001442312	1.3029679093280502e-12	2.239820187795613e-12	X1
TGTAACTCAAACGCGA	-2.807354922057604	1.3513812610243942e-10	2.061271604766015e-10	X1
GGTCAAGCAGGCATCT	-3.321928094887362	1.363071866403019e-20	8.502363950314572e-20	X1
ATGTCAATCGGCCATA	3.9068905956085187	1.6610244897268262e-18	5.822729697591934e-18	X0
GACTATTCACCTCACC	-2.807354922057604	1.5316450877189923e-17	4.472183802777584e-17	X1
TATATCCTCTCCATAT	3.4594316186372973	6.26162256269268e-23	1.0840156507470095e-21	X0
CCTGCTCCATGCTATG	2.0	0.0017588208614850794	0.002060775226984838	X0
AGCAGGTAGTCTTGAA	-2.700439718141092	1.0029797609618065e-21	9.676970737184859e-21	X1
CCAACCCGTTAGGACC	-2.0	0.003318560257963064	0.003849487845566849	X1
TGCAGGCTCCGCATGA	-3.700439718141092	1.2704266677461526e-16	3.218033375269829e-16	X1
GCGAGTGAGCCACATG	-3.321928094887362	1.3029679093280502e-12	2.239820187795613e-12	X1
GGTTAGCGTTGTTGCT	-3.169925001442312	1.6610244897268262e-18	5.822729697591934e-18	X1
AGTCTTGCAACTCGCG	-3.700439718141092	1.363071866403019e-20	8.502363950314572e-20	X1
CTCCAACTCTATTGTC	-2.807354922057604	1.3029679093280502e-12	2.239820187795613e-12	X1
TCCATTGTCAGCCAAT	-3.584962500721156	1.6610244897268262e-18	5.822729697591934e-18	X1
TCAAGAACACACCAAC	2.321928094887362	1.2704266677461526e-16	3.218033375269829e-16	X0
AACAGCAAGGAGGGTT	-0.5405683813627027	0.00020438858371340761	0.0002460120970633274	X1
AACATAGCAGAAACGT	-2.321928094887362	9.050013106514627e-08	1.228419758647018e-07	X1
TAGCAGGCAATAACGA	-3.0	1.3029679093280502e-12	2.239820187795613e-12	X1
TCACATAAGCACGATT	-2.584962500721156	1.6080007647833168e-05	2.0063706935607818e-05	X1
TTGCTTTAGGTAGCTT	-2.584962500721156	2.1686833167108188e-09	3.137350440196232e-09	X1
CCTTGTTCAAGGTACG	2.415037499278844	1.5316450877189923e-17	4.472183802777584e-17	X0
TACTCGCTCTTTGAGA	-3.0	1.0029797609618065e-21	9.676970737184859e-21	X1
TCTTAGTTCTTGGACG	-3.0	1.2704266677461526e-16	3.218033375269829e-16	X1
GTGCTCCGTAAACAAG	3.0	9.556787680138532e-16	2.1356227092357177e-15	X0
ACCTACCTCTAAGGAG	-3.169925001442312	1.3029679093280502e-12	2.239820187795613e-12	X1
ACAGGCTGTAATCGCA	-3.169925001442312	1.2704266677461526e-16	3.218033375269829e-16	X1
GCAAGTGCAAGGTAAC	-1.8073549220576042	2.4127107519685975e-13	4.369011087207231e-13	X1
GTGCCTTTCCCGCAAA	-2.662965012722429	1.0029797609618065e-21	9.676970737184859e-21	X1
AATGCGCGTATTGTCC	2.584962500721156	4.1422259360400374e-14	7.91791191062939e-14	X0
ACTCACCTCGGCCATA	-2.321928094887362	9.050013106514627e-08	1.228419758647018e-07	X1
GTTACAGGTTAGCCAA	-2.700439718141092	1.6610244897268262e-18	5.822729697591934e-18	X1
GTTTACCGTCAAACTG	-3.4594316186372973	1.6042818341220015e-19	7.283419635012658e-19	X1
ATTGGCTAGTCAGGCC	-3.700439718141092	1.5316450877189923e-17	4.472183802777584e-17	X1
TCGTCAACACTTAACG	0.0	1.0	1.0	unknown
CCCAGTTTCATTACTC	-2.584962500721156	4.1422259360400374e-14	7.91791191062939e-14	X1
ATGGCTTAGCTGGAAA	3.321928094887362	1.0029797609618065e-21	9.676970737184859e-21	X0
GCCTCCATCCTAGTTT	-1.584962500721156	0.9333946903963931	0.9604115944601358	unknown
CTTTGTCCACGGTACT	4.0	3.224844447881771e-24	1.2299758276999067e-22	X0
TGAGGGCCAGAAATGC	-4.247927513443585	6.26162256269268e-23	1.0840156507470095e-21	X1
GTTCATTTCGCACAAT	-1.584962500721156	0.24205920680364573	0.26354439063679713	unknown
TAGTTTGAGTGAGCAA	-2.321928094887362	9.050013106514627e-08	1.228419758647018e-07	X1
GAAGTGATCTGTAAGC	-3.807354922057604	1.6042818341220015e-19	7.283419635012658e-19	X1
GGCGGTTTCGTTTCTG	2.321928094887362	8.336813247250504e-07	1.0917468420889744e-06	X0
TTAGCCTGTGTTAAAC	3.9068905956085187	1.5316450877189923e-17	4.472183802777584e-17	X0
GCAAGTGCAGAACCGA	-2.807354922057604	5.579544528625976e-10	8.284469704608276e-10	X1
TAGCGGCTCATGCTCC	2.321928094887362	9.556787680138532e-16	2.1356227092357177e-15	X0
CGAGGTGAGAAGCTAG	2.584962500721156	0.24205920680364573	0.26354439063679713	unknown
TCATACTTCGTTAGTA	0.0	1.0	1.0	unknown
AATCATGTCAAACTCA	-2.584962500721156	1.3513812610243942e-10	2.061271604766015e-10	X1
GACCGAACAAGTGAAC	2.4594316186372973	1.363071866403019e-20	8.502363950314572e-20	X0
GTAATAGCAACCCTAA	-3.0	1.6610244897268262e-18	5.822729697591934e-18	X1
ACCGGCTAGAGAGGAG	-2.807354922057604	3.224844447881771e-24	1.2299758276999067e-22	X1
GGAACTAAGAGAGGCT	-3.4594316186372973	1.5316450877189923e-17	4.472183802777584e-17	X1
CCTATTTAGCAATAGG	-2.169925001442312	1.6610244897268262e-18	5.822729697591934e-18	X1
AAGAATCAGCCGGTAC	0.0	1.0	1.0	unknown
CCGCTTAGTCAATGTG	-3.4594316186372973	1.6610244897268262e-18	5.822729697591934e-18	X1
CTTAAGATCGGTCAAT	-2.432959407276106	1.6042818341220015e-19	7.283419635012658e-19	X1
AGCAATACAATACTGT	2.807354922057604	1.6610244897268262e-18	5.822729697591934e-18	X0
CTCACTCAGACACTTA	-1.8744691179161412	1.6610244897268262e-18	5.822729697591934e-18	X1
GGCCAACTCATCCTAT	-2.321928094887362	2.346206306321115e-06	3.0232744644007614e-06	X1
CTAATCGCACATAACT	2.321928094887362	1.6610244897268262e-18	5.822729697591934e-18	X0
TGAGCCGGTTGGCCGA	-2.584962500721156	2.756790387925026e-08	3.824929141867178e-08	X1
ACGCTTGAGTAAGGGC	0.5849625007211561	0.6913502932053739	0.7283496183488639	unknown
CATAGACTCCCATAGG	2.584962500721156	9.556787680138532e-16	2.1356227092357177e-15	X0
TGAACAACACATAACT	-3.169925001442312	1.6042818341220015e-19	7.283419635012658e-19	X1
TCCTGGTTCTCGACCT	-3.584962500721156	6.26162256269268e-23	1.0840156507470095e-21	X1
TCGGTTACACACTAAT	0.19264507794239583	0.24205920680364573	0.26354439063679713	unknown
TGGTTGAGTTTCAGGA	3.087462841250339	1.363071866403019e-20	8.502363950314572e-20	X0
ATTCCTAGTTGCTTCG	0.0	1.0	1.0	unknown
CATTTGTTCAAGCGCC	-3.0	1.6610244897268262e-18	5.822729697591934e-18	X1
TCCGGTAAGTAAACCC	-2.584962500721156	2.4127107519685975e-13	4.369011087207231e-13	X1
ATGGCCGGTCATCATC	-2.807354922057604	1.363071866403019e-20	8.502363950314572e-20	X1
GGATTGCGTGCGCATG	-3.0	1.6610244897268262e-18	5.822729697591934e-18	X1
CGTACGGGTTGGCCGA	-0.5849625007211561	0.6913502932053739	0.7283496183488639	unknown
CGAAGCGAGCCGCTAA	2.807354922057604	2.4127107519685975e-13	4.369011087207231e-13	X0
GATTCAGGTGGATTAT	-2.807354922057604	2.4127107519685975e-13	4.369011087207231e-13	X1
CACAGGCTCCTAACGG	1.0	8.336813247250504e-07	1.0917468420889744e-06	X0
CTTGTAAAGCTCCTAC	1.8744691179161412	6.26162256269268e-23	1.0840156507470095e-21	X0
TTGTAAGTCGCAAACT	-2.584962500721156	6.564907761017925e-15	1.3424970548431796e-14	X1
TCCATTGTCGCATCCT	-2.321928094887362	2.818141017102701e-07	3.7604312442133894e-07	X1
TAATCACCAGCTAACC	-2.807354922057604	1.363071866403019e-20	8.502363950314572e-20	X1
CTACAACAGCCTTAAA	-2.321928094887362	2.346206306321115e-06	3.0232744644007614e-06	X1
AGCTCATAGATAACCC	0.0	1.0	1.0	unknown
CCTCAGTTCTTGGATA	-3.807354922057604	1.2704266677461526e-16	3.218033375269829e-16	X1
TCCCTGGTCGTCATTT	2.321928094887362	1.0029797609618065e-21	9.676970737184859e-21	X0
TAATCCGCACTGACCG	-1.3219280948873622	3.0739033075239876e-11	4.8429849227620825e-11	X1
TGATGACTCATGCCTC	0.8073549220576042	9.050013106514627e-08	1.228419758647018e-07	X0
AGCGCTCAGGAACCAA	1.4594316186372973	4.1422259360400374e-14	7.91791191062939e-14	X0
CTGCTACTCCAAGTGT	-0.362570079384708	2.346206306321115e-06	3.0232744644007614e-06	X1
ACTTAGTCACAGAACG	-3.4594316186372973	1.0029797609618065e-21	9.676970737184859e-21	X1
GTCCTAGAGCCTTAAA	2.807354922057604	1.2704266677461526e-16	3.218033375269829e-16	X0
CGGTGAACAATGAAGC	-0.6780719051126378	9.050013106514627e-08	1.228419758647018e-07	X1
CGTAGTTAGGGTTATC	-3.321928094887362	1.2704266677461526e-16	3.218033375269829e-16	X1
CAAGGCTGTCTTGCTG	-3.247927513443585	1.363071866403019e-20	8.502363950314572e-20	X1
GTTAACGGTACTTAGG	-1.584962500721156	3.0739033075239876e-11	4.8429849227620825e-11	X1
ACTCACCTCAGGTCCA	-2.169925001442312	1.6610244897268262e-18	5.822729697591934e-18	X1
GAACGAATCGGTAACT	-3.4594316186372973	1.2704266677461526e-16	3.218033375269829e-16	X1
AGTAGCTTCAATGAGG	1.485426827170242	1.2704266677461526e-16	3.218033375269829e-16	X0
TACTGCACATCCTGAA	0.6780719051126378	0.003318560257963064	0.003849487845566849	X0
ACAACAACATTAAACC	-4.459431618637297	1.6042818341220015e-19	7.283419635012658e-19	X1
CAGCTATAGCCAGTAT	-2.807354922057604	6.564907761017925e-15	1.3424970548431796e-14	X1
TCTTAGCGTACGGTAC	-3.584962500721156	1.2704266677461526e-16	3.218033375269829e-16	X1
ATTTGTGAGCTGAGGG	-3.321928094887362	0.00020438858371340761	0.0002460120970633274	X1
AATTCGTCAATCTCTC	-3.9068905956085187	1.6042818341220015e-19	7.283419635012658e-19	X1
TGTGGCTCATTGCGTA	3.0	1.3029679093280502e-12	2.239820187795613e-12	X0
CTTTAGGCATTATGCG	2.6322682154995127	6.26162256269268e-23	1.0840156507470095e-21	X0
GTTACTAAGTATTGTG	-2.807354922057604	1.6610244897268262e-18	5.822729697591934e-18	X1
ATTAGCTCACGGTACT	-2.0	0.003318560257963064	0.003849487845566849	X1
GGACCTCAGGAACCAA	-2.0	6.289575008339427e-06	7.975507841743658e-06	X1
GTTAACGGTAGGATTT	-3.0	1.5316450877189923e-17	4.472183802777584e-17	X1
TGTTGGCCAACAGGTG	-2.4594316186372973	1.5316450877189923e-17	4.472183802777584e-17	X1
CGATGTCCATTATGCG	0.5849625007211561	0.6178232827986665	0.6536145478091064	unknown
TGACCAAGTCTTGCAT	-2.0	0.06660530960360693	0.07444302231795079	unknown
GAACGAATCGCACAAT	-2.321928094887362	1.3029679093280502e-12	2.239820187795613e-12	X1
CCTACTGGTTAACAGT	-3.0	9.556787680138532e-16	2.1356227092357177e-15	X1
GGTCGGTTCTTGTTCG	-3.0	1.5316450877189923e-17	4.472183802777584e-17	X1
ATTACCGCATGTGGGA	-4.643856189774724	1.6042818341220015e-19	7.283419635012658e-19	X1
AAGCCTTAGCCGCAAC	-2.807354922057604	1.5316450877189923e-17	4.472183802777584e-17	X1
GGCGCTAGTCTCACTG	2.807354922057604	5.579544528625976e-10	8.284469704608276e-10	X0
GATTAGTGTGATGAGG	-3.807354922057604	1.6042818341220015e-19	7.283419635012658e-19	X1
ACTTGAATCGTTAACA	-2.0	9.050013106514627e-08	1.228419758647018e-07	X1
AAGGATGTCGGTTTGG	1.584962500721156	2.4127107519685975e-13	4.369011087207231e-13	X0
CCCGTTGTCAGAAACG	-2.807354922057604	1.3029679093280502e-12	2.239820187795613e-12	X1
ATTAGCGGTTTAACCC	2.807354922057604	1.6042818341220015e-19	7.283419635012658e-19	X0
GGTACAAAGCGAGTAA	-3.700439718141092	2.4127107519685975e-13	4.369011087207231e-13	X1
ACAGCCGGTTCCGGCT	-2.169925001442312	5.579544528625976e-10	8.284469704608276e-10	X1
ACTTGTCGTTACATCC	2.0	9.556787680138532e-16	2.1356227092357177e-15	X0
TTGTTCCCATAAGGAC	-2.0	0.9033260477521786	0.9326176015352042	unknown
AGGAACGGTCCAAATG	3.321928094887362	1.3029679093280502e-12	2.239820187795613e-12	X0
GACACCGGTTAGGTGC	0.5849625007211561	1.6080007647833168e-05	2.0063706935607818e-05	X0
ACCTGGTCACGTTACA	-3.321928094887362	4.1422259360400374e-14	7.91791191062939e-14	X1
GGTCGGTTCGCTCCAT	-4.087462841250339	1.6042818341220015e-19	7.283419635012658e-19	X1
CTGTGTGAGCAGGCCT	-3.584962500721156	1.6042818341220015e-19	7.283419635012658e-19	X1
ACGCAAGCATTTAAGC	3.169925001442312	1.2704266677461526e-16	3.218033375269829e-16	X0
GTTCTCATCATAACCA	-3.4594316186372973	1.6042818341220015e-19	7.283419635012658e-19	X1
GCAATGTTCTTGAGGT	-4.247927513443585	1.6610244897268262e-18	5.822729697591934e-18	X1
CCATAGCCATGCATAT	4.0	1.6042818341220015e-19	7.283419635012658e-19	X0
GTTCTTAGTTAACACG	3.0	7.952664236893068e-09	1.1284123271995337e-08	X0
ATGTTTGAGAAACTGG	-2.321928094887362	2.818141017102701e-07	3.7604312442133894e-07	X1
TGATCACAGGATTGAG	-2.584962500721156	6.564907761017925e-15	1.3424970548431796e-14	X1
GCAATGTTCTGTGAGT	-2.321928094887362	2.1686833167108188e-09	3.137350440196232e-09	X1
TTTCCTGAGCGTGCAC	-2.321928094887362	5.579544528625976e-10	8.284469704608276e-10	X1
TATGTGATCAGCCAAT	-2.0	0.0004368599184561862	0.0005205215071354787	X1
GGAGCGATCAGGGCCT	-2.0	0.044313040057033834	0.04985472305080024	X1
GTCCTCCCAAACATAG	1.584962500721156	2.1686833167108188e-09	3.137350440196232e-09	X0
GTACTTAAGGATTGAG	3.321928094887362	3.224844447881771e-24	1.2299758276999067e-22	X0
ACGGTACGTTTGGTTC	3.169925001442312	1.5316450877189923e-17	4.472183802777584e-17	X0
AAGCATGAGCTAATCA	-3.321928094887362	6.564907761017925e-15	1.3424970548431796e-14	X1
TCTACTAGTCCGTAGG	-2.321928094887362	1.5316450877189923e-17	4.472183802777584e-17	X1
AGCCTAAGTTCCAGGG	-1.0	0.01048936783892586	0.011996507993823844	X1
CAGTATGGTTAAGGTT	-2.321928094887362	1.6080007647833168e-05	2.0063706935607818e-05	X1
TGCTCTCAGGCTATGT	-2.584962500721156	2.756790387925026e-08	3.824929141867178e-08	X1
ACTAACGGTTAGGACC	-2.0	9.157161244117683e-05	0.00011144738539251088	X1
GGTAACCGTTGGGTTA	1.584962500721156	6.548999325035109e-12	1.0693048396261339e-11	X0
GGAACCTGTACCGTTT	-4.0	1.6042818341220015e-19	7.283419635012658e-19	X1
CCTAAGCCAGCACGAA	-1.584962500721156	2.1686833167108188e-09	3.137350440196232e-09	X1
CGGATTAGTTGTTGCT	-3.087462841250339	1.0029797609618065e-21	9.676970737184859e-21	X1
CAGGTGGAGCGATAAG	-2.807354922057604	2.4127107519685975e-13	4.369011087207231e-13	X1
GAGGTGAGTGCGCATG	-1.0	0.0966739522478214	0.1074269123385123	unknown
TAATTGCCACCTGGTG	-1.584962500721156	0.9823998998911476	1.0	unknown
GAGCTAGCAGTAAGTA	-3.169925001442312	6.26162256269268e-23	1.0840156507470095e-21	X1
TTACAGCAGATTCCTT	-3.584962500721156	6.26162256269268e-23	1.0840156507470095e-21	X1
TGTGCGCAGGAGGCAT	-3.0	9.556787680138532e-16	2.1356227092357177e-15	X1
ACGACTTAGTCACCAG	-1.8744691179161412	1.5316450877189923e-17	4.472183802777584e-17	X1
TACCGTTGTGGTTAGC	-1.584962500721156	0.9823998998911476	1.0	unknown
TATTACCTCCGTGACA	-2.0	6.564907761017925e-15	1.3424970548431796e-14	X1
CTGCTATGTTTCGCGC	1.222392421336448	9.157161244117683e-05	0.00011144738539251088	X0
CTATTACTCCTGATGG	3.3219280948873626	1.6042818341220015e-19	7.283419635012658e-19	X0
TGTGGCGGTTCATTTG	-3.0	9.556787680138532e-16	2.1356227092357177e-15	X1
CAGGGTGAGACAAAGT	2.0	0.01048936783892586	0.011996507993823844	X0
CTAGTGAGTTAGAGGG	3.4594316186372973	1.6610244897268262e-18	5.822729697591934e-18	X0
TAGCGGACAGTACCGT	-3.700439718141092	1.6042818341220015e-19	7.283419635012658e-19	X1
GGCTGTCAGTGAGAGC	-2.321928094887362	1.6080007647833168e-05	2.0063706935607818e-05	X1
TATTAGCCAGCACCAT	-1.584962500721156	2.4127107519685975e-13	4.369011087207231e-13	X1
ACCCAACCAGGCTGTT	-3.0	2.4127107519685975e-13	4.369011087207231e-13	X1
CGCTGTGCACGAACAG	2.0	1.3029679093280502e-12	2.239820187795613e-12	X0
CATGCGCAGCTGGACC	-3.584962500721156	1.5316450877189923e-17	4.472183802777584e-17	X1
GCCACACAGCTGGAAA	-1.584962500721156	0.8158991913366521	0.8516005955185724	unknown
ACAGGAATCAATACGC	3.584962500721156	1.6610244897268262e-18	5.822729697591934e-18	X0
CGACAAGCAAGCTAAA	2.321928094887362	9.050013106514627e-08	1.228419758647018e-07	X0
CAAAGGATCAACAAGG	2.169925001442312	1.6042818341220015e-19	7.283419635012658e-19	X0
GCACGGTTCATCACTT	-3.0	1.5316450877189923e-17	4.472183802777584e-17	X1
GTCCTAGAGTTAGCCG	-2.321928094887362	4.1422259360400374e-14	7.91791191062939e-14	X1
TGCAATATCGGCTAGC	-0.5849625007211561	0.028443966820490392	0.032198974961578475	X1
ACTCACTGTTTAACGG	-3.807354922057604	1.363071866403019e-20	8.502363950314572e-20	X1
TTAACCAAGGCTTAGT	2.321928094887362	1.0029797609618065e-21	9.676970737184859e-21	X0
AAGGCCCTCCCTGTTA	-3.169925001442312	6.564907761017925e-15	1.3424970548431796e-14	X1
CCCTCAGTCAGAAACG	1.502500340529183	4.1422259360400374e-14	7.91791191062939e-14	X0
GTTACTCGTGCTTTAC	-2.807354922057604	9.050013106514627e-08	1.228419758647018e-07	X1
CCCTCAGTCCCATAAA	1.3219280948873622	4.1422259360400374e-14	7.91791191062939e-14	X0
ACGAAGTCATGAGCAG	-2.584962500721156	2.346206306321115e-06	3.0232744644007614e-06	X1
AGTTACTCAGAAATTG	-2.584962500721156	9.556787680138532e-16	2.1356227092357177e-15	X1
ATGAAGTAGCACAGAA	3.0	1.2704266677461526e-16	3.218033375269829e-16	X0
GTTCATTTCCTAGTTT	2.584962500721156	1.6610244897268262e-18	5.822729697591934e-18	X0
GCGGTTGGTCCTTCAG	3.169925001442312	6.564907761017925e-15	1.3424970548431796e-14	X0
GTACGTAGTCGCATAA	2.807354922057604	9.556787680138532e-16	2.1356227092357177e-15	X0
GCTTTCATCTAAGGAG	-4.0	1.0029797609618065e-21	9.676970737184859e-21	X1
TGTTCCTCATTAAGTC	0.0	1.0	1.0	unknown
AGGCTAAAGTAGGCGG	-2.807354922057604	2.4127107519685975e-13	4.369011087207231e-13	X1
GATTCATCACCTGCCT	-3.807354922057604	1.5316450877189923e-17	4.472183802777584e-17	X1
GTCTAACAGGAGGCAT	-2.807354922057604	2.1686833167108188e-09	3.137350440196232e-09	X1
CGCACCACATTAGCCA	-1.0	0.044313040057033834	0.04985472305080024	X1
AGGTTGCGTGGAAGGC	-2.807354922057604	4.1422259360400374e-14	7.91791191062939e-14	X1
GTCAAACTCCTAATTC	0.0	1.0	1.0	unknown
TCTAATCTCAAGGACA	3.8073549220576037	3.224844447881771e-24	1.2299758276999067e-22	X0
AAGCGAGGTTTAGCTC	2.807354922057604	2.4127107519685975e-13	4.369011087207231e-13	X0
TTTACGCGTTAGCGTA	-2.0	0.0004368599184561862	0.0005205215071354787	X1
CAGCTCAAGGGTCCAC	-2.807354922057604	1.5316450877189923e-17	4.472183802777584e-17	X1
CCACAATAGTTTGGGT	-3.169925001442312	1.6042818341220015e-19	7.283419635012658e-19	X1
TACTCAAAGCATTTCT	0.0	1.0	1.0	unknown
TGCAGGCTCCCTGATC	-0.5849625007211561	0.9033260477521786	0.9326176015352042	unknown
CCTCAGTTCCGTTAAA	-1.584962500721156	6.548999325035109e-12	1.0693048396261339e-11	X1
GTGGTTAGTAAGTCGC	-2.0	1.2704266677461526e-16	3.218033375269829e-16	X1
CTAATAGTCCAGGAAA	-3.169925001442312	1.5316450877189923e-17	4.472183802777584e-17	X1
TGGTCATAGTCATTAG	-4.247927513443585	1.6042818341220015e-19	7.283419635012658e-19	X1
CTGAATATCCTTCGTA	-4.0	6.26162256269268e-23	1.0840156507470095e-21	X1
CTAATCGCAGCGCTTG	-2.321928094887362	8.336813247250504e-07	1.0917468420889744e-06	X1
CAAGTATGTGTCACGG	-2.807354922057604	9.556787680138532e-16	2.1356227092357177e-15	X1
AAGGTGCAGCTCGCTT	-1.0	0.003318560257963064	0.003849487845566849	X1
GCAGCTATCACCAATA	0.0	1.0	1.0	unknown
CATCAGCCATGGTTAT	-1.584962500721156	0.5397946186935895	0.573551362839982	unknown
TTGTCCCAGACAAAGT	-3.169925001442312	1.6042818341220015e-19	7.283419635012658e-19	X1
TGGCTAAGTACCGTAA	-2.0	6.564907761017925e-15	1.3424970548431796e-14	X1
AACAGCAAGCATGACT	2.4594316186372973	1.6080007647833168e-05	2.0063706935607818e-05	X0
CGCGATTCAGACAAAC	-0.6780719051126378	1.6080007647833168e-05	2.0063706935607818e-05	X1
TGTCCTTCAGGAACAT	3.584962500721156	1.0029797609618065e-21	9.676970737184859e-21	X0
ACACAATGTTTAACGG	-1.3219280948873622	2.818141017102701e-07	3.7604312442133894e-07	X1
CACCTCAGTTAACGAT	-2.321928094887362	1.6080007647833168e-05	2.0063706935607818e-05	X1
TAAGCCAGTGGATTGC	-4.0	1.0029797609618065e-21	9.676970737184859e-21	X1
GGCCATCAGGTCCGTA	0.8744691179161412	3.925069822796835e-05	4.843013700478723e-05	X0
ACTTATGAGGTCCAAT	0.6520766965796931	8.336813247250504e-07	1.0917468420889744e-06	X0
CATCAGCCACGGTTTA	-1.0	3.0739033075239876e-11	4.8429849227620825e-11	X1
CCATCATGTCACAAAT	-3.807354922057604	1.5316450877189923e-17	4.472183802777584e-17	X1
TCATGAGGTACAAAGA	2.4594316186372973	1.6042818341220015e-19	7.283419635012658e-19	X0
TCATGAGGTGCTAGAC	1.584962500721156	4.1422259360400374e-14	7.91791191062939e-14	X0
ATAATGGCACTAGGTC	-3.4594316186372973	1.6610244897268262e-18	5.822729697591934e-18	X1
GATAAGCCATTCCTCG	2.807354922057604	6.564907761017925e-15	1.3424970548431796e-14	X0
TCAGTGAGTTGGTGAC	-3.584962500721156	1.363071866403019e-20	8.502363950314572e-20	X1
GGATACTTCCTCCCTC	-1.736965594166206	1.3029679093280502e-12	2.239820187795613e-12	X1
CTCGACAAGAGAAGGG	-2.321928094887362	1.2704266677461526e-16	3.218033375269829e-16	X1
TTGGATTCAGACAAAC	-3.0	2.4127107519685975e-13	4.369011087207231e-13	X1
CCCGCTTCAAAGCTAA	-0.362570079384708	0.24205920680364573	0.26354439063679713	unknown
GGCATTGTCCTAAGAC	3.247927513443585	6.26162256269268e-23	1.0840156507470095e-21	X0
CTACTAAAGATACTTG	2.584962500721156	4.1422259360400374e-14	7.91791191062939e-14	X0
AGCTGCTCAATGCCCG	-4.0	1.5316450877189923e-17	4.472183802777584e-17	X1
GGTCAAGCAAGCCACT	-2.4594316186372973	1.6610244897268262e-18	5.822729697591934e-18	X1
GCATTGCCATTTGCTC	-0.7369655941662061	0.00020438858371340761	0.0002460120970633274	X1
TGGACCGGTGGATTAT	-3.169925001442312	1.0029797609618065e-21	9.676970737184859e-21	X1
TAGCGGCTCATGCTAA	3.0	9.556787680138532e-16	2.1356227092357177e-15	X0
GCGTTTCTCCAAGTGT	-1.8073549220576042	2.1686833167108188e-09	3.137350440196232e-09	X1
GGAACTAAGGGCTTAT	-4.169925001442312	6.26162256269268e-23	1.0840156507470095e-21	X1
AAGCGGGTCGGTTTCC	-3.584962500721156	1.6042818341220015e-19	7.283419635012658e-19	X1
TTGGCTACAGGCAAGC	-3.0	1.2704266677461526e-16	3.218033375269829e-16	X1
GCTGCAATCGCTATAA	-4.0	1.6042818341220015e-19	7.283419635012658e-19	X1
TCCTCAATCCGCAACA	-2.807354922057604	4.1422259360400374e-14	7.91791191062939e-14	X1
ATCAAGCTCCATTACT	-3.0	6.564907761017925e-15	1.3424970548431796e-14	X1
TTACCGTGTGTGCACG	-2.700439718141092	6.26162256269268e-23	1.0840156507470095e-21	X1
ATAACGACAGCCAGAA	2.502500340529183	1.6042818341220015e-19	7.283419635012658e-19	X0
GTAGGCGAGGGTGAAC	-2.321928094887362	6.564907761017925e-15	1.3424970548431796e-14	X1
GCAATCTAGGGTCCAC	-3.9068905956085187	1.6610244897268262e-18	5.822729697591934e-18	X1
AATCGCCCAACATAAG	-0.7369655941662061	6.289575008339427e-06	7.975507841743658e-06	X1
TCCGCCATCCATCAGG	-2.807354922057604	1.5316450877189923e-17	4.472183802777584e-17	X1
GGTGTGACAAGCTTAT	-4.321928094887363	6.26162256269268e-23	1.0840156507470095e-21	X1
GCATTAGGTTTGTTGC	3.321928094887362	9.556787680138532e-16	2.1356227092357177e-15	X0
GGTTCCCGTTAACGAT	-2.700439718141092	1.6610244897268262e-18	5.822729697591934e-18	X1
GTAAGCGCATCCATCT	-1.584962500721156	1.3029679093280502e-12	2.239820187795613e-12	X1
CAAATCATCATAACGC	-3.321928094887362	4.1422259360400374e-14	7.91791191062939e-14	X1
GCATTGCCAGGAAGCC	1.415037499278844	6.564907761017925e-15	1.3424970548431796e-14	X0
CATTCATTCGACAAAG	-2.0	2.4127107519685975e-13	4.369011087207231e-13	X1
TGTCAATCAACTGGCT	-2.807354922057604	2.4127107519685975e-13	4.369011087207231e-13	X1
AGCTACGTCTATTGTC	1.362570079384708	1.0029797609618065e-21	9.676970737184859e-21	X0
TATCCGGAGCATGACT	1.3219280948873622	9.050013106514627e-08	1.228419758647018e-07	X0
GGTCCGTAGCTAGAAG	-2.0	0.00020438858371340761	0.0002460120970633274	X1
GGAACTAAGTTAGTGC	-2.807354922057604	9.556787680138532e-16	2.1356227092357177e-15	X1
AACCTAATCATTCATC	2.4594316186372973	6.26162256269268e-23	1.0840156507470095e-21	X0
CGCAATTAGGTCCACA	1.3219280948873622	9.050013106514627e-08	1.228419758647018e-07	X0
CATAGCTAGGATAAAC	-3.087462841250339	1.363071866403019e-20	8.502363950314572e-20	X1
TCTTCAAGTTGTAAAC	-2.321928094887362	6.289575008339427e-06	7.975507841743658e-06	X1
CCGGTTAAGCCACAAT	-2.0	2.756790387925026e-08	3.824929141867178e-08	X1
AGGCCCAGTAAGTCGC	2.169925001442312	1.6042818341220015e-19	7.283419635012658e-19	X0
GGCGCTAGTTGGCCGA	-2.0	0.003318560257963064	0.003849487845566849	X1
TTTCATCAGTCATGCG	-2.0	0.028443966820490392	0.032198974961578475	X1
TCATGAGGTCGTAATG	-1.8073549220576042	6.564907761017925e-15	1.3424970548431796e-14	X1
CAGAATCTCACCTGTC	-3.584962500721156	6.26162256269268e-23	1.0840156507470095e-21	X1
GCACGCTAGTTGTCAA	-2.807354922057604	2.4127107519685975e-13	4.369011087207231e-13	X1
CATAGGTTCTAATTGG	0.0	1.0	1.0	unknown
CATGCGCAGCAGCTCA	1.8073549220576042	1.2704266677461526e-16	3.218033375269829e-16	X0
TTTGTCCCATTATGCG	2.321928094887362	0.003318560257963064	0.003849487845566849	X0
AGAGGAACAGAATGAC	-2.584962500721156	1.5316450877189923e-17	4.472183802777584e-17	X1
AATTTGCCATTAAAGG	-3.321928094887362	1.363071866403019e-20	8.502363950314572e-20	X1
GCCTTTATCCTCATGC	-3.169925001442312	4.1422259360400374e-14	7.91791191062939e-14	X1
TTCACTGTCACCTGTC	-2.807354922057604	1.6610244897268262e-18	5.822729697591934e-18	X1
AGTCCTGAGTAACGGA	3.4594316186372973	1.6042818341220015e-19	7.283419635012658e-19	X0
TTGTGCGAGTGGACAA	-2.0	2.4127107519685975e-13	4.369011087207231e-13	X1
TTTACGCGTTCCTGAT	-3.321928094887362	1.5316450877189923e-17	4.472183802777584e-17	X1
AAGGATTAGCACAGAA	-3.4594316186372973	1.5316450877189923e-17	4.472183802777584e-17	X1
TTGGCTGAGGTTAGCT	-3.0	1.5316450877189923e-17	4.472183802777584e-17	X1
GCTTGTTGTTAAGGTT	-2.584962500721156	0.003318560257963064	0.003849487845566849	X1
AAACCGGCATAGACCC	-1.0	0.003318560257963064	0.003849487845566849	X1
AATTAGCGTACGCGCA	3.169925001442312	9.556787680138532e-16	2.1356227092357177e-15	X0
CTAACCTGTCACCTAT	-2.584962500721156	1.3029679093280502e-12	2.239820187795613e-12	X1
GACCTAGTCTTGGATA	-3.0	1.5316450877189923e-17	4.472183802777584e-17	X1
TTGCCCGTCACAGCGC	-3.321928094887362	1.6042818341220015e-19	7.283419635012658e-19	X1
CCGTTTGGTGATCAGC	-2.584962500721156	9.556787680138532e-16	2.1356227092357177e-15	X1
CTTCATCCACTATGGC	-2.807354922057604	1.6042818341220015e-19	7.283419635012658e-19	X1
GGATACTTCCTAAGTA	3.321928094887362	1.3513812610243942e-10	2.061271604766015e-10	X0
TGAGAACCAGCTACGT	-2.584962500721156	2.4127107519685975e-13	4.369011087207231e-13	X1
CGAAGGCCATTGACAT	-4.857980995127572	1.6042818341220015e-19	7.283419635012658e-19	X1
AGAACAAGTTTAACGG	-4.459431618637297	3.9845364322713306e-27	1.9452506862348638e-24	X1
TCATTACTCCCGCCTA	-4.247927513443585	1.0029797609618065e-21	9.676970737184859e-21	X1
GCTGCACAGCCGCAGT	-1.584962500721156	0.7579407931963542	0.7938215715928063	unknown
CGCCAAATCAGCCAAT	-2.807354922057604	1.3029679093280502e-12	2.239820187795613e-12	X1
CGTGTTACAAAGCGCA	-2.321928094887362	6.289575008339427e-06	7.975507841743658e-06	X1
GTGGCTTCACGAATCC	-2.321928094887362	9.050013106514627e-08	1.228419758647018e-07	X1
TGGACAAAGCTGGAAA	-2.807354922057604	9.556787680138532e-16	2.1356227092357177e-15	X1
GTGCCTTTCTGGCAAT	-3.584962500721156	1.5316450877189923e-17	4.472183802777584e-17	X1
GACAATACACAACAAA	-2.4594316186372973	1.5316450877189923e-17	4.472183802777584e-17	X1
CTAATCTTCTGGTCCT	-1.584962500721156	6.564907761017925e-15	1.3424970548431796e-14	X1
GGACGAAGTTGCCTCA	-1.222392421336448	6.548999325035109e-12	1.0693048396261339e-11	X1
TTGCAAGGTGATGAAA	-3.321928094887362	1.0029797609618065e-21	9.676970737184859e-21	X1
AATTGCCAGGGCCATC	-2.584962500721156	3.0739033075239876e-11	4.8429849227620825e-11	X1
ACTGAATGTGGAAGGC	-0.5849625007211561	1.6080007647833168e-05	2.0063706935607818e-05	X1
AGTGTGGCAGGCGAGT	0.4150374992788439	0.044313040057033834	0.04985472305080024	X0
CTCCAAACAGGCTAGA	-3.321928094887362	1.5316450877189923e-17	4.472183802777584e-17	X1
ACAGGCTGTCTTGCTG	-1.8073549220576042	1.3029679093280502e-12	2.239820187795613e-12	X1
GGGAATATCGATAACC	-4.392317422778761	3.224844447881771e-24	1.2299758276999067e-22	X1
GGACCGAAGCCTGGTA	-2.169925001442312	1.6042818341220015e-19	7.283419635012658e-19	X1
TAGCTAGGTCATCATC	-1.584962500721156	0.9033260477521786	0.9326176015352042	unknown
GCTGGATGTATTTGGG	-3.584962500721156	1.6042818341220015e-19	7.283419635012658e-19	X1
AGTTGCAGTTACCTGT	-2.0	2.756790387925026e-08	3.824929141867178e-08	X1
TGATCACAGTGAACCT	-3.321928094887362	1.2704266677461526e-16	3.218033375269829e-16	X1
TGACCAAGTTGTTGGA	1.415037499278844	2.756790387925026e-08	3.824929141867178e-08	X0
CCATATTTCGCGCTAA	-2.3219280948873626	1.363071866403019e-20	8.502363950314572e-20	X1
ATTTAGCCAGCCTAAC	-1.485426827170242	1.2704266677461526e-16	3.218033375269829e-16	X1
GTAGGAGGTTAGACCA	-2.584962500721156	6.548999325035109e-12	1.0693048396261339e-11	X1
AGCTAGTTCCAGGTCA	-1.3219280948873622	7.952664236893068e-09	1.1284123271995337e-08	X1
CGTGACATCTTTGAGA	-2.807354922057604	2.4127107519685975e-13	4.369011087207231e-13	X1
TTGGCTTGTGATTTGG	-3.169925001442312	1.6610244897268262e-18	5.822729697591934e-18	X1
GCACATTAGACAACAG	-4.087462841250339	1.3154334480650894e-25	1.437749125400097e-23	X1
TTGAGCTAGGTGTCCA	-2.700439718141092	9.556787680138532e-16	2.1356227092357177e-15	X1
GATCAGTTCTACTAAG	-3.4594316186372973	1.6042818341220015e-19	7.283419635012658e-19	X1
GGAGGTTAGTTCCTCA	2.0	0.06660530960360693	0.07444302231795079	unknown
CGGAGCAAGATTCCTT	1.485426827170242	1.2704266677461526e-16	3.218033375269829e-16	X0
CGTTATCGTACGCGCA	2.584962500721156	6.289575008339427e-06	7.975507841743658e-06	X0
ACAACAACAAGGTCGA	-3.807354922057604	1.0029797609618065e-21	9.676970737184859e-21	X1
CCCAAACCAGCAATAA	-1.584962500721156	1.2704266677461526e-16	3.218033375269829e-16	X1
TAGCCTCTCCCGTTGT	-2.0	0.00020438858371340761	0.0002460120970633274	X1
ACGTCCTTCTCGCCTG	-3.0	1.6042818341220015e-19	7.283419635012658e-19	X1
CGTAGTTAGGTGAAAT	2.584962500721156	6.564907761017925e-15	1.3424970548431796e-14	X0
TCCATATTCAATGACC	-1.8073549220576042	6.548999325035109e-12	1.0693048396261339e-11	X1
GCGGATACACCTACGG	-1.736965594166206	1.6610244897268262e-18	5.822729697591934e-18	X1
ATGGTGCGTTGCGGAT	2.0	0.00020438858371340761	0.0002460120970633274	X0
GGATTCAGTTGTAACG	-3.584962500721156	1.6042818341220015e-19	7.283419635012658e-19	X1
GGTATTTCACATGCTA	3.0	1.2704266677461526e-16	3.218033375269829e-16	X0
GGTGAGCCAAGGTGGC	-1.0	0.5397946186935895	0.573551362839982	unknown
AAGCAAGTCGTACCGA	3.0	1.2704266677461526e-16	3.218033375269829e-16	X0
CGGGACAAGCGCATTG	2.584962500721156	3.0739033075239876e-11	4.8429849227620825e-11	X0
TGGACGGAGTTGCCTC	-3.3923174227787607	1.6042818341220015e-19	7.283419635012658e-19	X1
GGCTCACAGGACCTTG	-2.321928094887362	9.157161244117683e-05	0.00011144738539251088	X1
GCCAATAGTGTTCCCA	2.321928094887362	1.6610244897268262e-18	5.822729697591934e-18	X0
GGCGTTATCAACCAAC	-3.0	1.3029679093280502e-12	2.239820187795613e-12	X1
TTAAAGGCAGGCTGTT	4.523561956057013	3.224844447881771e-24	1.2299758276999067e-22	X0
ACTCACTGTTGAGGTC	2.0	0.044313040057033834	0.04985472305080024	X0
TCCGCCATCAGCACGC	-2.169925001442312	1.2704266677461526e-16	3.218033375269829e-16	X1
CATCCCAGTCGAAGTC	3.584962500721156	1.363071866403019e-20	8.502363950314572e-20	X0
AGTAAACAGCTTAACA	-1.3219280948873622	5.579544528625976e-10	8.284469704608276e-10	X1
GTTGCATAGGCGAATA	3.169925001442312	1.6042818341220015e-19	7.283419635012658e-19	X0
ACTTATGAGTAGCCAT	-1.3219280948873622	2.756790387925026e-08	3.824929141867178e-08	X1
AGCCTAGTCGTTCACC	2.0	0.0008949651957434264	0.001056728495393278	X0
CAACCGGGTAATGGCC	-1.0	0.8643734879630823	0.8968272956012542	unknown
TAGCTTGCAAGCTTAT	-0.16992500144231215	0.6178232827986665	0.6536145478091064	unknown
ATGTCAATCGTTATCT	-3.9068905956085187	1.3154334480650894e-25	1.437749125400097e-23	X1
ACAGGATCATGCTCCC	-3.0	9.556787680138532e-16	2.1356227092357177e-15	X1
CGAGTCGGTGGGTGAA	3.807354922057604	6.26162256269268e-23	1.0840156507470095e-21	X0
CATAGCTAGTTAGGCT	0.0	1.0	1.0	unknown
CACCTCAGTCACGAAC	-1.8073549220576042	1.2704266677461526e-16	3.218033375269829e-16	X1
GGATATTGTTGTGATG	-2.321928094887362	2.346206306321115e-06	3.0232744644007614e-06	X1
CCACAATAGTCTATGA	-3.807354922057604	1.363071866403019e-20	8.502363950314572e-20	X1
AGTAACGAGGTTAGAG	1.584962500721156	1.3029679093280502e-12	2.239820187795613e-12	X0
CTATGTTTCTAACCTT	-2.0	0.01048936783892586	0.011996507993823844	X1
TCACATAAGTTTCCTG	0.3870231231092469	8.336813247250504e-07	1.0917468420889744e-06	X0
CTATGGCCAAAGGTAC	3.169925001442312	1.6610244897268262e-18	5.822729697591934e-18	X0
TTTGTGAAGGTACCGC	2.9068905956085187	1.5316450877189923e-17	4.472183802777584e-17	X0
ATTAGCGGTGCAATAT	-2.0	0.003318560257963064	0.003849487845566849	X1
CGTTATCGTGGTTCCC	-0.7548875021634682	6.548999325035109e-12	1.0693048396261339e-11	X1
CGCTGTGCAGGTTAAA	1.584962500721156	7.952664236893068e-09	1.1284123271995337e-08	X0
GAGCGGTCAGGATTAA	-3.169925001442312	1.2704266677461526e-16	3.218033375269829e-16	X1
AACAGATAGCGGATTT	-2.0	0.003318560257963064	0.003849487845566849	X1
TACAGGTTCATAACTG	-3.584962500721156	1.0029797609618065e-21	9.676970737184859e-21	X1
TGACTTAAGCATGTTA	-3.321928094887362	1.6610244897268262e-18	5.822729697591934e-18	X1
ATAGATGCAGCAAGAT	-2.807354922057604	2.4127107519685975e-13	4.369011087207231e-13	X1
ATGACAACACTATGGC	2.0	6.548999325035109e-12	1.0693048396261339e-11	X0
CGGACAACAAACCTTG	0.7369655941662061	0.30864970679462606	0.33430584275359365	unknown
CAATGTGGTCATCCTG	-1.0	8.336813247250504e-07	1.0917468420889744e-06	X1
ACATTGCAGAACCTAC	-3.9068905956085187	1.5316450877189923e-17	4.472183802777584e-17	X1
GGTACAAAGAACCTAC	3.2223924213364477	1.363071866403019e-20	8.502363950314572e-20	X0
GAAGGAACAACAGGAT	3.321928094887362	1.0029797609618065e-21	9.676970737184859e-21	X0
TTCGGTACACTGACCG	-1.222392421336448	6.548999325035109e-12	1.0693048396261339e-11	X1
AGACTATGTGCATTAG	3.807354922057604	1.3154334480650894e-25	1.437749125400097e-23	X0
TGCTGGATCATAATCG	-1.584962500721156	6.548999325035109e-12	1.0693048396261339e-11	X1
TGGTGCATCTTAGCCC	-2.169925001442312	1.5316450877189923e-17	4.472183802777584e-17	X1
CAAATCATCCCTCAGT	-2.0	0.01048936783892586	0.011996507993823844	X1
GTATGTTCAAATACCT	-0.19264507794239583	0.0966739522478214	0.1074269123385123	unknown
GAGGTGAGTTAGGATT	-2.4594316186372973	1.5316450877189923e-17	4.472183802777584e-17	X1
TGTAAGTGTTGCGTAA	-2.584962500721156	3.0739033075239876e-11	4.8429849227620825e-11	X1
GTTTGTTTCTTGTCCA	2.700439718141092	9.556787680138532e-16	2.1356227092357177e-15	X0
GGCAAGCCAGCGCTTG	-1.736965594166206	9.556787680138532e-16	2.1356227092357177e-15	X1
GACTTGGTCATCCTGC	3.4594316186372973	9.556787680138532e-16	2.1356227092357177e-15	X0
CACATGCCACTTGTTC	-3.169925001442312	1.6610244897268262e-18	5.822729697591934e-18	X1
GAAGTAAGTTTAACCC	-3.169925001442312	1.0029797609618065e-21	9.676970737184859e-21	X1
GTATCGCCACCGGCTA	-2.584962500721156	5.579544528625976e-10	8.284469704608276e-10	X1
CTTAAGATCCCGTTGT	3.0	9.157161244117683e-05	0.00011144738539251088	X0
GGGCTAACAATTGCGC	-2.807354922057604	0.003318560257963064	0.003849487845566849	X1
TCCGCCATCGTGCTTC	-1.0	0.003318560257963064	0.003849487845566849	X1
AATGCATGTGCATTAG	-4.584962500721156	1.363071866403019e-20	8.502363950314572e-20	X1
CATCATAAGCGAGGTG	-2.321928094887362	9.050013106514627e-08	1.228419758647018e-07	X1
TCCTTCAAGCTGGACC	-4.169925001442312	3.224844447881771e-24	1.2299758276999067e-22	X1
TGAAGCAAGAACCTAC	3.807354922057604	1.6042818341220015e-19	7.283419635012658e-19	X0
CGTAACTAGGTCGATT	-2.115477217419936	1.363071866403019e-20	8.502363950314572e-20	X1
TACTGCACAATTAACC	2.584962500721156	6.548999325035109e-12	1.0693048396261339e-11	X0
CTGAATATCATAATCG	-2.584962500721156	5.579544528625976e-10	8.284469704608276e-10	X1
TTGTGCCTCATGTGGT	-2.321928094887362	2.818141017102701e-07	3.7604312442133894e-07	X1
GTTGCTGAGGCAACAA	3.0	1.5316450877189923e-17	4.472183802777584e-17	X0
TAAGTGCTCATTGCGG	-1.584962500721156	0.9823998998911476	1.0	unknown
TTAGGCGTCATGACCG	-2.0	0.00020438858371340761	0.0002460120970633274	X1
CGGAGCAAGCTCGCTT	-2.807354922057604	9.556787680138532e-16	2.1356227092357177e-15	X1
GCTGACCAGCAACAAG	-3.4594316186372973	1.6042818341220015e-19	7.283419635012658e-19	X1
ACCGCAATCATTGTTC	3.9068905956085187	1.0029797609618065e-21	9.676970737184859e-21	X0
AAACCAACATTAGCCA	-3.3923174227787607	1.363071866403019e-20	8.502363950314572e-20	X1
GGCGGTTTCCAGGGAG	-1.584962500721156	0.9556869599429662	0.981556186207902	unknown
GCTAGCGGTTGGTTGA	-3.169925001442312	1.5316450877189923e-17	4.472183802777584e-17	X1
CCCTGTTAGGAGTCGG	-0.7369655941662061	2.346206306321115e-06	3.0232744644007614e-06	X1
GGTTGCGGTTAGAGCC	-3.0	2.4127107519685975e-13	4.369011087207231e-13	X1
GCCCATAAGTAAACCC	3.700439718141092	1.0029797609618065e-21	9.676970737184859e-21	X0
TCATTGTTCTACCTCA	0.28950661719498516	0.028443966820490392	0.032198974961578475	X0
TGCATTAAGTTAGGCT	-4.087462841250339	1.6610244897268262e-18	5.822729697591934e-18	X1
GCCTATTGTATTGGAT	-2.222392421336448	1.0029797609618065e-21	9.676970737184859e-21	X1
AACATAGCAGTGAACG	-1.584962500721156	0.5397946186935895	0.573551362839982	unknown
CAGGGCTTCCTGGTGA	2.0	1.2704266677461526e-16	3.218033375269829e-16	X0
ACGGTTTAGTACTGGT	1.8073549220576042	9.556787680138532e-16	2.1356227092357177e-15	X0
AGCAATACAATTATGC	-4.0	1.3154334480650894e-25	1.437749125400097e-23	X1
TTTCTCACACCGGCTA	-2.584962500721156	4.1422259360400374e-14	7.91791191062939e-14	X1
GCGCTTGCAAGTAAGC	-3.9068905956085187	1.0029797609618065e-21	9.676970737184859e-21	X1
GAAGTGATCCCTGATC	-2.0	0.0060164878626817395	0.0069340164649698425	X1
GACGCAACATCTTGAG	-2.0	0.01048936783892586	0.011996507993823844	X1
GCTTGACCAGGTTTGC	-3.169925001442312	1.6610244897268262e-18	5.822729697591934e-18	X1
GATTAAGCATGAAATG	-2.321928094887362	2.4127107519685975e-13	4.369011087207231e-13	X1
CGAGGTGAGCCACAAT	-2.321928094887362	9.050013106514627e-08	1.228419758647018e-07	X1
GCCACACAGCCATCAG	1.584962500721156	0.9966814397420369	1.0	unknown
CCTTGTTCACTTACAG	3.321928094887362	1.6610244897268262e-18	5.822729697591934e-18	X0
AGTAATGCAGCAACAG	-2.807354922057604	9.556787680138532e-16	2.1356227092357177e-15	X1
CGCAATCCACTATGGC	1.415037499278844	1.5316450877189923e-17	4.472183802777584e-17	X0
GCAGCTATCGCCTAAG	2.584962500721156	3.0739033075239876e-11	4.8429849227620825e-11	X0
ATGGACAAGGTCTTGG	-2.584962500721156	1.3513812610243942e-10	2.061271604766015e-10	X1
GGATACTTCGTCAAGT	2.807354922057604	4.1422259360400374e-14	7.91791191062939e-14	X0
AAGCAAGTCATGTTTC	-2.9068905956085187	1.6610244897268262e-18	5.822729697591934e-18	X1
TTTGCGGAGGCAAGTA	4.0	6.26162256269268e-23	1.0840156507470095e-21	X0
GGCCTCTGTGGATTGC	-2.807354922057604	6.564907761017925e-15	1.3424970548431796e-14	X1
TTGCGAGTCATAATCG	-2.321928094887362	1.363071866403019e-20	8.502363950314572e-20	X1
GGATGGCCATCGCTTT	2.807354922057604	9.556787680138532e-16	2.1356227092357177e-15	X0
ACCTTGTGTTAAGTGT	-3.584962500721156	1.2704266677461526e-16	3.218033375269829e-16	X1
CTTTAGTTCGAAGTGA	1.8073549220576042	3.0739033075239876e-11	4.8429849227620825e-11	X0
GATTGCAGTCGACTAA	1.584962500721156	0.8643734879630823	0.8968272956012542	unknown
CGTTAACAGGTTACAC	-1.3219280948873622	2.756790387925026e-08	3.824929141867178e-08	X1
GATGCATTCGCTTGCT	2.4594316186372973	1.363071866403019e-20	8.502363950314572e-20	X0
CGCTAATAGGAACCGG	2.807354922057604	6.564907761017925e-15	1.3424970548431796e-14	X0
CCTATAGCATGGCCTG	2.584962500721156	4.1422259360400374e-14	7.91791191062939e-14	X0
ATTTAGCCATTGTCCT	-4.087462841250339	1.5316450877189923e-17	4.472183802777584e-17	X1
GCACGCTAGTAAGTGG	-1.584962500721156	0.9715560331795096	0.9954812971839302	unknown
ATTACCCGTCACCTAT	2.584962500721156	1.363071866403019e-20	8.502363950314572e-20	X0
GCACTAAGTCACAGAC	-3.0	9.556787680138532e-16	2.1356227092357177e-15	X1
ACTTGCACAACCTGGT	-1.584962500721156	0.8643734879630823	0.8968272956012542	unknown
TTGCTCTCAGAAATGC	-2.807354922057604	1.363071866403019e-20	8.502363950314572e-20	X1
GTACTTAAGAAACTGG	-4.087462841250339	1.0029797609618065e-21	9.676970737184859e-21	X1
CAGGACCTCGTCCTTA	-3.321928094887362	3.224844447881771e-24	1.2299758276999067e-22	X1
GCTGATCCAATAATCC	-3.169925001442312	1.6042818341220015e-19	7.283419635012658e-19	X1
GTAAGCTTCCTCAGTC	3.9068905956085187	1.6042818341220015e-19	7.283419635012658e-19	X0
AAAGCGGGTCCTTCTC	-3.4594316186372973	1.6042818341220015e-19	7.283419635012658e-19	X1
GCCTACTTCCTACCTA	-3.700439718141092	1.0029797609618065e-21	9.676970737184859e-21	X1
TTTAGCTTCGAAGTGA	-2.0	0.01048936783892586	0.011996507993823844	X1
GGCCGTTAGTAGAGGC	-3.0	5.579544528625976e-10	8.284469704608276e-10	X1
GTACTAGGTCAGGAAG	3.584962500721156	1.2704266677461526e-16	3.218033375269829e-16	X0
TCCTCACAGCTAAAGG	-2.807354922057604	1.6610244897268262e-18	5.822729697591934e-18	X1
GTTTCTAGTAATGACT	-1.584962500721156	1.3029679093280502e-12	2.239820187795613e-12	X1
GCAAACAAGTTGGGCC	3.169925001442312	3.224844447881771e-24	1.2299758276999067e-22	X0
ACCGCAATCCTCATGC	-3.169925001442312	4.1422259360400374e-14	7.91791191062939e-14	X1
TAAGTGCTCGGTCATG	2.807354922057604	1.3029679093280502e-12	2.239820187795613e-12	X0
AGTTGTCAGGTCAAAG	-2.321928094887362	2.818141017102701e-07	3.7604312442133894e-07	X1
AGGAAACGTATTGTGG	-3.321928094887362	1.2704266677461526e-16	3.218033375269829e-16	X1
CTTTGGGAGCGTGCGT	-1.584962500721156	0.8158991913366521	0.8516005955185724	unknown
CCCGCTTCACGCAACT	3.169925001442312	1.2704266677461526e-16	3.218033375269829e-16	X0
CCAAATCAGTTTGGGT	-2.807354922057604	4.1422259360400374e-14	7.91791191062939e-14	X1
GTAGGATCATCATGGC	-3.4594316186372973	9.556787680138532e-16	2.1356227092357177e-15	X1
TAGTGAGAGTGAACAG	-0.6780719051126378	0.00020438858371340761	0.0002460120970633274	X1
AGCAAATAGTTTAACG	-1.8073549220576042	2.756790387925026e-08	3.824929141867178e-08	X1
TCTGGCTTCCCTGTTA	-1.584962500721156	0.9333946903963931	0.9604115944601358	unknown
GACTCACCAATTGACT	-3.0	6.564907761017925e-15	1.3424970548431796e-14	X1
CACCAACCATGTTGTG	-1.584962500721156	6.289575008339427e-06	7.975507841743658e-06	X1
AAGGTGCAGGATTGCT	3.247927513443585	1.363071866403019e-20	8.502363950314572e-20	X0
CTAGTAATCCTAGTTT	-3.700439718141092	7.967495142732219e-29	1.458649173255701e-25	X1
TCTTAGCGTTCACCCA	-2.321928094887362	3.925069822796835e-05	4.843013700478723e-05	X1
GTCAATATCCTAATTC	-4.0	1.0029797609618065e-21	9.676970737184859e-21	X1
CTTAATGAGGACGTAA	3.169925001442312	1.0029797609618065e-21	9.676970737184859e-21	X0
GCAATGAAGAAACTGG	-2.807354922057604	1.2704266677461526e-16	3.218033375269829e-16	X1
GGCAAATCAGGTTATT	-3.169925001442312	1.6042818341220015e-19	7.283419635012658e-19	X1
CGGCTAATCCGCCAAA	-2.807354922057604	1.2704266677461526e-16	3.218033375269829e-16	X1
TGATCAGGTTATCCTA	-2.807354922057604	1.5316450877189923e-17	4.472183802777584e-17	X1
TAAGCTATCGCTTGCT	-2.4594316186372973	6.26162256269268e-23	1.0840156507470095e-21	X1
GGGCATGAGGCGGATG	2.807354922057604	9.556787680138532e-16	2.1356227092357177e-15	X0
TCAAGCTAGCTTGCTC	-4.169925001442312	6.26162256269268e-23	1.0840156507470095e-21	X1
AGTGAACCAATAAGCA	2.584962500721156	6.548999325035109e-12	1.0693048396261339e-11	X0
CATTGTAAGCACAGCC	-2.9068905956085187	6.26162256269268e-23	1.0840156507470095e-21	X1
AGAGGAACAAACTGCC	-3.169925001442312	1.6610244897268262e-18	5.822729697591934e-18	X1
TATAGCTCAGGTCCTG	-2.321928094887362	2.818141017102701e-07	3.7604312442133894e-07	X1
GCAAACCGTCATTAGG	-2.584962500721156	6.548999325035109e-12	1.0693048396261339e-11	X1
ATTGGTTCATAATCGT	-4.169925001442312	1.0029797609618065e-21	9.676970737184859e-21	X1
CCCTCACCACAATGCC	-1.584962500721156	6.548999325035109e-12	1.0693048396261339e-11	X1
ATAGGTACAAGGACCA	-2.0	0.0966739522478214	0.1074269123385123	unknown
TTCTTAGGTAAGTCGC	2.584962500721156	1.3513812610243942e-10	2.061271604766015e-10	X0
CCAGGAACACCCACCT	4.169925001442312	6.26162256269268e-23	1.0840156507470095e-21	X0
GGTTATATCATTAGCA	3.584962500721156	1.6610244897268262e-18	5.822729697591934e-18	X0
ATGTTTGAGCTGTCAG	-2.321928094887362	1.6080007647833168e-05	2.0063706935607818e-05	X1
TTGTTGCGTTTCGCCA	-2.321928094887362	8.336813247250504e-07	1.0917468420889744e-06	X1
AACGGTAAGGCTTAGT	3.169925001442312	2.346206306321115e-06	3.0232744644007614e-06	X0
AGAAACTAGTAACAGG	4.459431618637297	1.6610244897268262e-18	5.822729697591934e-18	X0
AGAAAGGCATTGCGTA	-3.4594316186372973	1.363071866403019e-20	8.502363950314572e-20	X1
TCCCTCACAATGAATG	1.584962500721156	2.756790387925026e-08	3.824929141867178e-08	X0
CAATCCCTCGGGACTC	-3.584962500721156	1.2704266677461526e-16	3.218033375269829e-16	X1
TGCGCGAGTTAAGCTG	-3.807354922057604	1.6610244897268262e-18	5.822729697591934e-18	X1
GTTAACCAGGTATTGC	-1.8073549220576042	1.3513812610243942e-10	2.061271604766015e-10	X1
TACAATGTCTCACTAT	2.0	0.1356265120369177	0.1499159166258639	unknown
TAGTGGCGTTTAGCTC	-0.5849625007211561	0.46020538130641053	0.49191125489809434	unknown
ACATTAGTCGTGCTAG	-1.584962500721156	0.7579407931963542	0.7938215715928063	unknown
GGCCTAATCTACCTCA	3.0	6.26162256269268e-23	1.0840156507470095e-21	X0
GGGCAATAGCTTAACA	-2.321928094887362	1.6042818341220015e-19	7.283419635012658e-19	X1
ATCCTTAGTTGTCATC	-2.169925001442312	3.0739033075239876e-11	4.8429849227620825e-11	X1
GTGGTTAGTTCGCTCA	1.8073549220576042	6.564907761017925e-15	1.3424970548431796e-14	X0
AGGTCAAAGCATTATG	-1.584962500721156	0.7579407931963542	0.7938215715928063	unknown
ATGCTTAAGGTCCTAG	-2.0	1.6610244897268262e-18	5.822729697591934e-18	X1
CTGTTAAAGGGTGGAT	-1.8073549220576042	9.556787680138532e-16	2.1356227092357177e-15	X1
CTAAGGTTCCCTGATC	1.0	1.2704266677461526e-16	3.218033375269829e-16	X0
AGGACGTAGTTGTCTT	-2.321928094887362	6.289575008339427e-06	7.975507841743658e-06	X1
CCTGAATAGGCGTAAA	-1.584962500721156	8.336813247250504e-07	1.0917468420889744e-06	X1
ACCCTCCCATCCTGAA	2.321928094887362	9.556787680138532e-16	2.1356227092357177e-15	X0
GTTCTCATCCTAATTC	2.807354922057604	1.6042818341220015e-19	7.283419635012658e-19	X0
GCAAACCGTCCCGGAA	2.321928094887362	2.346206306321115e-06	3.0232744644007614e-06	X0
GAAGCCTGTGGCTTCC	-0.5849625007211561	0.30864970679462606	0.33430584275359365	unknown
AACAGCAAGCGCCTTT	2.169925001442312	6.564907761017925e-15	1.3424970548431796e-14	X0
TCGCGCACAACTAGAA	-2.0	9.556787680138532e-16	2.1356227092357177e-15	X1
CCAACATAGCATTAGC	-3.9068905956085187	6.26162256269268e-23	1.0840156507470095e-21	X1
AGGTACGCATGAATCT	0.0	1.0	1.0	unknown
TGCGCGAGTTTGTGGA	3.584962500721156	1.6610244897268262e-18	5.822729697591934e-18	X0
CATCCTGGTCGTTACT	0.8073549220576042	2.1686833167108188e-09	3.137350440196232e-09	X0
TCGTTTCCAATCCTAG	-2.0	1.3029679093280502e-12	2.239820187795613e-12	X1
GTACTTCGTAGGTGTC	-3.169925001442312	1.6042818341220015e-19	7.283419635012658e-19	X1
GGGTTTCCATCCTAGA	-2.0	1.3029679093280502e-12	2.239820187795613e-12	X1
AGTGATGAGCTTAGCG	-1.584962500721156	0.9033260477521786	0.9326176015352042	unknown
CCTGAATAGTCACCTC	-3.321928094887362	1.6610244897268262e-18	5.822729697591934e-18	X1
TCGTTAAAGCAAGGTA	-4.523561956057013	1.0029797609618065e-21	9.676970737184859e-21	X1
TTTGTCTAGCAAGGTA	-2.584962500721156	6.564907761017925e-15	1.3424970548431796e-14	X1
GGAACGGTCCCGAACA	-3.169925001442312	1.3154334480650894e-25	1.437749125400097e-23	X1
CACTTAAAGCATGAAG	-2.584962500721156	2.4127107519685975e-13	4.369011087207231e-13	X1
AATTGCTCAATGAAGC	3.584962500721156	1.0029797609618065e-21	9.676970737184859e-21	X0
CCACAGGGTGATTTGG	-1.0	9.050013106514627e-08	1.228419758647018e-07	X1
TTTGTGAAGCGATAAG	-3.0	1.6042818341220015e-19	7.283419635012658e-19	X1
CCGTTACTCTAATCCT	0.2223924213364481	0.003318560257963064	0.003849487845566849	X0
CAAGGGAGTAACCTAG	2.321928094887362	1.3029679093280502e-12	2.239820187795613e-12	X0
CGCAATGTCGTACCGA	-3.0	2.4127107519685975e-13	4.369011087207231e-13	X1
GCCTTAGAGGTCCTAG	-2.321928094887362	5.579544528625976e-10	8.284469704608276e-10	X1
TCCTAGTGTCCTAACT	0.0	1.0	1.0	unknown
TTGGATTCAGGCCTTG	2.807354922057604	1.5316450877189923e-17	4.472183802777584e-17	X0
TGGCTATAGCTTGCTC	1.584962500721156	0.6913502932053739	0.7283496183488639	unknown
TCTAGCCTCGTCAAGT	-2.584962500721156	2.4127107519685975e-13	4.369011087207231e-13	X1
GTTTGTCGTGCACGCA	-2.0	0.017600100108852396	0.02004128955016733	X1
AGCAGGTAGCCTGGTA	-1.584962500721156	0.9033260477521786	0.9326176015352042	unknown
CGAGGTGAGCTAAAGG	-0.5849625007211561	2.818141017102701e-07	3.7604312442133894e-07	X1
ATCCACCTCCCGAAGC	-3.584962500721156	1.3154334480650894e-25	1.437749125400097e-23	X1
CTAAATGTCTCACATT	-2.807354922057604	6.548999325035109e-12	1.0693048396261339e-11	X1
TACTGAGGTCGAAGTC	2.321928094887362	8.336813247250504e-07	1.0917468420889744e-06	X0
AAAGGACGTGGTTCCC	-1.584962500721156	0.9715560331795096	0.9954812971839302	unknown
AACGCTAGTCAATAGT	0.3219280948873622	0.999960749301772	1.0	unknown
CCTTCGGTCAAGCTTA	0.5849625007211561	0.8158991913366521	0.8516005955185724	unknown
GTCCGTAAGCTATTAG	3.321928094887362	1.363071866403019e-20	8.502363950314572e-20	X0
GGATAACCAGCCGCTA	-1.584962500721156	0.9033260477521786	0.9326176015352042	unknown
ATTGCAGGTGGTTCTT	-3.321928094887362	1.6042818341220015e-19	7.283419635012658e-19	X1
TTAGACTCAGTAGCCT	3.0	1.3029679093280502e-12	2.239820187795613e-12	X0
GTCTAGCCAGTTAAAG	1.584962500721156	0.9966814397420369	1.0	unknown
TGTAATGTCCTTAGTT	1.584962500721156	5.579544528625976e-10	8.284469704608276e-10	X0
CTTGCTCAGTTCCCGT	-3.700439718141092	1.363071866403019e-20	8.502363950314572e-20	X1
AGTTGGCGTTAACGGC	-1.8073549220576042	9.050013106514627e-08	1.228419758647018e-07	X1
CTTAGGAGTATTCGCT	0.3219280948873622	0.06660530960360693	0.07444302231795079	unknown
AGCTTTAAGGCAATAG	0.84799690655495	9.157161244117683e-05	0.00011144738539251088	X0
GAGTGATCATAGCTTG	-2.584962500721156	2.4127107519685975e-13	4.369011087207231e-13	X1
GTGGCTTCAATCCTGA	-3.321928094887362	6.564907761017925e-15	1.3424970548431796e-14	X1
GATGCTTAGCACAGCC	-3.169925001442312	4.1422259360400374e-14	7.91791191062939e-14	X1
TTAGGCTAGGGTCCAC	-3.169925001442312	1.363071866403019e-20	8.502363950314572e-20	X1
GAATTTGTCTATGACA	4.087462841250339	1.363071866403019e-20	8.502363950314572e-20	X0
TTTCAGTTCACGTTAA	-2.807354922057604	1.3513812610243942e-10	2.061271604766015e-10	X1
CCTAAGCCAGGCTAAG	1.0	4.1422259360400374e-14	7.91791191062939e-14	X0
GAGAACCAGCTGGACC	-2.807354922057604	3.0739033075239876e-11	4.8429849227620825e-11	X1
CGACAAGCACTCGCTC	-2.0	1.2704266677461526e-16	3.218033375269829e-16	X1
ACCAAGTTCGCCTGTT	-1.222392421336448	3.0739033075239876e-11	4.8429849227620825e-11	X1
ACTCCTCAGGACGTAA	-2.584962500721156	1.6610244897268262e-18	5.822729697591934e-18	X1
AGAAACCCAATCCCTT	3.169925001442312	1.6042818341220015e-19	7.283419635012658e-19	X0
GGACCGAAGCTTTGGG	-1.222392421336448	1.3513812610243942e-10	2.061271604766015e-10	X1
CTCTCACAGTTTGCGG	2.321928094887362	7.952664236893068e-09	1.1284123271995337e-08	X0
CAACCGGGTTGTTGTC	-3.700439718141092	1.0029797609618065e-21	9.676970737184859e-21	X1
TAGTGAGAGTGTTGTA	-0.8744691179161412	5.579544528625976e-10	8.284469704608276e-10	X1
GCTATTGCACATTAAC	-3.321928094887362	1.6610244897268262e-18	5.822729697591934e-18	X1
GCGTAACGTGCTAGAC	2.807354922057604	1.3154334480650894e-25	1.437749125400097e-23	X0
TAATCCGCAGTTTCTC	2.321928094887362	0.0060164878626817395	0.0069340164649698425	X0
TGCTAACAGCTTAACA	4.321928094887363	6.26162256269268e-23	1.0840156507470095e-21	X0
TGCTCCGTCCTCACAC	-3.169925001442312	1.5316450877189923e-17	4.472183802777584e-17	X1
TTCCTTGAGTATTGCA	-4.087462841250339	1.5316450877189923e-17	4.472183802777584e-17	X1
AAGAACAGTGATCAGC	3.321928094887362	6.26162256269268e-23	1.0840156507470095e-21	X0
ACGAGTAAGGGTTATC	-3.169925001442312	1.6610244897268262e-18	5.822729697591934e-18	X1
GTGCTGATCAGGAAGC	-2.807354922057604	4.1422259360400374e-14	7.91791191062939e-14	X1
GCTGTAAGTGATGAGG	-3.9068905956085187	1.5316450877189923e-17	4.472183802777584e-17	X1
TTTCATCAGGTAAGCA	-3.584962500721156	6.26162256269268e-23	1.0840156507470095e-21	X1
GTGCTGATCGATTCTT	-2.584962500721156	1.6610244897268262e-18	5.822729697591934e-18	X1
CCCTGTTAGGCGCACT	1.584962500721156	2.1686833167108188e-09	3.137350440196232e-09	X0
CCTGATGAGTCTCACC	-2.807354922057604	1.2704266677461526e-16	3.218033375269829e-16	X1
GTTCACCTCTTGACCC	-1.584962500721156	6.564907761017925e-15	1.3424970548431796e-14	X1
TCAGTAGGTTCCTGAT	-3.584962500721156	6.26162256269268e-23	1.0840156507470095e-21	X1
GCTCGATCAGTATGTT	3.169925001442312	4.1422259360400374e-14	7.91791191062939e-14	X0
GGTAATTGTACGGGTT	-3.700439718141092	4.1422259360400374e-14	7.91791191062939e-14	X1
TGGATTCAGTAGCGGG	2.0	6.564907761017925e-15	1.3424970548431796e-14	X0
CTCTGTTCAGGTTAAA	-2.584962500721156	2.1686833167108188e-09	3.137350440196232e-09	X1
CGCCTCATCTAAGTGC	-2.0	0.044313040057033834	0.04985472305080024	X1
AGAAACTAGCTGTCAG	-2.807354922057604	4.1422259360400374e-14	7.91791191062939e-14	X1
TGAGGTGCATCCAGGT	-2.584962500721156	1.363071866403019e-20	8.502363950314572e-20	X1
ATTATCCTCCTTTACG	3.700439718141092	1.2704266677461526e-16	3.218033375269829e-16	X0
GGTCAGGAGGACCTCA	-3.169925001442312	1.6610244897268262e-18	5.822729697591934e-18	X1
GTCTATCGTAACGAGG	-4.169925001442312	1.3154334480650894e-25	1.437749125400097e-23	X1
CCGCTAGCAGTAAGTA	-3.0	1.5316450877189923e-17	4.472183802777584e-17	X1
GAGTGTTTCATCAGTA	3.321928094887362	9.556787680138532e-16	2.1356227092357177e-15	X0
AATCTTGAGAAAGGAA	-3.321928094887362	1.6042818341220015e-19	7.283419635012658e-19	X1
CGCTGTGCAATCGCAC	3.321928094887362	1.6610244897268262e-18	5.822729697591934e-18	X0
GCCTACTTCTTAGGAC	3.700439718141092	6.26162256269268e-23	1.0840156507470095e-21	X0
CCAAACTAGAGGATAT	1.0	6.289575008339427e-06	7.975507841743658e-06	X0
TTGACGTAGCAATAGG	-0.3219280948873622	0.8158991913366521	0.8516005955185724	unknown
CATGCGCAGGAGCAAC	0.4150374992788439	0.0060164878626817395	0.0069340164649698425	X0
GGCATTAGTTTGGGCG	2.0	1.6610244897268262e-18	5.822729697591934e-18	X0
GTGCAAGCATTCAGCA	-2.807354922057604	1.6610244897268262e-18	5.822729697591934e-18	X1
TTTGTGAAGGCTACTG	2.584962500721156	1.6042818341220015e-19	7.283419635012658e-19	X0
CCCTCAGTCCAATAGC	2.584962500721156	1.6610244897268262e-18	5.822729697591934e-18	X0
AGTTGGCGTTAGGCGT	2.0	0.0060164878626817395	0.0069340164649698425	X0
AATCCGTAGAGAGGAG	3.169925001442312	1.2704266677461526e-16	3.218033375269829e-16	X0
TTACCGTGTGGATGTC	-2.169925001442312	1.5316450877189923e-17	4.472183802777584e-17	X1
GCTGTAAGTGTGTCCC	2.807354922057604	9.556787680138532e-16	2.1356227092357177e-15	X0
TGGCCATCAGCTCAAC	2.321928094887362	2.756790387925026e-08	3.824929141867178e-08	X0
CGAGGTGAGCTGGACC	-2.807354922057604	1.3513812610243942e-10	2.061271604766015e-10	X1
GATAATCGTTCACCAT	-3.169925001442312	6.26162256269268e-23	1.0840156507470095e-21	X1
CAGGGCTTCCATAATG	-1.3219280948873622	3.925069822796835e-05	4.843013700478723e-05	X1
GCCTCCATCCGCAAAT	-0.7369655941662061	0.00020438858371340761	0.0002460120970633274	X1
ATTCGTTTCTTAGCCC	-0.6780719051126378	6.289575008339427e-06	7.975507841743658e-06	X1
GCCTTTATCCCGTTAC	3.0	9.556787680138532e-16	2.1356227092357177e-15	X0
ATCCCGCGTCCTAATC	-3.0	2.4127107519685975e-13	4.369011087207231e-13	X1
GACACTAGTTTAACGG	2.169925001442312	2.4127107519685975e-13	4.369011087207231e-13	X0
CCTCCTCTCAGCACGC	-1.584962500721156	0.9333946903963931	0.9604115944601358	unknown
GACCTGCAGGACGTAA	-2.0	1.2704266677461526e-16	3.218033375269829e-16	X1
GGTAAGGGTAAATTGC	2.321928094887362	2.818141017102701e-07	3.7604312442133894e-07	X0
GAGCTTGTCTTTGACT	-3.169925001442312	1.2704266677461526e-16	3.218033375269829e-16	X1
TACCAAATCAATGAGG	3.169925001442312	1.6042818341220015e-19	7.283419635012658e-19	X0
ACACAATGTCATGCAA	-2.807354922057604	4.1422259360400374e-14	7.91791191062939e-14	X1
AGGTATTGTCGTAAAT	1.3219280948873622	7.952664236893068e-09	1.1284123271995337e-08	X0
TGGTCCTTCCTGATGG	-2.584962500721156	1.3513812610243942e-10	2.061271604766015e-10	X1
CTCGTTATCATAAGCC	-2.0	0.0017588208614850794	0.002060775226984838	X1
AAGCCACGTTGTGATG	-3.169925001442312	1.6042818341220015e-19	7.283419635012658e-19	X1
CGCGGATTCTATCGCC	-1.8073549220576042	2.4127107519685975e-13	4.369011087207231e-13	X1
ATGTCATCAACACCTA	0.0	1.0	1.0	unknown
GGCTGTCAGACAAACG	-3.087462841250339	6.26162256269268e-23	1.0840156507470095e-21	X1
CAACCGGGTCATAAGT	-2.807354922057604	6.548999325035109e-12	1.0693048396261339e-11	X1
GAGTCATTCCATTACT	-2.321928094887362	9.050013106514627e-08	1.228419758647018e-07	X1
GATTGCAGTCTTGCTG	-3.700439718141092	1.363071866403019e-20	8.502363950314572e-20	X1
CAGCCTAAGTGAGGTA	0.0	1.0	1.0	unknown
AAGGCCCTCATTGACA	-3.169925001442312	1.0029797609618065e-21	9.676970737184859e-21	X1
GAAACTGAGGCATTGT	-2.807354922057604	4.1422259360400374e-14	7.91791191062939e-14	X1
ATCCTGACACCGGCTA	-3.0	1.363071866403019e-20	8.502363950314572e-20	X1
GTGAGCGAGCTGTAAC	-1.8073549220576042	1.2704266677461526e-16	3.218033375269829e-16	X1
ACGCTTGAGCCTAACG	2.807354922057604	1.0029797609618065e-21	9.676970737184859e-21	X0
CAACTAATCCTGCGAA	-4.321928094887363	1.6042818341220015e-19	7.283419635012658e-19	X1
TCTGTGACATGGCCCA	-3.169925001442312	1.5316450877189923e-17	4.472183802777584e-17	X1
AGTGTTTCATTGCAGC	-3.169925001442312	1.6610244897268262e-18	5.822729697591934e-18	X1
GTCTAATCAGCCGCTA	-2.807354922057604	4.1422259360400374e-14	7.91791191062939e-14	X1
TTGGCTTGTTATCCTA	3.4594316186372973	1.6610244897268262e-18	5.822729697591934e-18	X0
ATCACTAAGCTGGCTA	-3.169925001442312	6.564907761017925e-15	1.3424970548431796e-14	X1
TTGGCTACACCTCAGG	-2.0	0.0966739522478214	0.1074269123385123	unknown
TAGCTAATCCATTACT	3.169925001442312	1.2704266677461526e-16	3.218033375269829e-16	X0
GTTAAACGTCATTACC	-2.584962500721156	3.0739033075239876e-11	4.8429849227620825e-11	X1
TCGGTTACAAGCGATG	-2.584962500721156	3.0739033075239876e-11	4.8429849227620825e-11	X1
TGTTGGCCACTAGCGT	-3.321928094887362	1.6610244897268262e-18	5.822729697591934e-18	X1
GGTCCGTAGGCCTTAG	3.169925001442312	1.2704266677461526e-16	3.218033375269829e-16	X0
ACAGCGCTCTGGCTTC	-3.0	5.579544528625976e-10	8.284469704608276e-10	X1
CCCTCATAGCAAACCT	-3.700439718141092	1.363071866403019e-20	8.502363950314572e-20	X1
GTATTGATCCGCAAGC	-3.0	1.2704266677461526e-16	3.218033375269829e-16	X1
GTTTGTTTCACTAAGC	-1.0	5.579544528625976e-10	8.284469704608276e-10	X1
GACACTAGTTTGTGGA	1.8073549220576042	4.1422259360400374e-14	7.91791191062939e-14	X0
ACCACATAGACTTACA	-2.4594316186372973	9.556787680138532e-16	2.1356227092357177e-15	X1
TGGATTGGTTACTTCA	-1.0	0.00020438858371340761	0.0002460120970633274	X1
CTAAGTCAGGGACTAA	-3.0	1.6610244897268262e-18	5.822729697591934e-18	X1
GTTAATGTCGTAACGT	-2.502500340529183	1.6042818341220015e-19	7.283419635012658e-19	X1
TACCTGCTCCCTCAAC	-3.169925001442312	4.1422259360400374e-14	7.91791191062939e-14	X1
CGAATCTAGCGGATTT	-2.321928094887362	2.1686833167108188e-09	3.137350440196232e-09	X1
CACATACAGTGACCTG	-2.321928094887362	6.548999325035109e-12	1.0693048396261339e-11	X1
CAATGTCAGGACAACA	-2.584962500721156	1.5316450877189923e-17	4.472183802777584e-17	X1
TGCTCTCAGCCTGACA	2.807354922057604	3.224844447881771e-24	1.2299758276999067e-22	X0
CTTGTTCCATTAGCCA	-2.584962500721156	1.3029679093280502e-12	2.239820187795613e-12	X1
GCTTTATTCGTTCACC	-3.700439718141092	1.363071866403019e-20	8.502363950314572e-20	X1
ATGAAGCCATAAACCT	-2.700439718141092	1.0029797609618065e-21	9.676970737184859e-21	X1
TTGGCTACAACTGGCT	-1.3219280948873622	4.1422259360400374e-14	7.91791191062939e-14	X1
GGTGTTGTCTTAAGTG	3.4594316186372973	1.6042818341220015e-19	7.283419635012658e-19	X0
TCGTGCTTCATCCTCA	2.321928094887362	3.925069822796835e-05	4.843013700478723e-05	X0
GTCAGGCTCCGGCTAA	0.0	1.0	1.0	unknown
CTCTTGATCAGTATTG	2.0	1.3029679093280502e-12	2.239820187795613e-12	X0
TTAGAAGCATGTCGCG	-2.700439718141092	9.050013106514627e-08	1.228419758647018e-07	X1
ACCAGGACAGCCTGCA	-3.0	4.1422259360400374e-14	7.91791191062939e-14	X1
TAAGCCAGTTCCTCCT	-3.0	4.1422259360400374e-14	7.91791191062939e-14	X1
AGCAATTGTACCGTTT	-1.8073549220576042	2.4127107519685975e-13	4.369011087207231e-13	X1
ATTACTGAGGACCTGC	0.893084796083488	2.818141017102701e-07	3.7604312442133894e-07	X0
CGATGTCCATTAAAGG	-3.807354922057604	1.363071866403019e-20	8.502363950314572e-20	X1
AAGACAAGTGAGACTC	-1.584962500721156	7.952664236893068e-09	1.1284123271995337e-08	X1
CTGACATAGGTGAAGC	-2.584962500721156	6.548999325035109e-12	1.0693048396261339e-11	X1
CTCATGCTCCCTCACG	2.0	9.157161244117683e-05	0.00011144738539251088	X0
CTATAACCATCGCTCC	-1.7004397181410922	1.6042818341220015e-19	7.283419635012658e-19	X1
GAAACCCGTGCTCCAC	-2.0	0.0004368599184561862	0.0005205215071354787	X1
GTGCATTAGGACCTCA	2.584962500721156	2.756790387925026e-08	3.824929141867178e-08	X0
CTGATCACAGGATAAC	2.222392421336448	1.6610244897268262e-18	5.822729697591934e-18	X0
CAATGTCAGTTAGAGG	-3.0	1.2704266677461526e-16	3.218033375269829e-16	X1
GGTGCTTCAAGGTCGA	-2.584962500721156	6.548999325035109e-12	1.0693048396261339e-11	X1
AATTGACGTCTAACCT	-2.9068905956085187	1.363071866403019e-20	8.502363950314572e-20	X1
ATTTAGGTCCTGAATA	4.169925001442312	6.26162256269268e-23	1.0840156507470095e-21	X0
ACTTGAATCACGAATC	3.169925001442312	1.6610244897268262e-18	5.822729697591934e-18	X0
AGTCAATGTCTATCGT	-1.8073549220576042	1.6610244897268262e-18	5.822729697591934e-18	X1
GTTGTGAGTTGTCCAT	3.169925001442312	1.363071866403019e-20	8.502363950314572e-20	X0
GGGTTTCCAATCCCTT	2.169925001442312	1.5316450877189923e-17	4.472183802777584e-17	X0
GAGGCCTTCAAGCGCC	-2.700439718141092	1.6042818341220015e-19	7.283419635012658e-19	X1
TATGGGCGTTTACGTC	-2.321928094887362	7.952664236893068e-09	1.1284123271995337e-08	X1
TGCTTCCAGTTCCCGT	-2.807354922057604	1.3029679093280502e-12	2.239820187795613e-12	X1
GTCCTCCCACAACCTA	1.8073549220576042	6.564907761017925e-15	1.3424970548431796e-14	X0
CATCATGCAGTCTAAT	3.4594316186372973	3.224844447881771e-24	1.2299758276999067e-22	X0
TCACGGATCCTCCATA	-2.584962500721156	6.548999325035109e-12	1.0693048396261339e-11	X1
ATTTGCGCACCGTTCC	-3.321928094887362	1.363071866403019e-20	8.502363950314572e-20	X1
TCCCGGACAGGCGAGT	-3.4594316186372973	1.5316450877189923e-17	4.472183802777584e-17	X1
CGCCACACATAACGGG	-4.392317422778761	1.363071866403019e-20	8.502363950314572e-20	X1
ACAGGAATCATAGCCG	3.700439718141092	1.0029797609618065e-21	9.676970737184859e-21	X0
CCGTTGCGTACCCACC	-3.321928094887362	1.6610244897268262e-18	5.822729697591934e-18	X1
TTTGACCGTAGGATTT	-4.087462841250339	1.6610244897268262e-18	5.822729697591934e-18	X1
TGTTGGCCATTGTGGC	2.4594316186372973	1.6042818341220015e-19	7.283419635012658e-19	X0
GATTCAGGTGATGATT	4.247927513443585	6.26162256269268e-23	1.0840156507470095e-21	X0
ACCATAATCGCTATGG	1.584962500721156	7.952664236893068e-09	1.1284123271995337e-08	X0
TGCACTTGTGGTTAGC	-4.321928094887363	6.564907761017925e-15	1.3424970548431796e-14	X1
CTTAACAAGGTGTTAC	4.087462841250339	1.6042818341220015e-19	7.283419635012658e-19	X0
CCCTTAATCCTAAGTA	-2.7369655941662066	6.26162256269268e-23	1.0840156507470095e-21	X1
CGTGGTTCAAAGGCCA	-3.0	4.1422259360400374e-14	7.91791191062939e-14	X1
GCCTCAAAGGGTTAGA	-5.0	1.0029797609618065e-21	9.676970737184859e-21	X1
TATTCGTTCAGGGCCT	-2.584962500721156	5.579544528625976e-10	8.284469704608276e-10	X1
CTACAACAGCAGGTGG	-2.584962500721156	1.6042818341220015e-19	7.283419635012658e-19	X1
AACAAGCCATTGACAT	-1.222392421336448	2.4127107519685975e-13	4.369011087207231e-13	X1
GTAGCCATCATGGCCA	-2.807354922057604	1.363071866403019e-20	8.502363950314572e-20	X1
GTACTAATCATAATCG	3.584962500721156	1.0029797609618065e-21	9.676970737184859e-21	X0
AAAGGCTCATCGCTCC	-1.584962500721156	1.3029679093280502e-12	2.239820187795613e-12	X1
CTAAAGCTCACACAGT	-2.807354922057604	1.5316450877189923e-17	4.472183802777584e-17	X1
AAGGTATAGCTAATCA	3.4594316186372973	1.363071866403019e-20	8.502363950314572e-20	X0
CTATTACTCCTCACAC	-3.807354922057604	6.26162256269268e-23	1.0840156507470095e-21	X1
AGTTATGTCCCTGTTA	-4.459431618637297	3.224844447881771e-24	1.2299758276999067e-22	X1
CACTTTGTCAATTGGC	-3.700439718141092	1.2704266677461526e-16	3.218033375269829e-16	X1
AGTCTTGCACCACAAC	3.4594316186372973	1.6610244897268262e-18	5.822729697591934e-18	X0
CTAGCTGAGAGGAGTC	2.807354922057604	2.4127107519685975e-13	4.369011087207231e-13	X0
AGATGAAGTTAGTACG	3.700439718141092	1.363071866403019e-20	8.502363950314572e-20	X0
GGGCCTAGTATTCGTC	3.0	6.564907761017925e-15	1.3424970548431796e-14	X0
TGAGCACGTTCACCAT	-2.807354922057604	1.2704266677461526e-16	3.218033375269829e-16	X1
ACAACAACATAACGGG	-3.087462841250339	1.363071866403019e-20	8.502363950314572e-20	X1
AACAAAGGTTGCGTAA	-2.321928094887362	4.1422259360400374e-14	7.91791191062939e-14	X1
GAAGTCAAGCATGTCG	-2.321928094887362	2.1686833167108188e-09	3.137350440196232e-09	X1
TGCTAGCCAACAACAA	-1.502500340529183	1.3029679093280502e-12	2.239820187795613e-12	X1
ACGCTTGAGGTCGATT	-3.4594316186372973	1.363071866403019e-20	8.502363950314572e-20	X1
TAGCGCGGTTCATCTA	-1.3219280948873622	9.050013106514627e-08	1.228419758647018e-07	X1
ATTCCTAGTGGGAACA	-4.643856189774724	1.3154334480650894e-25	1.437749125400097e-23	X1
CGGCTAATCGCAACAT	2.0	0.003318560257963064	0.003849487845566849	X0
CATTCATTCGCTAAAC	3.700439718141092	1.363071866403019e-20	8.502363950314572e-20	X0
CACTAGCCATTAAACC	-3.9068905956085187	1.0029797609618065e-21	9.676970737184859e-21	X1
CTAACCACAATGAGGT	-3.0	1.6610244897268262e-18	5.822729697591934e-18	X1
TGTAAAGCACGTGCTG	-0.8073549220576042	8.336813247250504e-07	1.0917468420889744e-06	X1
CTCACAACAGTTAAAG	3.9068905956085187	1.363071866403019e-20	8.502363950314572e-20	X0
TATCACGCAATTTGGT	-2.807354922057604	1.5316450877189923e-17	4.472183802777584e-17	X1
TGAACAGAGTGAACCT	2.321928094887362	6.548999325035109e-12	1.0693048396261339e-11	X0
GAACGAATCGCCTGTT	-3.700439718141092	1.6042818341220015e-19	7.283419635012658e-19	X1
CGCTATGAGCGAGTAA	-2.087462841250339	1.6610244897268262e-18	5.822729697591934e-18	X1
TCCTGGTTCGTTTCGC	-0.485426827170242	0.00020438858371340761	0.0002460120970633274	X1
TATAGCTCACAGGATG	-1.8073549220576042	9.556787680138532e-16	2.1356227092357177e-15	X1
GTAGTTTCAGCTACGT	4.0	1.6042818341220015e-19	7.283419635012658e-19	X0
GAACACAAGCTCCTAC	3.700439718141092	1.6042818341220015e-19	7.283419635012658e-19	X0
AAGTGAAGTGGAAGGC	4.392317422778761	1.6042818341220015e-19	7.283419635012658e-19	X0
GGACATAAGCTGTACG	-3.700439718141092	9.556787680138532e-16	2.1356227092357177e-15	X1
GTGATGAAGTTAGTTG	-2.807354922057604	1.5316450877189923e-17	4.472183802777584e-17	X1
GCAATGTTCCTGGTGA	-2.321928094887362	1.2704266677461526e-16	3.218033375269829e-16	X1
CTGGCTTTCTAAGTGC	-2.0	1.363071866403019e-20	8.502363950314572e-20	X1
TGTTGTAAGCAAGGAC	-3.0	1.2704266677461526e-16	3.218033375269829e-16	X1
GTTGGAGCAGGAATCG	-3.169925001442312	6.564907761017925e-15	1.3424970548431796e-14	X1
TCATGTTTCCCGCCTA	-3.087462841250339	1.363071866403019e-20	8.502363950314572e-20	X1
TTTCAGTTCCTTAATC	-4.0	1.0029797609618065e-21	9.676970737184859e-21	X1
AGTCCTGAGCTACTGG	-3.584962500721156	1.2704266677461526e-16	3.218033375269829e-16	X1
CAGGCTATCGAAGCGG	-3.169925001442312	1.6042818341220015e-19	7.283419635012658e-19	X1
TAACCAGGTCATCCTG	-3.321928094887362	1.363071866403019e-20	8.502363950314572e-20	X1
TCTGGCTTCGCATCCT	-3.321928094887362	1.0029797609618065e-21	9.676970737184859e-21	X1
AACTACTCATAAGGAC	-1.5849625007211565	9.556787680138532e-16	2.1356227092357177e-15	X1
GAGTTGCGTTGGATAT	-3.584962500721156	1.363071866403019e-20	8.502363950314572e-20	X1
AGGTTACTCCTTGCGT	1.8073549220576042	6.564907761017925e-15	1.3424970548431796e-14	X0
GAGTGATCAACTAGGG	-3.0	9.556787680138532e-16	2.1356227092357177e-15	X1
GTTTATCTCTTTAAGG	-3.4594316186372973	1.5316450877189923e-17	4.472183802777584e-17	X1
TGTCAATCACTGGCCA	-3.321928094887362	9.556787680138532e-16	2.1356227092357177e-15	X1
GGTGAGTAGGATTTGC	-3.3219280948873626	1.0029797609618065e-21	9.676970737184859e-21	X1
GTGTCCAAGGCTAAGA	-3.4594316186372973	1.6610244897268262e-18	5.822729697591934e-18	X1
ATGGACAAGTCTCACC	3.0	6.564907761017925e-15	1.3424970548431796e-14	X0
CTTATGTTCCGCAAAT	-4.906890595608519	1.0029797609618065e-21	9.676970737184859e-21	X1
GTCCTCCCACCATATG	3.700439718141092	1.6610244897268262e-18	5.822729697591934e-18	X0
TTGTTGTTCTTACTCG	1.485426827170242	5.579544528625976e-10	8.284469704608276e-10	X0
GTAGGCGAGTAAGGGC	0.0	1.0	1.0	unknown
GCCTACTTCGACAAAG	-2.321928094887362	2.756790387925026e-08	3.824929141867178e-08	X1
ATGGCTGTCTTAAGTG	-4.169925001442312	1.3154334480650894e-25	1.437749125400097e-23	X1
AGGGCCTTCATGTGGT	3.4594316186372973	1.6610244897268262e-18	5.822729697591934e-18	X0
GACGCAACACGGTACT	-2.807354922057604	3.0739033075239876e-11	4.8429849227620825e-11	X1
AGGTTACTCTCCTCAA	-2.169925001442312	1.363071866403019e-20	8.502363950314572e-20	X1
GGGATAATCTAAATCG	-4.459431618637297	1.363071866403019e-20	8.502363950314572e-20	X1
TGTAAAGCATCGCTCC	-3.9068905956085187	1.2704266677461526e-16	3.218033375269829e-16	X1
TTCAGGTAGTAGGATG	-2.584962500721156	1.5316450877189923e-17	4.472183802777584e-17	X1
GCAATATGTTAGCGTA	-1.0506260730699677	1.6610244897268262e-18	5.822729697591934e-18	X1
GCTTATCGTGTTCCCA	-2.321928094887362	2.1686833167108188e-09	3.137350440196232e-09	X1
TCGTAATCAGGCGAGT	-1.584962500721156	0.30864970679462606	0.33430584275359365	unknown
GCTCATTGTGAGGTGA	-2.0	6.289575008339427e-06	7.975507841743658e-06	X1
GGAGGTTAGTAGCCAT	-2.169925001442312	1.6042818341220015e-19	7.283419635012658e-19	X1
ATGGTCTAGCGCCTTT	3.169925001442312	9.556787680138532e-16	2.1356227092357177e-15	X0
AGTTACATCAAACCGT	4.321928094887363	1.363071866403019e-20	8.502363950314572e-20	X0
CATGCGCAGCTAGAAG	-3.700439718141092	1.6042818341220015e-19	7.283419635012658e-19	X1
TCCACAACACGTAATT	-3.321928094887362	6.548999325035109e-12	1.0693048396261339e-11	X1
ATCCTTAGTGGACATC	-3.169925001442312	1.6042818341220015e-19	7.283419635012658e-19	X1
GGGCATGAGCAGGTTT	-2.0	0.00020438858371340761	0.0002460120970633274	X1
AGGTAACCACAAAGGT	-2.584962500721156	1.2704266677461526e-16	3.218033375269829e-16	X1
TCTAAGGGTGCAATGC	-2.584962500721156	1.3513812610243942e-10	2.061271604766015e-10	X1
GTAGGCGAGCAAGATG	2.807354922057604	4.1422259360400374e-14	7.91791191062939e-14	X0
AGGACTAAGCAAGACA	-3.523561956057013	1.6610244897268262e-18	5.822729697591934e-18	X1
TGATGATGTTAAATGC	-3.3219280948873626	1.0029797609618065e-21	9.676970737184859e-21	X1
TGGTAAACAGGAACAT	-2.584962500721156	9.556787680138532e-16	2.1356227092357177e-15	X1
GTATTCAAGTGGCGGA	-3.169925001442312	1.5316450877189923e-17	4.472183802777584e-17	X1
TGGCCTGCAAGGTAAC	-0.84799690655495	6.289575008339427e-06	7.975507841743658e-06	X1
GGTTGCGGTGTAACCA	3.169925001442312	4.1422259360400374e-14	7.91791191062939e-14	X0
AGGAACCAGGCGGGTA	-2.584962500721156	6.548999325035109e-12	1.0693048396261339e-11	X1
CCATAAGGTCGCGCAA	-3.4594316186372973	9.556787680138532e-16	2.1356227092357177e-15	X1
TCAGCCTTCATTGACA	-4.20945336562895	1.0029797609618065e-21	9.676970737184859e-21	X1
AGATGAAGTACAATGT	-0.24100809950379487	0.24205920680364573	0.26354439063679713	unknown
CTACTAAAGTAACGAG	-4.584962500721156	1.2704266677461526e-16	3.218033375269829e-16	X1
CATCATAAGCTAGAAG	-2.662965012722429	1.0029797609618065e-21	9.676970737184859e-21	X1
TCGTTAGCAATAATGG	-3.700439718141092	6.26162256269268e-23	1.0840156507470095e-21	X1
GCCCGTTGTACAAAGA	3.584962500721156	1.6610244897268262e-18	5.822729697591934e-18	X0
GGTTACTAGTAACAGG	-3.0	1.2704266677461526e-16	3.218033375269829e-16	X1
GATTGTTCATAAGCAA	-2.700439718141092	1.2704266677461526e-16	3.218033375269829e-16	X1
GCGAGTGAGTGGCGGA	-2.807354922057604	2.4127107519685975e-13	4.369011087207231e-13	X1
CCGTTTGGTGTAATAC	2.321928094887362	5.579544528625976e-10	8.284469704608276e-10	X0
TTAGTCAAGCAGCTCA	3.584962500721156	1.6610244897268262e-18	5.822729697591934e-18	X0
GTTGTTGCACTTAACG	2.807354922057604	1.6610244897268262e-18	5.822729697591934e-18	X0
AAGAACAGTGATGAAA	-3.584962500721156	1.6610244897268262e-18	5.822729697591934e-18	X1
CCAACCAAGGAACGCG	-1.584962500721156	1.2704266677461526e-16	3.218033375269829e-16	X1
CGATTATCATTATGGT	-2.584962500721156	6.548999325035109e-12	1.0693048396261339e-11	X1
CCATCATGTATTGGAT	-2.4594316186372973	2.4127107519685975e-13	4.369011087207231e-13	X1
ATTACTGAGTGAGGGT	-3.4594316186372973	1.6610244897268262e-18	5.822729697591934e-18	X1
GATGACTTCAGTGAAG	1.584962500721156	2.818141017102701e-07	3.7604312442133894e-07	X0
TTTAAGCCAATTGAGA	-2.584962500721156	6.564907761017925e-15	1.3424970548431796e-14	X1
TTTGGCTGTCGTTACT	-2.584962500721156	2.756790387925026e-08	3.824929141867178e-08	X1
GTTTGTAAGTGTGATC	-0.2630344058337939	0.00020438858371340761	0.0002460120970633274	X1
AAACCGCGTTGAGCCG	-3.4594316186372973	1.6610244897268262e-18	5.822729697591934e-18	X1
CGGGTCTAGGCACAGG	-3.169925001442312	2.4127107519685975e-13	4.369011087207231e-13	X1
GTTGTGAGTGCACGCA	-1.3219280948873622	2.818141017102701e-07	3.7604312442133894e-07	X1
CGGCAATGTACCGTAA	3.700439718141092	1.6042818341220015e-19	7.283419635012658e-19	X0
CATTCCTCAGTCTAAT	-2.938599455335857	3.224844447881771e-24	1.2299758276999067e-22	X1
ATCCTCATCGGGACTC	-3.4594316186372973	4.1422259360400374e-14	7.91791191062939e-14	X1
CTCACTCAGTATGTGC	3.807354922057604	1.363071866403019e-20	8.502363950314572e-20	X0
TGATTCAAGTCATCCC	-3.807354922057604	1.363071866403019e-20	8.502363950314572e-20	X1
GACCGTTCATCGTTCT	-4.247927513443585	1.6610244897268262e-18	5.822729697591934e-18	X1
GGTACTAGTTCCAGGG	-3.169925001442312	1.3513812610243942e-10	2.061271604766015e-10	X1
GCTGGATGTGCAATGC	-2.807354922057604	1.5316450877189923e-17	4.472183802777584e-17	X1
GCCTCAAAGTTTAACG	2.169925001442312	1.2704266677461526e-16	3.218033375269829e-16	X0
GTGCAAGCAACATAAG	-2.662965012722429	6.26162256269268e-23	1.0840156507470095e-21	X1
CATCCTTCAGAAATTG	-4.087462841250339	6.26162256269268e-23	1.0840156507470095e-21	X1
CAGAATCTCGTTCACC	-2.0	0.0008949651957434264	0.001056728495393278	X1
GAGGTGAGTGCTCCGT	-2.807354922057604	9.556787680138532e-16	2.1356227092357177e-15	X1
GGTCGGTTCAGGTCCA	2.700439718141092	1.363071866403019e-20	8.502363950314572e-20	X0
ACCCGCTGTTCGCTCA	-3.0	1.5316450877189923e-17	4.472183802777584e-17	X1
CGATTTGCAACAACAA	-2.807354922057604	1.2704266677461526e-16	3.218033375269829e-16	X1
CCATCACTCATTTGCT	-3.584962500721156	1.363071866403019e-20	8.502363950314572e-20	X1
AGTCAGGCATGGTTAT	-2.0	3.925069822796835e-05	4.843013700478723e-05	X1
ACTATCCGTGAGGTGA	-2.321928094887362	3.0739033075239876e-11	4.8429849227620825e-11	X1
TGACCAAGTCATGAGC	2.0	1.3029679093280502e-12	2.239820187795613e-12	X0
GTGCACGGTTAATGAC	-3.321928094887362	1.6042818341220015e-19	7.283419635012658e-19	X1
TGACCAAGTGCTCCGT	2.169925001442312	9.556787680138532e-16	2.1356227092357177e-15	X0
AGCACTTAGTTGTCAA	-2.0	8.336813247250504e-07	1.0917468420889744e-06	X1
TATGACTCAGTGAACG	-4.0	1.0029797609618065e-21	9.676970737184859e-21	X1
CGCTTAACACCTAATG	-2.584962500721156	9.556787680138532e-16	2.1356227092357177e-15	X1
CTGCTATGTAAGCTTG	-2.807354922057604	6.564907761017925e-15	1.3424970548431796e-14	X1
CGAGCTGGTAGGTTTG	-2.321928094887362	7.952664236893068e-09	1.1284123271995337e-08	X1
TATCGCGAGGCATGTT	4.0	1.6610244897268262e-18	5.822729697591934e-18	X0
AAAGGAGCAGTCTAAT	2.584962500721156	4.1422259360400374e-14	7.91791191062939e-14	X0
CATGCAAGTACCGTAA	-3.321928094887362	1.5316450877189923e-17	4.472183802777584e-17	X1
TTGGTGAGTGCTTTAC	3.0	4.1422259360400374e-14	7.91791191062939e-14	X0
AGACTATGTGTCCAAA	-2.321928094887362	1.5316450877189923e-17	4.472183802777584e-17	X1
TATTACCTCTAATCCT	-3.807354922057604	6.26162256269268e-23	1.0840156507470095e-21	X1
CAACAATGTTGGTTAG	-2.584962500721156	9.556787680138532e-16	2.1356227092357177e-15	X1
GTGAGCGAGTGAGGTA	-3.807354922057604	1.6042818341220015e-19	7.283419635012658e-19	X1
CGGCTCACACCTAATG	-4.0	1.6610244897268262e-18	5.822729697591934e-18	X1
ATGTAACGTGCTGTAA	3.807354922057604	1.0029797609618065e-21	9.676970737184859e-21	X0
ACAAAGGTCGGTTTCC	-2.584962500721156	4.1422259360400374e-14	7.91791191062939e-14	X1
GTCAATATCAATCATG	-3.4594316186372973	1.0029797609618065e-21	9.676970737184859e-21	X1
TATTTGCTCCCTCAAC	3.584962500721156	3.224844447881771e-24	1.2299758276999067e-22	X0
ATTGCAGGTTTGTGGA	-0.5849625007211561	0.017600100108852396	0.02004128955016733	X1
GATCACTAGTACTGGT	3.321928094887362	1.6042818341220015e-19	7.283419635012658e-19	X0
GAACACAAGACAAAGT	-2.0	6.564907761017925e-15	1.3424970548431796e-14	X1
CAAGTAACAGGACCAA	-4.087462841250339	6.26162256269268e-23	1.0840156507470095e-21	X1
TCAAACCAGATGGAGC	2.807354922057604	4.1422259360400374e-14	7.91791191062939e-14	X0
GGCCATCAGCAGGTGG	-2.807354922057604	9.556787680138532e-16	2.1356227092357177e-15	X1
GCAAGTGCAGTGAACG	-3.0	6.548999325035109e-12	1.0693048396261339e-11	X1
TATGGTCAGGAGGTTA	-2.0	9.157161244117683e-05	0.00011144738539251088	X1
GTCATTAAGATTGAGG	-3.0	4.1422259360400374e-14	7.91791191062939e-14	X1
CTTGACGAGCCTCTCG	-2.321928094887362	2.4127107519685975e-13	4.369011087207231e-13	X1
GCAAGTGCACAAAGCG	3.0	1.6042818341220015e-19	7.283419635012658e-19	X0
AAGAACAGTCTAGCTT	-2.807354922057604	6.564907761017925e-15	1.3424970548431796e-14	X1
GAGCGATAGGGACGCA	-2.700439718141092	1.0029797609618065e-21	9.676970737184859e-21	X1
CTCCAACTCACGCCAA	-2.584962500721156	6.564907761017925e-15	1.3424970548431796e-14	X1
ACAGTATGTACTAAAC	3.700439718141092	6.26162256269268e-23	1.0840156507470095e-21	X0
AACATAGCAGGTCCTG	3.169925001442312	1.363071866403019e-20	8.502363950314572e-20	X0
TCTTAGTTCGTGCTTC	-4.169925001442312	0.0017588208614850794	0.002060775226984838	X1
TGTTCATTCGGGATTT	-2.0	1.6080007647833168e-05	2.0063706935607818e-05	X1
TTGTGAGGTTAGGCGT	-2.0	0.0008949651957434264	0.001056728495393278	X1
GGAAGTATCTATGACA	-0.6780719051126378	2.346206306321115e-06	3.0232744644007614e-06	X1
ATCAAGCTCCCGCATT	-1.8073549220576042	4.1422259360400374e-14	7.91791191062939e-14	X1
ACCACATAGTAGGCGG	-2.169925001442312	1.6610244897268262e-18	5.822729697591934e-18	X1
CACAGGGAGGAACCGG	3.700439718141092	1.0029797609618065e-21	9.676970737184859e-21	X0
ATATGGTGTACCGTTT	3.9068905956085187	1.0029797609618065e-21	9.676970737184859e-21	X0
TGGTTGAGTTACATCC	-1.584962500721156	9.556787680138532e-16	2.1356227092357177e-15	X1
TGCTTCATCGAAGTGA	0.485426827170242	0.044313040057033834	0.04985472305080024	X0
TCGTCAACAGGACCAA	-3.807354922057604	3.224844447881771e-24	1.2299758276999067e-22	X1
GATTACGGTTCCGGGA	-3.0	1.2704266677461526e-16	3.218033375269829e-16	X1
TGATGAACAGAAATGC	4.0	1.6610244897268262e-18	5.822729697591934e-18	X0
AATGTCATCACAAGCT	-3.584962500721156	1.363071866403019e-20	8.502363950314572e-20	X1
CACTAGCCAGCTTACA	-2.807354922057604	9.556787680138532e-16	2.1356227092357177e-15	X1
TTGTCAAAGTGGCGGA	-2.584962500721156	1.5316450877189923e-17	4.472183802777584e-17	X1
TACCCGGCAGTAAAGC	-2.584962500721156	9.556787680138532e-16	2.1356227092357177e-15	X1
GCCACTAAGAACCTGT	-2.0	2.818141017102701e-07	3.7604312442133894e-07	X1
AAAGCTTGTAAAGCGG	-3.0	6.289575008339427e-06	7.975507841743658e-06	X1
ACCTGGTCAGCAGGTA	-2.584962500721156	6.564907761017925e-15	1.3424970548431796e-14	X1
TGAGGGCCAGCGCTTG	2.807354922057604	1.3029679093280502e-12	2.239820187795613e-12	X0
GTCGGTTCAAATGCCC	4.087462841250339	3.224844447881771e-24	1.2299758276999067e-22	X0
TTTCTCACAGCAACCT	2.807354922057604	1.6042818341220015e-19	7.283419635012658e-19	X0
TAGCAGGCACATACTG	-2.0	2.346206306321115e-06	3.0232744644007614e-06	X1
ATCGAGGCACATGCTA	-3.0	9.556787680138532e-16	2.1356227092357177e-15	X1
AGGTAACCACGGTACT	-1.3219280948873622	0.0060164878626817395	0.0069340164649698425	X1
GGGCGAATCCCAGTAG	-2.807354922057604	9.556787680138532e-16	2.1356227092357177e-15	X1
TAGGTTATCGGGACCT	-1.0	6.289575008339427e-06	7.975507841743658e-06	X1
AAGAATCAGTGCACGC	-2.584962500721156	3.9845364322713306e-27	1.9452506862348638e-24	X1
AGAGGATGTTAATCGG	-3.7548875021634682	1.363071866403019e-20	8.502363950314572e-20	X1
TTTGTGAAGCTAGAAG	-1.736965594166206	9.556787680138532e-16	2.1356227092357177e-15	X1
ATAGATGCATTAAAGG	-2.0	6.289575008339427e-06	7.975507841743658e-06	X1
CTCTGTTCATCGTTCT	-2.584962500721156	1.6610244897268262e-18	5.822729697591934e-18	X1
GTATTCAAGGCATGTT	-4.523561956057013	1.363071866403019e-20	8.502363950314572e-20	X1
TACAGCTAGTCCTGAG	3.321928094887362	1.6042818341220015e-19	7.283419635012658e-19	X0
GTGTTACAGTAACGGA	1.3219280948873622	0.0004368599184561862	0.0005205215071354787	X0
CGTTAGTAGTCATTAG	2.584962500721156	4.1422259360400374e-14	7.91791191062939e-14	X0
TGAGCACGTTAGACCA	-2.0	0.0017588208614850794	0.002060775226984838	X1
CAAGGTTTCCTAATGA	-2.0	1.6042818341220015e-19	7.283419635012658e-19	X1
CTGTTAAAGTATCGCG	-2.0	0.00020438858371340761	0.0002460120970633274	X1
TGCACTTGTCCTTTAA	-0.16992500144231215	0.9823998998911476	1.0	unknown
GTCTAGCCAGGCTTCG	-1.3219280948873622	1.3513812610243942e-10	2.061271604766015e-10	X1
CTGACATAGGCTACAT	-2.0	0.00020438858371340761	0.0002460120970633274	X1
GATTACGGTATTGGTG	-3.584962500721156	1.6042818341220015e-19	7.283419635012658e-19	X1
CTCTAGCTCGTTTCCA	-3.169925001442312	3.224844447881771e-24	1.2299758276999067e-22	X1
GACCTCAAGCGGATAA	-2.584962500721156	2.4127107519685975e-13	4.369011087207231e-13	X1
GTTAACGGTTTAAAGC	0.37851162325373	0.0966739522478214	0.1074269123385123	unknown
AACCTCACAAGTTATC	-2.700439718141092	1.6042818341220015e-19	7.283419635012658e-19	X1
GAAGGAACAACCGCCA	-3.169925001442312	1.6610244897268262e-18	5.822729697591934e-18	X1
TGTTGGCCATACCCGG	-3.169925001442312	1.6610244897268262e-18	5.822729697591934e-18	X1
GCTGTACCAAACTCAT	2.584962500721156	6.564907761017925e-15	1.3424970548431796e-14	X0
GGGATTAAGCGCCTTT	-3.700439718141092	1.5316450877189923e-17	4.472183802777584e-17	X1
AGGTATTGTGTTAAAC	-2.9068905956085187	1.363071866403019e-20	8.502363950314572e-20	X1
CCAAATCAGTTTGGTA	-2.321928094887362	1.3513812610243942e-10	2.061271604766015e-10	X1
AACCCGCAGTAGCGCC	-2.584962500721156	6.564907761017925e-15	1.3424970548431796e-14	X1
TGGTAAACATAGCTGC	4.0	1.363071866403019e-20	8.502363950314572e-20	X0
AAGGTATAGACTCGCA	-2.584962500721156	6.564907761017925e-15	1.3424970548431796e-14	X1
GGTGTCCAGTTGGCCA	-3.807354922057604	9.556787680138532e-16	2.1356227092357177e-15	X1
AGCGGATAGAGAAGGG	3.4594316186372973	1.5316450877189923e-17	4.472183802777584e-17	X0
CGATATTCAATGCCCG	3.0	1.6610244897268262e-18	5.822729697591934e-18	X0
ATTAGCTCACAACAGG	3.321928094887362	1.6610244897268262e-18	5.822729697591934e-18	X0
CTCCCTGAGTTGGGCC	-3.4594316186372973	6.26162256269268e-23	1.0840156507470095e-21	X1
AACCCGCAGTTACTTC	-2.584962500721156	6.564907761017925e-15	1.3424970548431796e-14	X1
GCGGAACCAGCTAACC	-1.3219280948873622	3.0739033075239876e-11	4.8429849227620825e-11	X1
TAGCTTGCAGAAATTG	3.169925001442312	9.556787680138532e-16	2.1356227092357177e-15	X0
ACGCACGGTTTGTCTA	-3.321928094887362	1.6042818341220015e-19	7.283419635012658e-19	X1
ACTAACCAGCACAGAA	3.0	1.2704266677461526e-16	3.218033375269829e-16	X0
AGTCCTGAGGCAATAG	-3.321928094887362	6.26162256269268e-23	1.0840156507470095e-21	X1
AGTGTTTCACCTGTAA	0.485426827170242	0.9823998998911476	1.0	unknown
TTTCCGGGTTAACAGT	-1.37851162325373	9.556787680138532e-16	2.1356227092357177e-15	X1
CCCTCATAGTAACAGG	-1.415037499278844	1.5316450877189923e-17	4.472183802777584e-17	X1
ACACTTAAGGCTACTG	1.3219280948873626	1.6042818341220015e-19	7.283419635012658e-19	X0
TCTTAGTTCATTACGA	-3.169925001442312	1.5316450877189923e-17	4.472183802777584e-17	X1
ACCACATAGCAACAAG	2.584962500721156	3.0739033075239876e-11	4.8429849227620825e-11	X0
GGCCATCAGTCATCCC	1.584962500721156	0.06660530960360693	0.07444302231795079	unknown
GAGGAGGCATTGTGAT	3.321928094887362	1.6042818341220015e-19	7.283419635012658e-19	X0
GAGGTGAGTGTTTGTC	-0.2630344058337939	0.30864970679462606	0.33430584275359365	unknown
GGCCATCAGCAAGGAC	-3.321928094887362	9.556787680138532e-16	2.1356227092357177e-15	X1
AGTAAACAGTAGCCAT	-2.584962500721156	9.556787680138532e-16	2.1356227092357177e-15	X1
AGCGGATAGGCGTAAA	3.0	6.564907761017925e-15	1.3424970548431796e-14	X0
GCTGTAAGTTTCGCCA	-3.9068905956085187	1.0029797609618065e-21	9.676970737184859e-21	X1
ATAAGCCTCAAGGACA	-3.584962500721156	1.2704266677461526e-16	3.218033375269829e-16	X1
TGTTCATTCGTTAAGC	-3.4594316186372973	1.5316450877189923e-17	4.472183802777584e-17	X1
ACGTCCTTCCGGCTAA	-3.0	9.556787680138532e-16	2.1356227092357177e-15	X1
TCAAGCTAGCAAGATG	-2.0	1.5316450877189923e-17	4.472183802777584e-17	X1
GATTCCTGTTGTTGTC	-2.169925001442312	1.363071866403019e-20	8.502363950314572e-20	X1
TGAACAGAGTAGGCGG	3.0	1.5316450877189923e-17	4.472183802777584e-17	X0
AACCTTGCATTATGGT	-2.584962500721156	6.564907761017925e-15	1.3424970548431796e-14	X1
GGACCGAAGTTCCCAC	-3.0	2.4127107519685975e-13	4.369011087207231e-13	X1
ATGTCCACACAGGATG	-3.169925001442312	1.6042818341220015e-19	7.283419635012658e-19	X1
GGAACAATCTTAGGAC	-3.0	1.363071866403019e-20	8.502363950314572e-20	X1
ATGTAACGTTGCGTAA	-1.8073549220576042	1.5316450877189923e-17	4.472183802777584e-17	X1
TCAAGCTAGTTAACCA	1.584962500721156	0.24205920680364573	0.26354439063679713	unknown
GGCTCACAGGGACTAA	-3.321928094887362	1.6042818341220015e-19	7.283419635012658e-19	X1
GAACCTTAGTTATCTC	3.321928094887362	3.224844447881771e-24	1.2299758276999067e-22	X0
CGTAGCGGTGAGGTGA	2.115477217419936	2.756790387925026e-08	3.824929141867178e-08	X0
AATGTCATCAATCTCT	-2.0	6.289575008339427e-06	7.975507841743658e-06	X1
TTAGCAGGTACCTTAC	-3.321928094887362	9.556787680138532e-16	2.1356227092357177e-15	X1
GTTTAACCACGGTTTA	-1.0	9.050013106514627e-08	1.228419758647018e-07	X1
CAGGGTGAGTGGACAA	0.84799690655495	0.028443966820490392	0.032198974961578475	X0
ACTAACCAGGATAAAC	-2.0	1.6080007647833168e-05	2.0063706935607818e-05	X1
ACGGTTAGTTCCGGGA	4.0	1.5316450877189923e-17	4.472183802777584e-17	X0
TCGGTTTGTTAAGCGC	-3.700439718141092	6.26162256269268e-23	1.0840156507470095e-21	X1
ACTCGCGCATAAGGAC	2.169925001442312	2.4127107519685975e-13	4.369011087207231e-13	X0
CATCACACAGGAAGCC	-3.321928094887362	1.6042818341220015e-19	7.283419635012658e-19	X1
GATGCAGCAAGTGTTT	-1.584962500721156	1.3029679093280502e-12	2.239820187795613e-12	X1
AACTAGTGTTTAAAGC	-4.459431618637297	1.0029797609618065e-21	9.676970737184859e-21	X1
AAAGCAAGTTAGGCTA	-0.8073549220576042	7.952664236893068e-09	1.1284123271995337e-08	X1
TGCAGGCTCCGCTAGA	-2.584962500721156	1.3029679093280502e-12	2.239820187795613e-12	X1
GGTTAGCGTAAAGCGG	3.321928094887362	1.5316450877189923e-17	4.472183802777584e-17	X0
AATTAGGCATTCCTCG	-3.4594316186372973	6.26162256269268e-23	1.0840156507470095e-21	X1
CATAGACTCACGTTAA	2.0	9.050013106514627e-08	1.228419758647018e-07	X0
TGTAATGTCGAGGTGG	2.0	4.1422259360400374e-14	7.91791191062939e-14	X0
TTTCACCCAGAGAGCC	0.3219280948873622	0.028443966820490392	0.032198974961578475	X0
GCTAACAGTAGCAGCT	-2.584962500721156	6.548999325035109e-12	1.0693048396261339e-11	X1
AACAGATAGCAACAAG	4.0	1.0029797609618065e-21	9.676970737184859e-21	X0
AGGATGTCAGATAGAC	-1.584962500721156	0.01048936783892586	0.011996507993823844	X1
GCCCATAAGACTAAGG	-2.0	0.00020438858371340761	0.0002460120970633274	X1
GAGTCATTCATGCATA	-3.0	9.556787680138532e-16	2.1356227092357177e-15	X1
CTTTAGTTCGCTAGCA	-3.700439718141092	1.5316450877189923e-17	4.472183802777584e-17	X1
TCACCTGGTCACGGAT	2.807354922057604	1.3029679093280502e-12	2.239820187795613e-12	X0
CGTTTGGAGAGGAGGA	2.807354922057604	2.4127107519685975e-13	4.369011087207231e-13	X0
CTGGCTAAGGCCTAAT	1.584962500721156	6.564907761017925e-15	1.3424970548431796e-14	X0
CGTAATGGTCCCGAAG	3.321928094887362	1.2704266677461526e-16	3.218033375269829e-16	X0
ATATGCTCACTTCACT	-3.0	1.2704266677461526e-16	3.218033375269829e-16	X1
GTTAATGTCTTGCATT	2.9068905956085187	1.5316450877189923e-17	4.472183802777584e-17	X0
CTAATCTTCGCTAAAC	2.807354922057604	1.6610244897268262e-18	5.822729697591934e-18	X0
TGTTGGCCACTTCATC	-2.0	9.556787680138532e-16	2.1356227092357177e-15	X1
TAGCTTAAGCTAAGTC	-1.584962500721156	0.46020538130641053	0.49191125489809434	unknown
CAACCGGGTTCGCGCT	-0.37851162325373	3.925069822796835e-05	4.843013700478723e-05	X1
AGGTTGCGTATTACCC	-3.9068905956085187	1.6610244897268262e-18	5.822729697591934e-18	X1
AACATAGCATTAAACC	-2.584962500721156	1.6042818341220015e-19	7.283419635012658e-19	X1
GATTAGTGTTGGTTGA	1.0641303374197157	6.564907761017925e-15	1.3424970548431796e-14	X0
TCTTTGTAGGAGCAAC	2.0	3.925069822796835e-05	4.843013700478723e-05	X0
CAGCATTAGGTCCAAT	2.807354922057604	1.6610244897268262e-18	5.822729697591934e-18	X0
AATAGAGGTATTGAGT	-2.0	9.157161244117683e-05	0.00011144738539251088	X1
GTACTGGTCATAGACC	2.807354922057604	9.556787680138532e-16	2.1356227092357177e-15	X0
AGTCCTTGTATTGGTG	-3.4594316186372973	1.0029797609618065e-21	9.676970737184859e-21	X1
GCAGGACCAACCTGGT	-2.0	0.017600100108852396	0.02004128955016733	X1
AAGACCAAGGTTTGAC	-3.700439718141092	1.0029797609618065e-21	9.676970737184859e-21	X1
TGTGGCCAGGTAAGGC	1.584962500721156	0.6178232827986665	0.6536145478091064	unknown
GGCATTAGTTGTTGCT	2.0	1.2704266677461526e-16	3.218033375269829e-16	X0
CTTGTAAAGCTGTACG	0.0	1.0	1.0	unknown
GCATATATCGCAATCG	-3.0	4.1422259360400374e-14	7.91791191062939e-14	X1
CAGGAAGGTTACGCAA	-2.0	3.925069822796835e-05	4.843013700478723e-05	X1
TAATGGACAATCTCTC	-2.584962500721156	1.5316450877189923e-17	4.472183802777584e-17	X1
TCCTGGTTCGCAAACT	-3.247927513443585	6.26162256269268e-23	1.0840156507470095e-21	X1
AGCACTTAGTTGTCCC	-2.4594316186372973	9.556787680138532e-16	2.1356227092357177e-15	X1
CTACCGGCACGCAACT	-3.4594316186372973	9.556787680138532e-16	2.1356227092357177e-15	X1
CCCTCATAGTAACGAG	0.485426827170242	2.346206306321115e-06	3.0232744644007614e-06	X0
CCATCATGTTATCCGT	2.9068905956085187	9.556787680138532e-16	2.1356227092357177e-15	X0
CACAGGCTCACTTTAC	-2.0	2.756790387925026e-08	3.824929141867178e-08	X1
ACTAGGCGTCAGGAAG	-1.584962500721156	0.06660530960360693	0.07444302231795079	unknown
TTATCCGTCGACAAAG	-3.6438561897747244	1.6610244897268262e-18	5.822729697591934e-18	X1
AGGGCTACAGGCAAGC	1.736965594166206	9.556787680138532e-16	2.1356227092357177e-15	X0
TCCTGTTCAGCTCATA	-1.0	7.952664236893068e-09	1.1284123271995337e-08	X1
TAATGGACATGCAACC	-3.321928094887362	1.0029797609618065e-21	9.676970737184859e-21	X1
GTGCTGATCACAAGCT	0.0	1.0	1.0	unknown
CTACTAAAGAACAAGT	2.807354922057604	1.3513812610243942e-10	2.061271604766015e-10	X0
ACCACATAGTCACGAT	2.169925001442312	1.363071866403019e-20	8.502363950314572e-20	X0
TGGTCCTTCAGTGAAG	-2.584962500721156	1.6610244897268262e-18	5.822729697591934e-18	X1
TGCTTGCTCTTAGTGA	-2.321928094887362	1.6610244897268262e-18	5.822729697591934e-18	X1
CGTAGTTAGTATTGCA	-1.3219280948873622	9.050013106514627e-08	1.228419758647018e-07	X1
GTTCTTGTCGTTACAA	-1.4594316186372973	1.6610244897268262e-18	5.822729697591934e-18	X1
CAAGGTAAGTGTTGCG	2.584962500721156	6.548999325035109e-12	1.0693048396261339e-11	X0
CGTGCTGCATGAATAG	-2.584962500721156	1.2704266677461526e-16	3.218033375269829e-16	X1
TGTTTGTTCAATCTCT	-4.0	1.2704266677461526e-16	3.218033375269829e-16	X1
GCTTTGTGTCCGTGAG	-2.0	7.952664236893068e-09	1.1284123271995337e-08	X1
ACTTACAAGTTGTCAA	-2.321928094887362	1.6042818341220015e-19	7.283419635012658e-19	X1
TGTCAGTAGCAACATC	-3.0	1.5316450877189923e-17	4.472183802777584e-17	X1
GGCCTCTGTGGAAGGC	-2.584962500721156	5.579544528625976e-10	8.284469704608276e-10	X1
ACTTGAATCAGGAACA	-2.807354922057604	2.4127107519685975e-13	4.369011087207231e-13	X1
GGTTTCTGTTACTTCA	-2.584962500721156	6.564907761017925e-15	1.3424970548431796e-14	X1
CTAGTAGGTTAACGAT	-4.0	1.6610244897268262e-18	5.822729697591934e-18	X1
CAGCTATAGACAGGTA	1.925999418556223	6.26162256269268e-23	1.0840156507470095e-21	X0
ACACTAGGTGTGTCCC	-2.321928094887362	6.564907761017925e-15	1.3424970548431796e-14	X1
ACAAACTGTCTTTGAC	-3.087462841250339	1.0029797609618065e-21	9.676970737184859e-21	X1
TGCACCTTCCGCAAGC	-2.584962500721156	5.579544528625976e-10	8.284469704608276e-10	X1
TTCAGCACATTGCGGT	-3.0	1.2704266677461526e-16	3.218033375269829e-16	X1
GCCTGCTGTGCAATAT	0.0	1.0	1.0	unknown
TCGTTACGTGAGCAAG	-1.0	2.756790387925026e-08	3.824929141867178e-08	X1
GCACGGTTCCCATAAA	2.9068905956085187	3.224844447881771e-24	1.2299758276999067e-22	X0
TTGTGCCTCAACCAAC	0.0	1.0	1.0	unknown
TAGGGTTTCCTGGTGA	-2.807354922057604	1.5316450877189923e-17	4.472183802777584e-17	X1
ATGAGCCGTAGCTAAT	-3.4594316186372973	1.363071866403019e-20	8.502363950314572e-20	X1
AGAACAAGTTCAAGAT	-2.584962500721156	9.556787680138532e-16	2.1356227092357177e-15	X1
AGAACAAGTCATTACC	-2.700439718141092	9.556787680138532e-16	2.1356227092357177e-15	X1
TCCACAACATGCTTAG	-2.0	2.346206306321115e-06	3.0232744644007614e-06	X1
TATATCCTCACCGGTA	-3.169925001442312	3.224844447881771e-24	1.2299758276999067e-22	X1
TATTTGCTCTCACAAA	-3.4594316186372973	1.363071866403019e-20	8.502363950314572e-20	X1
AGGAAACGTCACCAAA	-4.0	1.363071866403019e-20	8.502363950314572e-20	X1
AGACCCGGTGTGCAAC	4.247927513443585	2.818141017102701e-07	3.7604312442133894e-07	X0
GGCTAGTGTGAGCGAA	1.0	0.0060164878626817395	0.0069340164649698425	X0
AAGCGAGGTCCTAGTT	-1.0	2.818141017102701e-07	3.7604312442133894e-07	X1
TCGTTACGTCTTACTA	-2.321928094887362	4.1422259360400374e-14	7.91791191062939e-14	X1
ACGGTTAGTTGTCCAT	-3.321928094887362	1.2704266677461526e-16	3.218033375269829e-16	X1
ATCCGTGAGCAAGGGT	-2.807354922057604	9.556787680138532e-16	2.1356227092357177e-15	X1
TGATGACTCTAACCAA	0.917537839808027	2.1686833167108188e-09	3.137350440196232e-09	X0
CAACAGGCATTAAGCT	1.584962500721156	6.548999325035109e-12	1.0693048396261339e-11	X0
CATGCATAGTATCGCG	3.4594316186372973	1.363071866403019e-20	8.502363950314572e-20	X0
CCATAATCATTGCGGT	-2.807354922057604	1.5316450877189923e-17	4.472183802777584e-17	X1
TTACACCGTATTGTCC	-1.8073549220576042	6.548999325035109e-12	1.0693048396261339e-11	X1
CGGTAACGTTCATTTG	-3.700439718141092	3.224844447881771e-24	1.2299758276999067e-22	X1
CAGGACCTCAGAAACG	-2.169925001442312	4.1422259360400374e-14	7.91791191062939e-14	X1
GCGATTTAGCGGGCAA	-0.2223924213364481	0.18410080866334788	0.2023975712117845	unknown
GCCAACATCATGCGTG	2.321928094887362	1.3513812610243942e-10	2.061271604766015e-10	X0
GCTATCCTCCAAGTTA	3.0	1.363071866403019e-20	8.502363950314572e-20	X0
CGAGGCAAGGTTAGCT	-3.321928094887362	1.0029797609618065e-21	9.676970737184859e-21	X1
TTTCCTGAGGCTCATG	-1.584962500721156	0.46020538130641053	0.49191125489809434	unknown
TCGGTTCTCGAAGTGA	3.700439718141092	3.0739033075239876e-11	4.8429849227620825e-11	X0
TGTGCTGAGGTGAAAT	-3.169925001442312	1.6042818341220015e-19	7.283419635012658e-19	X1
TATTCGTTCCTCGATC	-3.700439718141092	1.3154334480650894e-25	1.437749125400097e-23	X1
CTAACCACAAGCTTTG	-3.807354922057604	1.5316450877189923e-17	4.472183802777584e-17	X1
CAACAGGCATTGCGAC	-2.807354922057604	6.564907761017925e-15	1.3424970548431796e-14	X1
TATGACATCTTAGTGA	-3.321928094887362	1.2704266677461526e-16	3.218033375269829e-16	X1
GACGCCTAGGTTACGT	-1.584962500721156	0.30864970679462606	0.33430584275359365	unknown
TGACTTAAGTCACTAA	-3.584962500721156	1.0029797609618065e-21	9.676970737184859e-21	X1
AGGTTGCGTATGTGGC	-3.4594316186372973	1.363071866403019e-20	8.502363950314572e-20	X1
ACGTCCTTCAGCAAAG	-3.4594316186372973	1.5316450877189923e-17	4.472183802777584e-17	X1
GGTACTAGTTGTAACG	-3.4594316186372973	2.4127107519685975e-13	4.369011087207231e-13	X1
TAGACCAGTAATGACT	3.0	1.363071866403019e-20	8.502363950314572e-20	X0
ACCAAGTTCCGGTTAG	4.0	1.6610244897268262e-18	5.822729697591934e-18	X0
ATAATGGCACCTCACC	4.0	1.6610244897268262e-18	5.822729697591934e-18	X0
AACAGATAGAAAGCAT	3.584962500721156	1.363071866403019e-20	8.502363950314572e-20	X0
ATGTAAGCACAGGATG	-1.3219280948873622	9.050013106514627e-08	1.228419758647018e-07	X1
TCGTCAACATCATGTG	-2.807354922057604	6.564907761017925e-15	1.3424970548431796e-14	X1
AAACATGCACCTGGTG	-1.0	1.6080007647833168e-05	2.0063706935607818e-05	X1
CCGTTATGTCGTAATG	-2.807354922057604	9.556787680138532e-16	2.1356227092357177e-15	X1
CTATGGCCATCTTGAG	2.0	9.556787680138532e-16	2.1356227092357177e-15	X0
GTACTTAAGACACTTA	3.169925001442312	2.4127107519685975e-13	4.369011087207231e-13	X0
GTAAGCTTCCTTGCGT	-1.3219280948873622	9.050013106514627e-08	1.228419758647018e-07	X1
AGTTGCGTCACGCGGT	0.84799690655495	2.346206306321115e-06	3.0232744644007614e-06	X0
CTTAGGAGTATGGTGC	-4.087462841250339	1.6042818341220015e-19	7.283419635012658e-19	X1
GTAAGCTTCACCATTT	-2.807354922057604	2.1686833167108188e-09	3.137350440196232e-09	X1
CATCACACACCCTCAC	-1.3219280948873622	7.952664236893068e-09	1.1284123271995337e-08	X1
AGGAGCTAGTGAGGTA	-2.0	0.0008949651957434264	0.001056728495393278	X1
TTGATGTCAGGTTATT	-1.3219280948873626	6.564907761017925e-15	1.3424970548431796e-14	X1
GGTTAATGTAAAGCGG	-2.584962500721156	6.548999325035109e-12	1.0693048396261339e-11	X1
CTGGCTAAGACTTACA	2.584962500721156	4.1422259360400374e-14	7.91791191062939e-14	X0
TGCCTGTTCGTTATAG	-1.3219280948873622	5.579544528625976e-10	8.284469704608276e-10	X1
TATCCAGCAGGCGAGT	2.0	6.289575008339427e-06	7.975507841743658e-06	X0
TGCTCCGTCGGCCAGT	3.321928094887362	1.2704266677461526e-16	3.218033375269829e-16	X0
ACGTCAAGTTCCTGAT	-2.584962500721156	5.579544528625976e-10	8.284469704608276e-10	X1
GGAACTAAGGTGAAAT	3.700439718141092	3.224844447881771e-24	1.2299758276999067e-22	X0
CCAACCAAGTATCGCG	-3.0	9.556787680138532e-16	2.1356227092357177e-15	X1
CGGAGTCTCATTACGA	-3.321928094887362	1.0029797609618065e-21	9.676970737184859e-21	X1
CAACCGGGTGAGCACT	-2.0	2.346206306321115e-06	3.0232744644007614e-06	X1
CTACAACAGGTGCGGA	-1.584962500721156	0.06660530960360693	0.07444302231795079	unknown
GTCATCACAGGGAGCT	-2.321928094887362	7.952664236893068e-09	1.1284123271995337e-08	X1
GTACTAGGTGCCTCAC	-1.8744691179161412	6.548999325035109e-12	1.0693048396261339e-11	X1
TGAGCACGTACCTTAC	-3.584962500721156	1.0029797609618065e-21	9.676970737184859e-21	X1
GAACGAATCATGTCAA	-2.0	6.289575008339427e-06	7.975507841743658e-06	X1
TGCAGGCTCTCACATT	-2.169925001442312	1.6610244897268262e-18	5.822729697591934e-18	X1
TTCCTTCTCGCGACAC	1.8073549220576042	2.4127107519685975e-13	4.369011087207231e-13	X0
CTCTTGATCTGTGAGT	-2.584962500721156	7.952664236893068e-09	1.1284123271995337e-08	X1
TACATCAAGTCACTAA	4.321928094887363	1.0029797609618065e-21	9.676970737184859e-21	X0
ACCCAGGGTTGGTTCT	3.9068905956085187	1.6042818341220015e-19	7.283419635012658e-19	X0
CATGCAAGTCAAGTGC	3.584962500721156	1.6042818341220015e-19	7.283419635012658e-19	X0
TCAGGAGCATTGTCCT	3.0	2.4127107519685975e-13	4.369011087207231e-13	X0
TGAGCAAAGTCCTTTG	-2.807354922057604	6.548999325035109e-12	1.0693048396261339e-11	X1
CGTGGTTCACAACCTA	-2.0	9.157161244117683e-05	0.00011144738539251088	X1
TATAGCCAGTCACCTC	-3.4594316186372973	1.0029797609618065e-21	9.676970737184859e-21	X1
AGTAACCTCGGGCCAT	-3.169925001442312	1.363071866403019e-20	8.502363950314572e-20	X1
CTAAGGTTCTATTGTC	2.137503523749935	1.363071866403019e-20	8.502363950314572e-20	X0
TCGGTTTGTAAGGTCC	-3.4594316186372973	1.6610244897268262e-18	5.822729697591934e-18	X1
TCAGTAGGTATTGTGG	3.169925001442312	1.6042818341220015e-19	7.283419635012658e-19	X0
CATGGATTCGGTAACT	2.584962500721156	3.0739033075239876e-11	4.8429849227620825e-11	X0
CTTCATCCATAGACTT	-4.247927513443585	1.6042818341220015e-19	7.283419635012658e-19	X1
TTTATGGAGGTCCTGA	-2.584962500721156	6.548999325035109e-12	1.0693048396261339e-11	X1
CCTGTAACACCAACCG	3.584962500721156	0.0008949651957434264	0.001056728495393278	X0
CCATCACTCATTACAG	-3.4594316186372973	6.26162256269268e-23	1.0840156507470095e-21	X1
GCGGGTTTCGGCTATG	-3.584962500721156	1.363071866403019e-20	8.502363950314572e-20	X1
GTCTTTAGTGCAATAT	-2.0	0.0008949651957434264	0.001056728495393278	X1
TATTAGGTCGAGGAAC	-3.584962500721156	3.224844447881771e-24	1.2299758276999067e-22	X1
GCTCCTTAGACTATTG	-2.584962500721156	5.579544528625976e-10	8.284469704608276e-10	X1
TTTCTCACACAATTAC	-2.584962500721156	1.3029679093280502e-12	2.239820187795613e-12	X1
GTTCTCATCGAAGTAG	0.0	1.0	1.0	unknown
TTAGTCAAGGAAGTAT	2.584962500721156	2.4127107519685975e-13	4.369011087207231e-13	X0
ACCTTCATCATTATGG	-2.4594316186372973	1.6042818341220015e-19	7.283419635012658e-19	X1
CCTGAATAGTAGCGGG	-2.584962500721156	2.818141017102701e-07	3.7604312442133894e-07	X1
TTGCAAGGTGCTTTAC	-1.1699250014423122	2.4127107519685975e-13	4.369011087207231e-13	X1
CTAGGACGTTAGTACG	-2.584962500721156	9.050013106514627e-08	1.228419758647018e-07	X1
GAGTAATAGGTAAGGC	-3.4594316186372973	1.2704266677461526e-16	3.218033375269829e-16	X1
CTTCTCAAGCATGCAT	2.807354922057604	1.6610244897268262e-18	5.822729697591934e-18	X0
CTCCCTGAGGATAAAC	-3.807354922057604	1.363071866403019e-20	8.502363950314572e-20	X1
ATCCATAAGGCATTAC	-1.0	4.1422259360400374e-14	7.91791191062939e-14	X1
GAGAGGCGTATGTGGC	-2.0	1.6080007647833168e-05	2.0063706935607818e-05	X1
AATATCCCATTATGGT	4.169925001442312	1.6610244897268262e-18	5.822729697591934e-18	X0
CCTAAAGGTACCGGAT	0.485426827170242	0.06660530960360693	0.07444302231795079	unknown
CAGCTAAGTTCACTGT	-3.0	4.1422259360400374e-14	7.91791191062939e-14	X1
TAGCGGCTCCTAAGAC	3.0	1.0029797609618065e-21	9.676970737184859e-21	X0
CGACCTGCATCTTGAG	-3.700439718141092	1.6042818341220015e-19	7.283419635012658e-19	X1
AACTAGTGTCTATCGT	-3.169925001442312	1.2704266677461526e-16	3.218033375269829e-16	X1
CCTAATCGTGAGGTAG	3.169925001442312	1.6610244897268262e-18	5.822729697591934e-18	X0
AAATCCGGTTTGGGCG	-2.584962500721156	6.564907761017925e-15	1.3424970548431796e-14	X1
GGTGAGCCAGGCCATT	2.584962500721156	3.0739033075239876e-11	4.8429849227620825e-11	X0
GTCCGTAAGCACCACA	-2.584962500721156	1.2704266677461526e-16	3.218033375269829e-16	X1
ACACTAATCAGCTAAC	-2.807354922057604	6.564907761017925e-15	1.3424970548431796e-14	X1
GTCATCACAAACTGCC	-3.4594316186372973	6.564907761017925e-15	1.3424970548431796e-14	X1
TATTTGCTCTAACCTT	3.4594316186372973	1.0029797609618065e-21	9.676970737184859e-21	X0
GGATGGCCAAGCCAGA	-2.807354922057604	4.1422259360400374e-14	7.91791191062939e-14	X1
TTGGAGGCACCTATAG	-3.321928094887362	4.1422259360400374e-14	7.91791191062939e-14	X1
ACCTAAGGTCAATAGT	2.584962500721156	1.3029679093280502e-12	2.239820187795613e-12	X0
ATGGCCCAGACTCGCA	2.584962500721156	1.5316450877189923e-17	4.472183802777584e-17	X0
AGCTATATCTGTGCAG	1.5849625007211565	6.564907761017925e-15	1.3424970548431796e-14	X0
ATTCATGAGCAGCTCA	-3.0	1.6042818341220015e-19	7.283419635012658e-19	X1
TACCTCATCTAGCGTG	3.321928094887362	9.556787680138532e-16	2.1356227092357177e-15	X0
GTGAACAAGTAAGTGG	-2.321928094887362	2.756790387925026e-08	3.824929141867178e-08	X1
CTGATCACAAGTGAAC	-3.4594316186372973	1.3029679093280502e-12	2.239820187795613e-12	X1
CCAGGATGTCACTCGC	-3.9068905956085187	1.363071866403019e-20	8.502363950314572e-20	X1
GTGGCTTCAGGCTAAG	-3.169925001442312	1.0029797609618065e-21	9.676970737184859e-21	X1
CCAAGGCTCTCAATAG	0.84799690655495	1.6080007647833168e-05	2.0063706935607818e-05	X0
GTGCACGGTCATCATC	-3.321928094887362	9.556787680138532e-16	2.1356227092357177e-15	X1
ATAAGTCGTTTACTTG	-3.807354922057604	6.26162256269268e-23	1.0840156507470095e-21	X1
GTGCGCAGTAACAGGG	4.321928094887363	1.363071866403019e-20	8.502363950314572e-20	X0
TCACGGATCTTGATGA	-3.0	1.5316450877189923e-17	4.472183802777584e-17	X1
AGCTACGTCTTACTCG	-1.736965594166206	6.564907761017925e-15	1.3424970548431796e-14	X1
GATAATCGTAATCACG	-3.4594316186372973	1.5316450877189923e-17	4.472183802777584e-17	X1
ACGCCTTTCAAGCTTA	2.321928094887362	7.952664236893068e-09	1.1284123271995337e-08	X0
CTTAGTTTCAAACCGT	-2.0	0.0017588208614850794	0.002060775226984838	X1
AGTAACACAGCAGGTA	3.169925001442312	1.3513812610243942e-10	2.061271604766015e-10	X0
TATGCATCAGCCTGCA	-4.857980995127572	1.3154334480650894e-25	1.437749125400097e-23	X1
GCTGTGCAGCGATAAG	-2.807354922057604	6.564907761017925e-15	1.3424970548431796e-14	X1
CAAACACTCAACCAAC	-0.4474589769712214	0.0017588208614850794	0.002060775226984838	X1
ACCAGGACACCTGTAA	-2.4594316186372973	9.556787680138532e-16	2.1356227092357177e-15	X1
GTATTGCAGCAGGTGG	-3.700439718141092	2.756790387925026e-08	3.824929141867178e-08	X1
AGCGTGCTCGCAACAT	0.0	1.0	1.0	unknown
TGCTATGCAGCTTAAT	4.459431618637297	1.0029797609618065e-21	9.676970737184859e-21	X0
CAAGACAAGCTCCTAC	2.807354922057604	9.556787680138532e-16	2.1356227092357177e-15	X0
GTTTAACCATCTTGAG	-3.321928094887362	1.5316450877189923e-17	4.472183802777584e-17	X1
GCACTAAGTAATAGCT	-2.0	8.336813247250504e-07	1.0917468420889744e-06	X1
CCGCCAACATAGCGGA	-2.321928094887362	1.3513812610243942e-10	2.061271604766015e-10	X1
GTGTAACTCACTAGGT	-3.4594316186372973	9.556787680138532e-16	2.1356227092357177e-15	X1
CACTTAAAGGCAGGTG	3.0	4.1422259360400374e-14	7.91791191062939e-14	X0
GGTGTCCAGAACAAGT	-1.584962500721156	1.3513812610243942e-10	2.061271604766015e-10	X1
ATTACGTCAAGGTGCA	-0.8073549220576042	8.336813247250504e-07	1.0917468420889744e-06	X1
CGAATATGTCTTGCAT	-0.5849625007211561	2.756790387925026e-08	3.824929141867178e-08	X1
TCTAAGGGTTCGCGCT	-2.584962500721156	1.2704266677461526e-16	3.218033375269829e-16	X1
CCTAATCGTTCCGGCT	-0.5849625007211561	0.30864970679462606	0.33430584275359365	unknown
CTTTAGTTCCTACCTA	-2.321928094887362	1.6042818341220015e-19	7.283419635012658e-19	X1
TGTGATCAGCATGTTA	2.584962500721156	6.564907761017925e-15	1.3424970548431796e-14	X0
AGTGTGGCAAACTGTT	-3.0	1.5316450877189923e-17	4.472183802777584e-17	X1
TAGTCAATCGGCCATA	-1.222392421336448	9.556787680138532e-16	2.1356227092357177e-15	X1
TGTTCATTCTTGCAAA	-1.584962500721156	0.017600100108852396	0.02004128955016733	X1
ACCAGCTCAACTGGGA	1.584962500721156	0.06660530960360693	0.07444302231795079	unknown
CTAAGTCAGGCATGAA	-0.5849625007211561	1.6080007647833168e-05	2.0063706935607818e-05	X1
TACTGCACAAGGAATC	-3.087462841250339	5.579544528625976e-10	8.284469704608276e-10	X1
CGAAGGCCATTAAGCT	-3.9068905956085187	1.363071866403019e-20	8.502363950314572e-20	X1
GATTAGTGTACTTCAC	-3.169925001442312	6.564907761017925e-15	1.3424970548431796e-14	X1
GGACGAAGTCACCTAT	-1.8073549220576042	6.564907761017925e-15	1.3424970548431796e-14	X1
CGGCTCACACAAAGAC	-2.169925001442312	1.6610244897268262e-18	5.822729697591934e-18	X1
TTCACTGTCAGGCTAT	3.0	6.548999325035109e-12	1.0693048396261339e-11	X0
ATCACTAAGCTGTACG	-3.584962500721156	1.6042818341220015e-19	7.283419635012658e-19	X1
TGGATTGGTGCAATGC	-1.0	6.289575008339427e-06	7.975507841743658e-06	X1
CCTAAGTAGTTTGGGT	-1.3219280948873622	9.157161244117683e-05	0.00011144738539251088	X1
ACCAATATCATTAGCA	0.24100809950379487	0.38217671720133345	0.41102659716042955	unknown
GTAAGCGCAATAAGCA	-4.247927513443585	1.363071866403019e-20	8.502363950314572e-20	X1
GTTCCTGGTTAAGCCA	-1.584962500721156	0.0966739522478214	0.1074269123385123	unknown
GCTCATTGTCATTGAG	-2.321928094887362	1.6080007647833168e-05	2.0063706935607818e-05	X1
CGTTAGGTCAATGTGC	-1.8073549220576042	9.556787680138532e-16	2.1356227092357177e-15	X1
GCAGGACCACGCAACT	-3.807354922057604	1.5316450877189923e-17	4.472183802777584e-17	X1
GGGCTAACATAAGTTC	-3.321928094887362	1.5316450877189923e-17	4.472183802777584e-17	X1
TGAAGTGAGGAGTAAT	0.0	1.0	1.0	unknown
GTCCTCCCAATCGCAC	-2.807354922057604	9.556787680138532e-16	2.1356227092357177e-15	X1
CATATCGCAGGCCATT	-2.4594316186372973	1.5316450877189923e-17	4.472183802777584e-17	X1
AGGTTGCGTTTAACGG	0.4150374992788439	0.06660530960360693	0.07444302231795079	unknown
GCGGAACCAACTCGCG	-2.321928094887362	2.1686833167108188e-09	3.137350440196232e-09	X1
CAACTAGGTCTTGCTG	-2.321928094887362	8.336813247250504e-07	1.0917468420889744e-06	X1
AGACTATGTGATCAGC	3.0	1.0029797609618065e-21	9.676970737184859e-21	X0
GACTCACCAAGGTCCT	-2.9068905956085187	1.6042818341220015e-19	7.283419635012658e-19	X1
TCATGCCTCCCGTTTA	2.0	2.346206306321115e-06	3.0232744644007614e-06	X0
GGCCATCAGTTATCCT	-2.807354922057604	4.1422259360400374e-14	7.91791191062939e-14	X1
TAGTAACGTACCTTAC	3.9068905956085187	1.2704266677461526e-16	3.218033375269829e-16	X0
GATCAGTTCGGCCATA	-3.321928094887362	1.5316450877189923e-17	4.472183802777584e-17	X1
TGTTTGTTCGATATTG	1.3219280948873622	5.579544528625976e-10	8.284469704608276e-10	X0
CGGCAATGTCCTAAGA	-1.3219280948873622	3.0739033075239876e-11	4.8429849227620825e-11	X1
TGCTAACAGTTTCCTG	2.584962500721156	3.0739033075239876e-11	4.8429849227620825e-11	X0
AGAATCGAGGGATTAG	-2.807354922057604	1.6610244897268262e-18	5.822729697591934e-18	X1
GCATGAGCACGAATCC	-1.0	0.003318560257963064	0.003849487845566849	X1
CTCGCTAGTTGTGACA	-3.807354922057604	1.6610244897268262e-18	5.822729697591934e-18	X1
AGAGGATGTATGTGGC	-2.807354922057604	2.4127107519685975e-13	4.369011087207231e-13	X1
AATGGCGCATGAGTTT	2.0	1.3513812610243942e-10	2.061271604766015e-10	X0
TCACTGACACCGTTCC	-4.247927513443585	3.224844447881771e-24	1.2299758276999067e-22	X1
AATCGCCCAATTGAGA	2.584962500721156	2.1686833167108188e-09	3.137350440196232e-09	X0
GGGAATATCTTCAATC	3.584962500721156	1.6610244897268262e-18	5.822729697591934e-18	X0
GTCGCAATCCTAAATG	-2.321928094887362	2.756790387925026e-08	3.824929141867178e-08	X1
TTGACTAAGGACGTAA	-1.0	6.564907761017925e-15	1.3424970548431796e-14	X1
GCACGCTAGTGAACGA	-2.169925001442312	9.556787680138532e-16	2.1356227092357177e-15	X1
GCTTGTTGTTACATCC	-1.0	0.003318560257963064	0.003849487845566849	X1
AGGGCTACAAAGCTAA	-1.0	0.0017588208614850794	0.002060775226984838	X1
TACTAAGTCTTAATGG	-2.0	1.6080007647833168e-05	2.0063706935607818e-05	X1
ATTCACTTCCTGGTCT	1.8073549220576042	1.5316450877189923e-17	4.472183802777584e-17	X0
ATAGCATGTTGTTGTC	-1.8073549220576042	1.6042818341220015e-19	7.283419635012658e-19	X1
CCCAAATAGGTGCGGA	-2.584962500721156	6.564907761017925e-15	1.3424970548431796e-14	X1
CAACTAATCACGTTAA	-3.4594316186372973	1.2704266677461526e-16	3.218033375269829e-16	X1
GAGATAAGTTAACGGC	3.4594316186372973	6.564907761017925e-15	1.3424970548431796e-14	X0
ACACTAGGTTAGGCGT	3.0	1.3029679093280502e-12	2.239820187795613e-12	X0
TGTTGCACAGGAACAT	-2.584962500721156	1.2704266677461526e-16	3.218033375269829e-16	X1
GCCTCAAAGCCTCTGT	-1.1699250014423122	9.556787680138532e-16	2.1356227092357177e-15	X1
CGAATATGTGACATGC	-2.0	0.00020438858371340761	0.0002460120970633274	X1
GTTGCTGAGCGAGTAA	3.169925001442312	9.556787680138532e-16	2.1356227092357177e-15	X0
GGTTGGTGTCTAACCT	2.169925001442312	9.556787680138532e-16	2.1356227092357177e-15	X0
AATTGGGAGCAGGTGG	-1.584962500721156	2.4127107519685975e-13	4.369011087207231e-13	X1
AACATTGTCGAAGTAG	-3.9068905956085187	3.224844447881771e-24	1.2299758276999067e-22	X1
CTTAAGGGTTATCCGT	-2.807354922057604	1.5316450877189923e-17	4.472183802777584e-17	X1
AATCATCCATAGTCAT	3.700439718141092	6.26162256269268e-23	1.0840156507470095e-21	X0
ACAACATGTAGGATCC	0.0	1.0	1.0	unknown
ATTCACTTCATAATCG	-4.807354922057604	6.26162256269268e-23	1.0840156507470095e-21	X1
TGTGCAAGTCATCCTG	-3.0	1.6610244897268262e-18	5.822729697591934e-18	X1
CCATCACTCGAGGAGT	2.807354922057604	1.2704266677461526e-16	3.218033375269829e-16	X0
AAAGGAGCACCTGGTG	-2.4594316186372973	1.5316450877189923e-17	4.472183802777584e-17	X1
AGCTACTAGGTCAAAG	-1.3219280948873622	1.6080007647833168e-05	2.0063706935607818e-05	X1
AAATGCCTCTTGTTCG	4.0	1.363071866403019e-20	8.502363950314572e-20	X0
ACCTCACTCCAAACAC	1.0	6.564907761017925e-15	1.3424970548431796e-14	X0
GGGATAATCCTCACTA	2.0	0.00020438858371340761	0.0002460120970633274	X0
GCCATTACAGCACGAA	-2.584962500721156	2.4127107519685975e-13	4.369011087207231e-13	X1
TAACCTAAGATTGAGG	0.7369655941662061	9.050013106514627e-08	1.228419758647018e-07	X0
AGTAATGCAGGTTAAA	-3.169925001442312	2.4127107519685975e-13	4.369011087207231e-13	X1
CTTCATCCATTGCGGT	2.807354922057604	9.556787680138532e-16	2.1356227092357177e-15	X0
GGTTCCCGTGAATCGC	-3.169925001442312	1.0029797609618065e-21	9.676970737184859e-21	X1
ACAGCGCTCCTAATAG	-3.169925001442312	1.3154334480650894e-25	1.437749125400097e-23	X1
GATCGAGCATTGTGAT	2.321928094887362	5.579544528625976e-10	8.284469704608276e-10	X0
GCGTAACGTCATCAAG	3.807354922057604	7.967495142732219e-29	1.458649173255701e-25	X0
GCGTAACGTTGGTTCT	-2.584962500721156	9.556787680138532e-16	2.1356227092357177e-15	X1
ACCAGGCTCCAGGAAA	-3.247927513443585	3.0739033075239876e-11	4.8429849227620825e-11	X1
GCTAATATCATAATCG	4.247927513443585	1.363071866403019e-20	8.502363950314572e-20	X0
TTGTTTGGTTTATCTG	-1.736965594166206	6.26162256269268e-23	1.0840156507470095e-21	X1
CAGCTATAGTTACTTC	-1.415037499278844	0.003318560257963064	0.003849487845566849	X1
TCTTCAAGTTGCGTAA	0.5849625007211561	0.01048936783892586	0.011996507993823844	X0
CATGCATAGGCCTGGT	-2.0	1.5316450877189923e-17	4.472183802777584e-17	X1
GCAGGTTGTGAGACTC	3.0	1.6042818341220015e-19	7.283419635012658e-19	X0
AGGCCCAGTGGTTAGC	-2.584962500721156	1.2704266677461526e-16	3.218033375269829e-16	X1
CGCTAATAGTTATGGC	-3.169925001442312	3.224844447881771e-24	1.2299758276999067e-22	X1
ACGCCACAGTGAGGGT	-2.0	1.5316450877189923e-17	4.472183802777584e-17	X1
GGTCTTGAGCAAGATG	2.321928094887362	1.3513812610243942e-10	2.061271604766015e-10	X0
TCCGGAATCAATCATG	2.321928094887362	2.756790387925026e-08	3.824929141867178e-08	X0
TGCTCCGTCTAATCAG	-2.321928094887362	9.050013106514627e-08	1.228419758647018e-07	X1
TAGGGTTTCTTGGACG	2.584962500721156	2.1686833167108188e-09	3.137350440196232e-09	X0
TATCACAAGGCGCTTA	1.8073549220576042	1.0029797609618065e-21	9.676970737184859e-21	X0
CTACAACAGTCACGAT	3.0	6.564907761017925e-15	1.3424970548431796e-14	X0
AGGCGGATCCTCATGC	-1.8073549220576042	1.2704266677461526e-16	3.218033375269829e-16	X1
AACGGTAAGCTTAGTA	4.087462841250339	1.6042818341220015e-19	7.283419635012658e-19	X0
TTTGTTGGTCGTTACT	-0.37851162325373	6.289575008339427e-06	7.975507841743658e-06	X1
TTGACTAAGGCAATAG	-3.584962500721156	1.2704266677461526e-16	3.218033375269829e-16	X1
CTTCATCCATTGTCAG	3.0	1.5316450877189923e-17	4.472183802777584e-17	X0
CACGCAATCCCGAACA	-2.0	3.925069822796835e-05	4.843013700478723e-05	X1
CTAACCCTCGTTAACA	-2.807354922057604	1.6610244897268262e-18	5.822729697591934e-18	X1
ACAAACTGTGCCTCAC	2.807354922057604	1.6610244897268262e-18	5.822729697591934e-18	X0
CTACGAAGTTCGCTTG	3.169925001442312	2.4127107519685975e-13	4.369011087207231e-13	X0
AAACGCGCAGCCAGTT	-3.4594316186372973	1.0029797609618065e-21	9.676970737184859e-21	X1
GAGTCATTCCAATTAG	3.0	1.6042818341220015e-19	7.283419635012658e-19	X0
TTATGACCATTGACAT	4.906890595608519	1.0029797609618065e-21	9.676970737184859e-21	X0
ATGGTTATCATTATGG	-4.392317422778761	6.26162256269268e-23	1.0840156507470095e-21	X1
ATTTGTGAGTTATGGC	-3.4594316186372973	1.363071866403019e-20	8.502363950314572e-20	X1
CCTTCGTAGGACGTAA	1.584962500721156	1.2704266677461526e-16	3.218033375269829e-16	X0
ACGCCTAAGGTGAGAC	-0.8073549220576042	8.336813247250504e-07	1.0917468420889744e-06	X1
GTCATTAAGGCGAATA	-2.321928094887362	9.050013106514627e-08	1.228419758647018e-07	X1
GGCTCACAGGACCTGC	0.0	1.0	1.0	unknown
ACAACACTCCTCCCTC	2.807354922057604	1.6610244897268262e-18	5.822729697591934e-18	X0
TGCAAGCGTGCAATAT	-2.0	8.336813247250504e-07	1.0917468420889744e-06	X1
ACTATGTCATCTTGAG	-3.087462841250339	6.26162256269268e-23	1.0840156507470095e-21	X1
GCAGGTTGTTAGTTGG	3.4594316186372973	6.26162256269268e-23	1.0840156507470095e-21	X0
CCAGCTGCACGTAATT	3.321928094887362	1.363071866403019e-20	8.502363950314572e-20	X0
GTAGCGCTCCTAACGG	2.807354922057604	1.6042818341220015e-19	7.283419635012658e-19	X0
CTGAAACTCAAACTCA	3.169925001442312	1.363071866403019e-20	8.502363950314572e-20	X0
CAGCCTTTCGGTACGC	3.584962500721156	1.5316450877189923e-17	4.472183802777584e-17	X0
TTCATTCAGCCTGATG	3.321928094887362	1.6610244897268262e-18	5.822729697591934e-18	X0
TATTGACCATTGCAGC	-3.169925001442312	1.6610244897268262e-18	5.822729697591934e-18	X1
TGATGACTCCAACTGG	2.807354922057604	1.2704266677461526e-16	3.218033375269829e-16	X0
ATAACGACAATATGGA	-2.807354922057604	6.564907761017925e-15	1.3424970548431796e-14	X1
GTGATGAAGCCGCTAA	3.4594316186372973	1.6610244897268262e-18	5.822729697591934e-18	X0
GACAATACATTCCTCG	-2.584962500721156	1.3513812610243942e-10	2.061271604766015e-10	X1
CATCAGCCATGAGCAG	3.700439718141092	6.548999325035109e-12	1.0693048396261339e-11	X0
CTCCTGAGTTTAGTCC	3.3219280948873626	0.003318560257963064	0.003849487845566849	X0
GCGAAGCCATAGCTGC	1.925999418556223	1.2704266677461526e-16	3.218033375269829e-16	X0
GACTATTCACCATATG	5.087462841250339	3.224844447881771e-24	1.2299758276999067e-22	X0
TGTAAAGCAGTACCGT	-3.321928094887362	1.2704266677461526e-16	3.218033375269829e-16	X1
TGTTCCTCAGCCGCTA	3.584962500721156	1.6042818341220015e-19	7.283419635012658e-19	X0
AAAGGACGTTAGGATT	0.0	1.0	1.0	unknown
ATCAATCCAATGCGCT	2.807354922057604	1.5316450877189923e-17	4.472183802777584e-17	X0
CTTTAGGCAATATGGA	-3.169925001442312	1.6610244897268262e-18	5.822729697591934e-18	X1
CCCGTAAAGGGCTTAT	2.584962500721156	1.3029679093280502e-12	2.239820187795613e-12	X0
GGCCAGTTCCACAATA	3.169925001442312	9.556787680138532e-16	2.1356227092357177e-15	X0
GTTCCTGGTTAAGGTT	-3.4594316186372973	1.3154334480650894e-25	1.437749125400097e-23	X1
AAAGGTTAGATGGAGC	2.321928094887362	1.3029679093280502e-12	2.239820187795613e-12	X0
GACCGAACATCCAGGT	2.0	6.548999325035109e-12	1.0693048396261339e-11	X0
TTGCTCTCAGGTTATT	-3.584962500721156	1.0029797609618065e-21	9.676970737184859e-21	X1
CCTTCGGTCTTGCAGG	2.321928094887362	3.0739033075239876e-11	4.8429849227620825e-11	X0
ATCCAACAGTCCTTCA	-2.115477217419936	1.363071866403019e-20	8.502363950314572e-20	X1
ATCCTTAGTTTCCACG	-3.321928094887362	1.363071866403019e-20	8.502363950314572e-20	X1
ATGTTGTCACAGAACG	2.807354922057604	1.2704266677461526e-16	3.218033375269829e-16	X0
TCGCGAGGTATTACCC	-3.0	9.556787680138532e-16	2.1356227092357177e-15	X1
GATTAGTGTAAACAAG	1.415037499278844	9.556787680138532e-16	2.1356227092357177e-15	X0
GCCTGACAGCTTCTCA	-2.0	3.925069822796835e-05	4.843013700478723e-05	X1
ATGCCTGAGTGCACGC	2.321928094887362	6.289575008339427e-06	7.975507841743658e-06	X0
AAGCTTGGTTGTTGCT	-3.584962500721156	1.363071866403019e-20	8.502363950314572e-20	X1
GTCCTAGAGCCTGTGA	2.321928094887362	9.556787680138532e-16	2.1356227092357177e-15	X0
AGGTTTATCCTTGCAC	-2.807354922057604	1.3513812610243942e-10	2.061271604766015e-10	X1
CAGATTCAGAAAGGAA	-0.5849625007211561	0.38217671720133345	0.41102659716042955	unknown
ATATGCTCAGTCTAAT	-3.0	1.2704266677461526e-16	3.218033375269829e-16	X1
TTACCGTGTATTGTCC	-2.0	3.925069822796835e-05	4.843013700478723e-05	X1
GCTTAAATCTTTAAGG	-3.321928094887362	1.0029797609618065e-21	9.676970737184859e-21	X1
TTGGCTGAGGTGAAAT	3.807354922057604	1.0029797609618065e-21	9.676970737184859e-21	X0
ATGGCTTAGTTCCTCA	3.169925001442312	2.4127107519685975e-13	4.369011087207231e-13	X0
GGCCTAATCATCCTGC	3.9068905956085187	1.0029797609618065e-21	9.676970737184859e-21	X0
ACCTAAGGTAACTACG	3.0	1.6610244897268262e-18	5.822729697591934e-18	X0
CGCATTACAAATTGCT	3.584962500721156	6.564907761017925e-15	1.3424970548431796e-14	X0
TAGGAACCAAACCTTG	0.7655347463629769	3.0739033075239876e-11	4.8429849227620825e-11	X0
ACACAATGTTCCTCCT	-0.6280312226130418	6.548999325035109e-12	1.0693048396261339e-11	X1
CTCTCACAGTTGCCTC	3.321928094887362	1.2704266677461526e-16	3.218033375269829e-16	X0
CCATTGTGTGACATGC	4.700439718141093	6.26162256269268e-23	1.0840156507470095e-21	X0
GTGAATCTCATTGTCT	2.169925001442312	1.2704266677461526e-16	3.218033375269829e-16	X0
CATGAGGCAGGAACTG	2.584962500721156	3.0739033075239876e-11	4.8429849227620825e-11	X0
TTAAGCCAGCATGTTA	1.8744691179161412	1.6042818341220015e-19	7.283419635012658e-19	X0
GCCTGTGCACAATGCC	3.4594316186372973	1.5316450877189923e-17	4.472183802777584e-17	X0
AAAGCTTGTTAAATGC	-3.6438561897747244	1.363071866403019e-20	8.502363950314572e-20	X1
GCCTTACTCATTCATC	3.0	1.363071866403019e-20	8.502363950314572e-20	X0
TCCTCAATCTGTTCAT	-2.321928094887362	5.579544528625976e-10	8.284469704608276e-10	X1
CTGTACCTCATGTCAA	-3.0	1.6042818341220015e-19	7.283419635012658e-19	X1
GGGTATTTCAGTGAAG	-2.0	9.157161244117683e-05	0.00011144738539251088	X1
ACAGCGCTCAATGTGC	2.584962500721156	1.6610244897268262e-18	5.822729697591934e-18	X0
GGTTATATCATGCAAC	-3.4594316186372973	9.556787680138532e-16	2.1356227092357177e-15	X1
GTAAGGTCATGTTGCA	3.169925001442312	9.556787680138532e-16	2.1356227092357177e-15	X0
CCGCTTAGTTCGGTAA	1.0	0.6913502932053739	0.7283496183488639	unknown
ATCCTGACAGTTTCTC	-1.0	1.6080007647833168e-05	2.0063706935607818e-05	X1
TGCAATATCAGTTCCC	2.0	3.925069822796835e-05	4.843013700478723e-05	X0
ACTTAGGGTTAAGGTT	-3.321928094887362	1.6042818341220015e-19	7.283419635012658e-19	X1
GCCTTACTCCTAAATG	-2.700439718141092	1.363071866403019e-20	8.502363950314572e-20	X1
TTGCAAGGTCGACTAA	3.584962500721156	1.363071866403019e-20	8.502363950314572e-20	X0
ATACCTGCACTAAGTT	2.584962500721156	1.363071866403019e-20	8.502363950314572e-20	X0
AATGGCGCACTAGGTC	4.087462841250339	3.224844447881771e-24	1.2299758276999067e-22	X0
GAGTGATCAAATTCGT	4.0	1.6610244897268262e-18	5.822729697591934e-18	X0
ACTGAATGTACTGAAT	-2.321928094887362	6.564907761017925e-15	1.3424970548431796e-14	X1
TAGTGGCGTGATGAGG	0.514573172829758	0.0017588208614850794	0.002060775226984838	X0
GCTATCCTCACTAATG	-1.0	7.952664236893068e-09	1.1284123271995337e-08	X1
ACTTATGAGGTAGCTT	-0.5849625007211561	0.9939835121373183	1.0	unknown
ACCTGGATCTACCTGC	2.321928094887362	1.3513812610243942e-10	2.061271604766015e-10	X0
ATCAGGTTCCAGCACA	-2.169925001442312	9.556787680138532e-16	2.1356227092357177e-15	X1
TGACTCCTCACACAGT	2.0	0.0004368599184561862	0.0005205215071354787	X0
CAGCATTAGCAAACCT	3.807354922057604	1.0029797609618065e-21	9.676970737184859e-21	X0
CGAGCGAAGCAAGGGT	-3.169925001442312	1.6042818341220015e-19	7.283419635012658e-19	X1
GAAGTGATCGTTACTT	-1.584962500721156	0.06660530960360693	0.07444302231795079	unknown
TGGCCTTTCCTAGTAA	1.415037499278844	1.6610244897268262e-18	5.822729697591934e-18	X0
GCGCAAACATTGCAGC	3.169925001442312	1.6042818341220015e-19	7.283419635012658e-19	X0
GTACCTTGTCCTTCTC	-1.8073549220576042	2.818141017102701e-07	3.7604312442133894e-07	X1
CGCATATAGTCTGGGC	3.0	1.2704266677461526e-16	3.218033375269829e-16	X0
TTAGAAGCACAATGTT	3.954196310386875	1.6042818341220015e-19	7.283419635012658e-19	X0
TCTCACCAGGCCCAGT	-1.584962500721156	0.01048936783892586	0.011996507993823844	X1
ATGAGCCGTTCGGTAA	1.584962500721156	7.952664236893068e-09	1.1284123271995337e-08	X0
TTTGTCTAGCTCAATA	1.736965594166206	2.4127107519685975e-13	4.369011087207231e-13	X0
GGCATTGTCTTAGCCC	2.115477217419936	1.6610244897268262e-18	5.822729697591934e-18	X0
TAGCATATCGATTCTT	4.0	1.0029797609618065e-21	9.676970737184859e-21	X0
TTATCCTAGCTTCCCG	-1.584962500721156	3.0739033075239876e-11	4.8429849227620825e-11	X1
CCATCATGTGAAACAA	4.087462841250339	6.26162256269268e-23	1.0840156507470095e-21	X0
TTTATGGAGGCAAGTA	2.700439718141092	1.5316450877189923e-17	4.472183802777584e-17	X0
GTGCTCCGTCAGGAAG	-2.584962500721156	1.3513812610243942e-10	2.061271604766015e-10	X1
TAGGTTGGTAAGCTCA	-2.700439718141092	1.363071866403019e-20	8.502363950314572e-20	X1
TCAAACCAGCGCCTTT	-3.0	1.2704266677461526e-16	3.218033375269829e-16	X1
ATCCATAAGCACAGGG	-0.5849625007211561	0.7579407931963542	0.7938215715928063	unknown
AGCTTCCTCTACCTCA	-3.169925001442312	9.556787680138532e-16	2.1356227092357177e-15	X1
CACAGGCTCAATGACC	-3.0	1.6042818341220015e-19	7.283419635012658e-19	X1
AACATAGCAGTTTGGC	0.362570079384708	0.028443966820490392	0.032198974961578475	X0
AACTCACAGTTAGTTG	-2.8073549220576046	1.6042818341220015e-19	7.283419635012658e-19	X1
GGTGCTTCACACTAAT	1.415037499278844	2.1686833167108188e-09	3.137350440196232e-09	X0
GGCATTGTCTAATCCT	-2.700439718141092	1.0029797609618065e-21	9.676970737184859e-21	X1
GTTGGCCAGGCTAAGA	-3.321928094887362	1.0029797609618065e-21	9.676970737184859e-21	X1
GGTCCTGCATAATCAC	-3.169925001442312	1.5316450877189923e-17	4.472183802777584e-17	X1
TGGACGGAGTGAACCT	-3.700439718141092	1.3029679093280502e-12	2.239820187795613e-12	X1
TCTTAGCGTACCGTTT	2.584962500721156	1.6610244897268262e-18	5.822729697591934e-18	X0
GCAGCCAGTCAAGACC	2.807354922057604	5.579544528625976e-10	8.284469704608276e-10	X0
ATCCTCATCATAACGC	2.807354922057604	2.4127107519685975e-13	4.369011087207231e-13	X0
GGCTGGTTCTCAATAG	-3.169925001442312	1.0029797609618065e-21	9.676970737184859e-21	X1
GAGTGAGGTCACTCGC	1.8073549220576042	1.5316450877189923e-17	4.472183802777584e-17	X0
CATCATGCACACCAAC	0.0	1.0	1.0	unknown
CAAGTAACAATCCCTT	-2.0	8.336813247250504e-07	1.0917468420889744e-06	X1
GCTCGATCATGGCCCA	-3.4594316186372973	3.224844447881771e-24	1.2299758276999067e-22	X1
ACACTTGCACCTCAGG	-2.700439718141092	6.26162256269268e-23	1.0840156507470095e-21	X1
TCATGTTTCATGGTTA	3.584962500721156	1.363071866403019e-20	8.502363950314572e-20	X0
TCATTGCGTATTGTCC	-0.485426827170242	2.818141017102701e-07	3.7604312442133894e-07	X1
TATGACTCAAGTCGCT	-3.700439718141092	1.3154334480650894e-25	1.437749125400097e-23	X1
AAACAGCCATGAGCAG	0.10691520391651199	0.30864970679462606	0.33430584275359365	unknown
GGCATTAGTGGATTAT	-2.169925001442312	1.2704266677461526e-16	3.218033375269829e-16	X1
CTGAAACTCAAACCTA	-4.392317422778761	1.0029797609618065e-21	9.676970737184859e-21	X1
ATAATGGCATCAATCG	2.807354922057604	4.1422259360400374e-14	7.91791191062939e-14	X0
TTCAGTTTCCTTGAGG	-1.8073549220576042	1.5316450877189923e-17	4.472183802777584e-17	X1
GTCCAAGTCGGCTAGC	-4.643856189774724	9.556787680138532e-16	2.1356227092357177e-15	X1
TGGACAAAGTTAACCA	3.321928094887362	1.6610244897268262e-18	5.822729697591934e-18	X0
CGGACAACAGCTAATT	3.4594316186372973	6.564907761017925e-15	1.3424970548431796e-14	X0
GTCGGTTCAATTTGGT	4.087462841250339	1.0029797609618065e-21	9.676970737184859e-21	X0
GCCTTACTCGAAGTGA	-3.169925001442312	1.0029797609618065e-21	9.676970737184859e-21	X1
AGAAAGGCACGTTACA	2.584962500721156	3.0739033075239876e-11	4.8429849227620825e-11	X0
AACCTAATCAATTACG	-4.0	1.363071866403019e-20	8.502363950314572e-20	X1
TCCCGTTAGGTCCAAT	4.643856189774724	1.3154334480650894e-25	1.437749125400097e-23	X0
GTACTAATCTTAGTGA	-3.0	3.224844447881771e-24	1.2299758276999067e-22	X1
GCCACAATCCAGGTTG	2.321928094887362	7.952664236893068e-09	1.1284123271995337e-08	X0
GTTGCATAGCAGCTCA	4.0	1.6610244897268262e-18	5.822729697591934e-18	X0
AGTCTTGCAGCTTAGC	2.0	1.0029797609618065e-21	9.676970737184859e-21	X0
CACGCTAAGACAACAG	3.0	4.1422259360400374e-14	7.91791191062939e-14	X0
AACAAAGGTAGGTTAT	-1.7004397181410922	1.6610244897268262e-18	5.822729697591934e-18	X1
CGTCATTGTGCTAGCG	3.0	1.2704266677461526e-16	3.218033375269829e-16	X0
CGGGACAAGGGTGGAT	-2.169925001442312	1.5316450877189923e-17	4.472183802777584e-17	X1
GTGGCTTCAAGGCCAA	2.321928094887362	2.4127107519685975e-13	4.369011087207231e-13	X0
AGCATCCCAGCATTAT	-2.807354922057604	1.363071866403019e-20	8.502363950314572e-20	X1
ACCAAGTTCTAAGGTC	-0.3219280948873622	0.9966814397420369	1.0	unknown
TATTTGCTCCTTCAAT	-3.584962500721156	1.2704266677461526e-16	3.218033375269829e-16	X1
GGATTATGTCATGAGC	3.0	2.346206306321115e-06	3.0232744644007614e-06	X0
ATCCTTAGTCCGTAGG	-2.0	4.1422259360400374e-14	7.91791191062939e-14	X1
ACGCTTGAGGGCTTTG	2.321928094887362	5.579544528625976e-10	8.284469704608276e-10	X0
TGCCTGTTCAATCATG	-3.247927513443585	1.6042818341220015e-19	7.283419635012658e-19	X1
CTCGTTATCAATTACG	2.169925001442312	1.3029679093280502e-12	2.239820187795613e-12	X0
AATCTTGAGTAGGATG	-2.584962500721156	1.2704266677461526e-16	3.218033375269829e-16	X1
GGTGTTGTCCCTGATC	2.584962500721156	2.818141017102701e-07	3.7604312442133894e-07	X0
TAGCGGCTCGATATTG	0.0	1.0	1.0	unknown
CCCAGCACACAATGCC	-2.9068905956085187	1.363071866403019e-20	8.502363950314572e-20	X1
AAACGTACACAATGTT	-3.807354922057604	1.6042818341220015e-19	7.283419635012658e-19	X1
CTATGAGGTTAATGAC	0.4150374992788439	9.157161244117683e-05	0.00011144738539251088	X0
TTGCAGCCAAAGCCTC	3.321928094887362	1.363071866403019e-20	8.502363950314572e-20	X0
GTGCTGGGTCTCACTG	-3.0	1.5316450877189923e-17	4.472183802777584e-17	X1
CCTCCTCTCCTTCTAG	2.0000000000000004	1.6042818341220015e-19	7.283419635012658e-19	X0
CAGCATGTCCGCCAAA	3.321928094887362	1.6042818341220015e-19	7.283419635012658e-19	X0
GGGCTAACAGCATGAG	1.3219280948873622	7.952664236893068e-09	1.1284123271995337e-08	X0
GCTTTCATCAAAGGCA	3.807354922057604	1.0029797609618065e-21	9.676970737184859e-21	X0
GCGATATTCGATTATG	3.807354922057604	1.6042818341220015e-19	7.283419635012658e-19	X0
CTTAGTTTCCTAGTCC	-3.169925001442312	1.6610244897268262e-18	5.822729697591934e-18	X1
CTTTAGTTCCTAAGTA	-3.169925001442312	1.6042818341220015e-19	7.283419635012658e-19	X1
GTGTGTTAGGCGTAAA	-3.9068905956085187	1.5316450877189923e-17	4.472183802777584e-17	X1
AGTTGGCGTGTAATAC	2.169925001442312	1.6610244897268262e-18	5.822729697591934e-18	X0
TACCAAATCTGTGCAG	3.169925001442312	6.26162256269268e-23	1.0840156507470095e-21	X0
TCATGTTTCGATTTAG	-2.4594316186372973	3.224844447881771e-24	1.2299758276999067e-22	X1
TGGAACAAGCCACAAT	-4.0	6.26162256269268e-23	1.0840156507470095e-21	X1
CATAATGTCGTTACAA	-2.415037499278844	1.5316450877189923e-17	4.472183802777584e-17	X1
GAAGTATAGGAAACTG	3.169925001442312	1.6610244897268262e-18	5.822729697591934e-18	X0
GTACAATGTACTTCAC	-4.584962500721156	1.6042818341220015e-19	7.283419635012658e-19	X1
CTCCAACTCTATGACA	-1.584962500721156	0.24205920680364573	0.26354439063679713	unknown
GCCCATAAGTTGTCCC	-3.584962500721156	9.556787680138532e-16	2.1356227092357177e-15	X1
ACCAAGCGTTCGCTCA	-2.321928094887362	5.579544528625976e-10	8.284469704608276e-10	X1
TCTTCAAGTCGACTAA	-3.4594316186372973	1.6610244897268262e-18	5.822729697591934e-18	X1
CTTATGTTCAGCATTA	3.584962500721156	1.6610244897268262e-18	5.822729697591934e-18	X0
CAGCAAGCATGCTATG	-2.807354922057604	1.0029797609618065e-21	9.676970737184859e-21	X1
GCCTGCTGTGGAAACG	-2.321928094887362	4.1422259360400374e-14	7.91791191062939e-14	X1
CCAGGATGTCAAGTGC	2.584962500721156	1.3513812610243942e-10	2.061271604766015e-10	X0
TGCGCGAGTAATGGAA	-2.0	9.157161244117683e-05	0.00011144738539251088	X1
AGACTATGTCCGGTTC	0.0	1.0	1.0	unknown
AAGCGTTTCTTACTCG	2.807354922057604	1.6610244897268262e-18	5.822729697591934e-18	X0
AAGACCAAGACTTACA	1.584962500721156	1.6610244897268262e-18	5.822729697591934e-18	X0
GGTAACCGTGGGTGAA	2.807354922057604	9.556787680138532e-16	2.1356227092357177e-15	X0
TCACCGGCATCTAGCA	3.0	1.5316450877189923e-17	4.472183802777584e-17	X0
TCCGGAATCCAAACAC	3.169925001442312	1.0029797609618065e-21	9.676970737184859e-21	X0
GTCAATATCTACCTCA	-3.169925001442312	4.1422259360400374e-14	7.91791191062939e-14	X1
GCAAGTGCATAGACCC	-1.0	0.06660530960360693	0.07444302231795079	unknown
CAAGCTAGTACGCGCA	3.169925001442312	6.564907761017925e-15	1.3424970548431796e-14	X0
AGTGATGAGTTCCCGT	-1.584962500721156	0.003318560257963064	0.003849487845566849	X1
AGGTTTATCAATGTGC	-1.584962500721156	0.06660530960360693	0.07444302231795079	unknown
CTATTACTCTCCTCTT	-2.321928094887362	6.548999325035109e-12	1.0693048396261339e-11	X1
AGTAACGAGTGTTGTA	2.584962500721156	1.3154334480650894e-25	1.437749125400097e-23	X0
AGTAACACAAGGATTA	1.3219280948873622	1.3513812610243942e-10	2.061271604766015e-10	X0
CATAACGGTGTCACGG	2.169925001442312	1.5316450877189923e-17	4.472183802777584e-17	X0
TAGCATATCTCACAAA	-3.169925001442312	1.5316450877189923e-17	4.472183802777584e-17	X1
TTCAGGTAGCTGCACA	3.0	1.0029797609618065e-21	9.676970737184859e-21	X0
AGCGCTCAGAATGACG	-2.584962500721156	1.0029797609618065e-21	9.676970737184859e-21	X1
GTCATTAAGTGAACAG	3.321928094887362	1.363071866403019e-20	8.502363950314572e-20	X0
GCGGTTGGTGACATAT	-3.700439718141092	7.952664236893068e-09	1.1284123271995337e-08	X1
CCAACCCGTTACATCC	3.700439718141092	1.363071866403019e-20	8.502363950314572e-20	X0
CATGCATAGGTAGCTT	3.807354922057604	6.26162256269268e-23	1.0840156507470095e-21	X0
ACGCACGGTGTGAGGA	-2.584962500721156	1.5316450877189923e-17	4.472183802777584e-17	X1
GGTACTAGTCATTAGG	-2.321928094887362	3.224844447881771e-24	1.2299758276999067e-22	X1
GCCATGATCCTGGCTT	-3.321928094887362	1.363071866403019e-20	8.502363950314572e-20	X1
TGAGTGAAGGCATGAA	-3.4594316186372973	1.3154334480650894e-25	1.437749125400097e-23	X1
GACCTAAGTCATAGAT	-2.584962500721156	2.1686833167108188e-09	3.137350440196232e-09	X1
ATTAGGTGTCAAAGGG	-2.584962500721156	2.346206306321115e-06	3.0232744644007614e-06	X1
TTTGTTGGTCGTAATG	-1.0	7.952664236893068e-09	1.1284123271995337e-08	X1
CGCATATAGGCTGTCA	1.415037499278844	5.579544528625976e-10	8.284469704608276e-10	X0
GATTAGTGTAGGTGTC	2.807354922057604	1.2704266677461526e-16	3.218033375269829e-16	X0
TCCGGTTTCGTGCTAG	1.3219280948873622	0.0008949651957434264	0.001056728495393278	X0
AGGATTGAGGATTTGC	-0.5849625007211561	0.8643734879630823	0.8968272956012542	unknown
TAAGTGCTCTAACTGA	-2.807354922057604	1.6042818341220015e-19	7.283419635012658e-19	X1
TATCCAGCACGGTACT	-3.700439718141092	1.3154334480650894e-25	1.437749125400097e-23	X1
GCGCTTAAGCCTAATA	3.584962500721156	1.2704266677461526e-16	3.218033375269829e-16	X0
AGCTAGTTCATTATGG	3.0	6.564907761017925e-15	1.3424970548431796e-14	X0
GACCTTTGTTAAGTGT	0.3219280948873622	0.9556869599429662	0.981556186207902	unknown
GGAACAATCATGACCG	-3.0	1.5316450877189923e-17	4.472183802777584e-17	X1
TGGTCCTTCCGGAACC	1.584962500721156	0.1356265120369177	0.1499159166258639	unknown
AATGCGCGTACAAAGA	-2.807354922057604	6.26162256269268e-23	1.0840156507470095e-21	X1
GACTATTCAGCCAGTT	3.584962500721156	9.556787680138532e-16	2.1356227092357177e-15	X0
GCAGGTTGTCAACAAT	2.700439718141092	6.26162256269268e-23	1.0840156507470095e-21	X0
GCCTTTATCTGGCATG	3.584962500721156	9.556787680138532e-16	2.1356227092357177e-15	X0
TCCACAACACCGGTAT	2.321928094887362	6.548999325035109e-12	1.0693048396261339e-11	X0
CATGGCGGTCATCATC	-3.700439718141092	3.224844447881771e-24	1.2299758276999067e-22	X1
GAACACAAGGCAACAA	3.700439718141092	6.26162256269268e-23	1.0840156507470095e-21	X0
GGTAAACCAGATAGAC	-2.807354922057604	1.2704266677461526e-16	3.218033375269829e-16	X1
CCAACCCGTTAGCATG	1.8073549220576042	6.548999325035109e-12	1.0693048396261339e-11	X0
TCTAACCGTGAGGTAG	1.263034405833794	2.4127107519685975e-13	4.369011087207231e-13	X0
CCCAATTGTTTAGCTC	0.0	1.0	1.0	unknown
AGCTAAACAACCTAAT	1.3219280948873622	9.157161244117683e-05	0.00011144738539251088	X0
AGCACAGCACATGCTA	3.169925001442312	9.556787680138532e-16	2.1356227092357177e-15	X0
CGAGTCGGTGGATGTC	-2.584962500721156	1.3029679093280502e-12	2.239820187795613e-12	X1
GGTTACTAGAGGAAGG	3.4594316186372973	3.224844447881771e-24	1.2299758276999067e-22	X0
ATGGTTATCCTGTTCA	0.0	1.0	1.0	unknown
TCAAGACTCAGGCCTA	3.169925001442312	1.6042818341220015e-19	7.283419635012658e-19	X0
GTTCTTGTCAGCAAAG	3.169925001442312	1.6610244897268262e-18	5.822729697591934e-18	X0
GTGCACGGTAATGGAA	-1.584962500721156	0.5397946186935895	0.573551362839982	unknown
AGGCAATCACCTGTAA	-3.0	1.6080007647833168e-05	2.0063706935607818e-05	X1
TCACCTGGTTCGCTCA	-2.584962500721156	1.2704266677461526e-16	3.218033375269829e-16	X1
TGACCTTGTAGTTAAC	-3.584962500721156	1.2704266677461526e-16	3.218033375269829e-16	X1
GCCTAATAGGATTGCT	-2.584962500721156	3.0739033075239876e-11	4.8429849227620825e-11	X1
GTCAAACTCGCACACA	-2.584962500721156	1.3029679093280502e-12	2.239820187795613e-12	X1
GTAGGATCAGTGAACG	-3.4594316186372973	1.6042818341220015e-19	7.283419635012658e-19	X1
GGCTTCAAGCTCGCTT	2.584962500721156	1.3029679093280502e-12	2.239820187795613e-12	X0
ATTGTGATCGGGACCT	-1.584962500721156	1.3513812610243942e-10	2.061271604766015e-10	X1
TTTGAGTCACCTCGCT	0.0	1.0	1.0	unknown
CAAGTATGTAATGACT	3.4594316186372973	1.6610244897268262e-18	5.822729697591934e-18	X0
GAGCAAGGTAATAGCT	0.2630344058337939	0.06660530960360693	0.07444302231795079	unknown
TAGGAACCAATTATGC	-1.584962500721156	1.5316450877189923e-17	4.472183802777584e-17	X1
TTGAGCTAGACAAACG	2.0	1.6080007647833168e-05	2.0063706935607818e-05	X0
GCACTTACATAGGCGA	-3.4594316186372973	1.6610244897268262e-18	5.822729697591934e-18	X1
GTTTACCGTCTATCGT	-2.807354922057604	6.564907761017925e-15	1.3424970548431796e-14	X1
GTCGGTTCATGGTTAT	-3.321928094887362	1.363071866403019e-20	8.502363950314572e-20	X1
TAACCAGGTCATAACG	-2.807354922057604	9.556787680138532e-16	2.1356227092357177e-15	X1
AATCATCCAGCATGTC	-3.169925001442312	1.363071866403019e-20	8.502363950314572e-20	X1
TCAAGGAAGGCGCTAC	3.169925001442312	6.564907761017925e-15	1.3424970548431796e-14	X0
TTGACGTAGGTCCGTA	-3.321928094887362	1.5316450877189923e-17	4.472183802777584e-17	X1
TGAAGTGAGTCATCCC	-3.0	6.548999325035109e-12	1.0693048396261339e-11	X1
AGAAACCCACCTATAG	1.584962500721156	1.3029679093280502e-12	2.239820187795613e-12	X0
GCATCCTTCCGGAACC	3.321928094887362	1.0029797609618065e-21	9.676970737184859e-21	X0
CTGTGTGAGCCAAATC	3.4594316186372973	1.6610244897268262e-18	5.822729697591934e-18	X0
GAAGTAAGTAATAGCT	3.169925001442312	1.363071866403019e-20	8.502363950314572e-20	X0
TCATGCCTCACCGGTA	-3.169925001442312	1.6042818341220015e-19	7.283419635012658e-19	X1
TGGCTATAGCCGCTAA	-2.321928094887362	1.3513812610243942e-10	2.061271604766015e-10	X1
CTTCTCAAGCGCAATT	-2.0	0.0004368599184561862	0.0005205215071354787	X1
GATCCGTCATAATCGT	-1.584962500721156	0.5397946186935895	0.573551362839982	unknown
AAGCAAGTCCACCTTA	-2.0	1.6080007647833168e-05	2.0063706935607818e-05	X1
CTCCTAATCTAAGGAG	-0.16992500144231215	0.5397946186935895	0.573551362839982	unknown
CGTGAGGAGTTTGTCT	-3.0	1.6610244897268262e-18	5.822729697591934e-18	X1
GGCCAGTTCATGGTTA	2.321928094887362	1.3029679093280502e-12	2.239820187795613e-12	X0
GCGTAACGTTAGCTGA	-2.584962500721156	1.2704266677461526e-16	3.218033375269829e-16	X1
AGGTTTGGTTTGTTGC	3.584962500721156	1.6610244897268262e-18	5.822729697591934e-18	X0
CTTATGTTCTCAATTC	-2.807354922057604	1.6042818341220015e-19	7.283419635012658e-19	X1
TTGCAATCATCACAGC	-1.3219280948873622	6.289575008339427e-06	7.975507841743658e-06	X1
TGAGGTGCAGGTCCTG	-2.0	5.579544528625976e-10	8.284469704608276e-10	X1
AGCCGCTAGCATGGTT	-2.584962500721156	1.5316450877189923e-17	4.472183802777584e-17	X1
TTACGTTTCTATTGTC	-3.321928094887362	3.224844447881771e-24	1.2299758276999067e-22	X1
CAGGCTGGTATTGGAT	-3.584962500721156	1.6042818341220015e-19	7.283419635012658e-19	X1
CTTAATGAGGCCTTAG	-2.4594316186372973	6.564907761017925e-15	1.3424970548431796e-14	X1
CGCGATTCATCCTAGA	2.807354922057604	2.4127107519685975e-13	4.369011087207231e-13	X0
GTCCTAGAGAGCCGCT	2.584962500721156	6.548999325035109e-12	1.0693048396261339e-11	X0
TGGCTAAGTGGGTACT	-1.8744691179161412	1.0029797609618065e-21	9.676970737184859e-21	X1
CAAAGGATCGGTTCCT	-3.321928094887362	6.26162256269268e-23	1.0840156507470095e-21	X1
CGTTTCTCAAACATAG	-4.087462841250339	1.3154334480650894e-25	1.437749125400097e-23	X1
AACCGCTCATGTCAGC	2.807354922057604	2.4127107519685975e-13	4.369011087207231e-13	X0
GTGTGCGGTCCGTGAG	-3.0	1.6042818341220015e-19	7.283419635012658e-19	X1
GTGAATCTCCAGGGAG	1.37851162325373	4.1422259360400374e-14	7.91791191062939e-14	X0
GAAGTATAGGATCCGC	-3.0	1.0029797609618065e-21	9.676970737184859e-21	X1
AACCTAATCATAACTG	-4.247927513443585	1.5316450877189923e-17	4.472183802777584e-17	X1
TAGCGCGGTAATGGAA	-0.5849625007211561	0.6913502932053739	0.7283496183488639	unknown
GGTAACCGTTCCGGGA	-1.584962500721156	0.01048936783892586	0.011996507993823844	X1
AAGTTAGCAATGAATG	0.7004397181410922	9.157161244117683e-05	0.00011144738539251088	X0
GGAATCTTCACAAGCT	-3.3923174227787607	1.363071866403019e-20	8.502363950314572e-20	X1
TCAAACCAGTCACGAT	-2.807354922057604	1.5316450877189923e-17	4.472183802777584e-17	X1
TTATAGCCAAGTCGCT	2.502500340529183	1.0029797609618065e-21	9.676970737184859e-21	X0
TACGGATTCTGCAAAC	-3.169925001442312	9.556787680138532e-16	2.1356227092357177e-15	X1
CACCTCAGTAATCCCT	1.0	0.06660530960360693	0.07444302231795079	unknown
GCGCTAGGTGAGAAAC	1.584962500721156	0.0966739522478214	0.1074269123385123	unknown
CACCTGTTCTTAGCCC	3.584962500721156	1.6042818341220015e-19	7.283419635012658e-19	X0
GCTAGCCAGGCAATAG	-0.5849625007211561	9.050013106514627e-08	1.228419758647018e-07	X1
AAACAGCCATTAAGCT	3.9068905956085187	1.6610244897268262e-18	5.822729697591934e-18	X0
ATGCAGGCATAGGCGA	-2.9068905956085187	1.363071866403019e-20	8.502363950314572e-20	X1
TGAGGGCCAAGCCACT	-1.0	1.6080007647833168e-05	2.0063706935607818e-05	X1
TACTGACAGATTGAGG	2.584962500721156	3.0739033075239876e-11	4.8429849227620825e-11	X0
CACATGCCAGCACGAA	3.169925001442312	1.5316450877189923e-17	4.472183802777584e-17	X0
CCAATATCAGGAACAT	2.0	0.00020438858371340761	0.0002460120970633274	X0
TTTCATCAGGTTAGAG	3.584962500721156	6.26162256269268e-23	1.0840156507470095e-21	X0
TACGGATTCATAACTG	1.584962500721156	9.050013106514627e-08	1.228419758647018e-07	X0
TAAAGCCTCAATCTCT	4.0	1.0029797609618065e-21	9.676970737184859e-21	X0
CCTACTGGTTGTGACA	4.392317422778761	1.6042818341220015e-19	7.283419635012658e-19	X0
ACCAAACTCAATTACG	-2.807354922057604	2.4127107519685975e-13	4.369011087207231e-13	X1
TGCTTAAAGTAACTCA	-3.4594316186372973	1.6610244897268262e-18	5.822729697591934e-18	X1
AAGGAAGCAGGCGATA	-2.584962500721156	6.548999325035109e-12	1.0693048396261339e-11	X1
CTAATAGTCATTGACA	-3.584962500721156	1.6042818341220015e-19	7.283419635012658e-19	X1
ATGACGAAGTTTGCGG	-2.584962500721156	1.2704266677461526e-16	3.218033375269829e-16	X1
CTCATGCTCATGCAAC	-4.247927513443585	1.363071866403019e-20	8.502363950314572e-20	X1
GTCGCAATCCTGTTCA	-3.4594316186372973	1.0029797609618065e-21	9.676970737184859e-21	X1
TCAGTAGGTACTGAAT	-2.321928094887362	2.1686833167108188e-09	3.137350440196232e-09	X1
AACATAGCAATTGACT	-3.4594316186372973	1.6042818341220015e-19	7.283419635012658e-19	X1
GGCCAACTCGAGGAGT	-4.169925001442312	1.5316450877189923e-17	4.472183802777584e-17	X1
ATGGTCTAGCTTGCTC	-2.807354922057604	1.2704266677461526e-16	3.218033375269829e-16	X1
TGCGGTTCATGAGCAG	-1.584962500721156	6.548999325035109e-12	1.0693048396261339e-11	X1
CATTCATTCAATTGGC	-4.321928094887363	1.363071866403019e-20	8.502363950314572e-20	X1
GAAGGAACAGGAAGCC	-1.584962500721156	0.46020538130641053	0.49191125489809434	unknown
ATTTGCGCAGGGAGCT	-2.321928094887362	1.5316450877189923e-17	4.472183802777584e-17	X1
AAATCCGGTGTTGCTT	-2.807354922057604	1.363071866403019e-20	8.502363950314572e-20	X1
CTATGGCCAATCATGT	-3.0	1.5316450877189923e-17	4.472183802777584e-17	X1
ACATTAGTCCTTGTTG	-3.4594316186372973	3.224844447881771e-24	1.2299758276999067e-22	X1
CTGTTGGAGACCATAC	-2.169925001442312	1.3513812610243942e-10	2.061271604766015e-10	X1
CTAGGCGGTCGACTCC	-2.0	2.4127107519685975e-13	4.369011087207231e-13	X1
GAGCCACTCTACCTAT	-1.4594316186372973	2.1686833167108188e-09	3.137350440196232e-09	X1
TCTCCTCGTTATCGAG	0.5849625007211561	0.8643734879630823	0.8968272956012542	unknown
GGTATTGGTTCGCTTG	-2.584962500721156	1.5316450877189923e-17	4.472183802777584e-17	X1
TCCCGTTAGGTCGAGG	-1.415037499278844	1.5316450877189923e-17	4.472183802777584e-17	X1
GGCTTCAAGCCTGAGC	-1.584962500721156	0.46020538130641053	0.49191125489809434	unknown
AACCTCACACCCACCT	3.807354922057604	1.0029797609618065e-21	9.676970737184859e-21	X0
GAGTATCTCGGTTTCC	3.0	1.5316450877189923e-17	4.472183802777584e-17	X0
CATAAGCTCTTAGGGT	3.584962500721156	1.6042818341220015e-19	7.283419635012658e-19	X0
GGCGCTAGTGCTTACT	3.169925001442312	4.1422259360400374e-14	7.91791191062939e-14	X0
CTCCCTGAGTAGGATG	-3.0	1.5316450877189923e-17	4.472183802777584e-17	X1
TCGCGAGGTAGTTACG	3.321928094887362	1.5316450877189923e-17	4.472183802777584e-17	X0
CCTTCAGGTTAATCGG	-3.321928094887362	9.556787680138532e-16	2.1356227092357177e-15	X1
TGTCAATCAAGACTCC	-3.0	1.0029797609618065e-21	9.676970737184859e-21	X1
TAAGCCAGTCCTTTAA	-3.0	1.363071866403019e-20	8.502363950314572e-20	X1
TAGGCTTAGTAAGTCC	-2.0	0.0004368599184561862	0.0005205215071354787	X1
ACCATTAAGCAATAGG	-3.0	9.556787680138532e-16	2.1356227092357177e-15	X1
TACTGAGGTGAGCACT	-2.807354922057604	1.5316450877189923e-17	4.472183802777584e-17	X1
TGCACTTGTCATTAGG	-2.807354922057604	9.556787680138532e-16	2.1356227092357177e-15	X1
GTGCTCCGTACCGAAC	2.321928094887362	2.818141017102701e-07	3.7604312442133894e-07	X0
TGTATCCGTTAGTGAT	-2.321928094887362	1.3029679093280502e-12	2.239820187795613e-12	X1
AGCAATACAAGCTTTG	-3.0	1.5316450877189923e-17	4.472183802777584e-17	X1
TCGTTACGTGTTTGCT	-1.3219280948873622	0.003318560257963064	0.003849487845566849	X1
GATGCAGCAATTTGGT	-2.0	1.6610244897268262e-18	5.822729697591934e-18	X1
GTCTAATCAAATATCC	-1.0	2.818141017102701e-07	3.7604312442133894e-07	X1
AGCCTAAGTGAGGTGA	-1.584962500721156	2.4127107519685975e-13	4.369011087207231e-13	X1
CATCCTGGTTGTGATG	-3.807354922057604	1.6610244897268262e-18	5.822729697591934e-18	X1
AGGAGCTAGTAAGTCC	-2.584962500721156	1.6610244897268262e-18	5.822729697591934e-18	X1
GAACGAATCAAACTCA	-2.584962500721156	1.3029679093280502e-12	2.239820187795613e-12	X1
GGTTATATCGCATCCT	2.0	8.336813247250504e-07	1.0917468420889744e-06	X0
GGTGTCCAGGATGATG	-2.321928094887362	1.3029679093280502e-12	2.239820187795613e-12	X1
CAGGTCCAGTCGCTAG	1.584962500721156	4.1422259360400374e-14	7.91791191062939e-14	X0
GGCGCTAGTGCTTAGA	0.4150374992788439	0.9715560331795096	0.9954812971839302	unknown
AGGTACGCACGTAATT	-2.321928094887362	1.3513812610243942e-10	2.061271604766015e-10	X1
CTATTCAGTCTTTGAC	-2.584962500721156	9.556787680138532e-16	2.1356227092357177e-15	X1
AAGCCTGTCCCTGTTA	-2.807354922057604	1.6610244897268262e-18	5.822729697591934e-18	X1
GCTAACAGTTGAATCG	-2.321928094887362	1.3029679093280502e-12	2.239820187795613e-12	X1
TGCTATGCAGCACGTT	-1.0	1.5316450877189923e-17	4.472183802777584e-17	X1
GGGTTTGTCTCTAGCC	2.584962500721156	1.2704266677461526e-16	3.218033375269829e-16	X0
CTAGGCGGTTCACTGT	3.321928094887362	1.6610244897268262e-18	5.822729697591934e-18	X0
GGTGTGACATAATGAG	2.584962500721156	9.556787680138532e-16	2.1356227092357177e-15	X0
TTATGACCAGGAACTG	-1.0	0.00020438858371340761	0.0002460120970633274	X1
CATCATGCAATCCTGA	-0.1154772174199361	0.9895106321610742	1.0	unknown
CCGTTGCGTACAATGT	2.321928094887362	3.0739033075239876e-11	4.8429849227620825e-11	X0
GGTATTTCAGTTGCGT	-4.459431618637297	3.224844447881771e-24	1.2299758276999067e-22	X1
CGAATATGTGCTAGCG	-1.3219280948873622	2.756790387925026e-08	3.824929141867178e-08	X1
CATAGGTTCTCGCCTG	3.9068905956085187	1.0029797609618065e-21	9.676970737184859e-21	X0
ACTTAGGGTTTGTTGC	-2.0	0.01048936783892586	0.011996507993823844	X1
CCGACAGGTGCGCATG	3.169925001442312	6.564907761017925e-15	1.3424970548431796e-14	X0
AAGGTCAAGCTAATTG	-2.321928094887362	1.6610244897268262e-18	5.822729697591934e-18	X1
AGCGGATAGCAAGATG	-3.4594316186372973	9.556787680138532e-16	2.1356227092357177e-15	X1
AGCAAGGGTAATAGCT	0.7369655941662061	0.0017588208614850794	0.002060775226984838	X0
TAAGCCTAGTAAGTCC	-2.807354922057604	3.0739033075239876e-11	4.8429849227620825e-11	X1
AACAGATAGCAAACCT	1.263034405833794	9.556787680138532e-16	2.1356227092357177e-15	X0
TCGTGCTTCGACAAAG	2.584962500721156	1.3029679093280502e-12	2.239820187795613e-12	X0
TAGCCTCTCCTAAGTA	-3.0	1.6610244897268262e-18	5.822729697591934e-18	X1
CAAGACAAGAAGCTAG	-3.169925001442312	1.6610244897268262e-18	5.822729697591934e-18	X1
GACCTTTGTTAGCAGC	3.169925001442312	4.1422259360400374e-14	7.91791191062939e-14	X0
AACAGATAGCACAGGG	-3.321928094887362	2.818141017102701e-07	3.7604312442133894e-07	X1
CTGGTAAGTCATTAGG	0.6629650127224291	5.579544528625976e-10	8.284469704608276e-10	X0
CACGCAATCTGTGCAG	-3.807354922057604	6.26162256269268e-23	1.0840156507470095e-21	X1
TGCGGTTCAATTGACT	-4.169925001442312	1.363071866403019e-20	8.502363950314572e-20	X1
ATCGAGGCAAGTGAAC	-2.0	0.0008949651957434264	0.001056728495393278	X1
GCTGCATCATCACAGC	1.584962500721156	5.579544528625976e-10	8.284469704608276e-10	X0
CGGGCTTAGCAGCTAT	3.584962500721156	1.0029797609618065e-21	9.676970737184859e-21	X0
ATCGGCCAGTTAGTTG	2.321928094887362	8.336813247250504e-07	1.0917468420889744e-06	X0
AATGGCGCATGGCCCA	-3.169925001442312	1.0029797609618065e-21	9.676970737184859e-21	X1
CGCAATCCACGAATTT	-3.321928094887362	3.224844447881771e-24	1.2299758276999067e-22	X1
GTTTGTCGTGGATGTC	1.584962500721156	7.952664236893068e-09	1.1284123271995337e-08	X0
TATGAAGCAATCCTGA	2.0	0.003318560257963064	0.003849487845566849	X0
TGATGAACAAGTCGCT	2.584962500721156	1.2704266677461526e-16	3.218033375269829e-16	X0
AGCAATACATGGTTAT	3.0	1.5316450877189923e-17	4.472183802777584e-17	X0
TGCAGGCTCTGGCTTC	-2.584962500721156	6.548999325035109e-12	1.0693048396261339e-11	X1
TATGACATCTTGCTAT	-3.0	9.556787680138532e-16	2.1356227092357177e-15	X1
TCAAGACTCCTAGTTT	3.584962500721156	1.363071866403019e-20	8.502363950314572e-20	X0
TCACCTCAGCAAGGAC	-3.169925001442312	1.2704266677461526e-16	3.218033375269829e-16	X1
CGCTGTGCATAATTGC	2.807354922057604	1.6042818341220015e-19	7.283419635012658e-19	X0
CAAACAACAATTTGGT	-2.0	0.0060164878626817395	0.0069340164649698425	X1
GGTTGCATCACGAATC	2.0	1.363071866403019e-20	8.502363950314572e-20	X0
GCTTTGTGTTCCGGCT	-1.0	2.756790387925026e-08	3.824929141867178e-08	X1
CGAATCTAGGTGCGGA	-2.9068905956085187	1.363071866403019e-20	8.502363950314572e-20	X1
TAAGCCTAGTGAACGA	-2.807354922057604	9.556787680138532e-16	2.1356227092357177e-15	X1
CTCTAGCTCGAAGTGA	3.0	9.556787680138532e-16	2.1356227092357177e-15	X0
CGTTGCAAGTTATGGC	0.485426827170242	0.9033260477521786	0.9326176015352042	unknown
GGTATTTCATCCCTCA	3.169925001442312	1.2704266677461526e-16	3.218033375269829e-16	X0
TGACTTCGTACCGTAA	1.1699250014423122	6.564907761017925e-15	1.3424970548431796e-14	X0
GCTGGATGTTACCTGT	3.169925001442312	1.6610244897268262e-18	5.822729697591934e-18	X0
TCCTTCAAGGTCCTAG	1.0	2.4127107519685975e-13	4.369011087207231e-13	X0
ACGCTTGAGGCGCTTA	-1.584962500721156	6.548999325035109e-12	1.0693048396261339e-11	X1
TCACGGATCCTAGTTT	2.807354922057604	9.556787680138532e-16	2.1356227092357177e-15	X0
GCCAATTAGGAACGGT	1.584962500721156	0.5397946186935895	0.573551362839982	unknown
CTAAAGCTCCCTCACG	-0.84799690655495	2.818141017102701e-07	3.7604312442133894e-07	X1
GTTGGCCAGGCTAGAA	-3.321928094887362	1.6042818341220015e-19	7.283419635012658e-19	X1
TTAGGAACAGCATGTC	-2.807354922057604	9.556787680138532e-16	2.1356227092357177e-15	X1
ATCCATAAGTTTGCGG	3.700439718141092	1.6610244897268262e-18	5.822729697591934e-18	X0
TGTGTTAAGTCTTGAA	-3.0	1.6610244897268262e-18	5.822729697591934e-18	X1
TTTAAGGTCATTACGA	3.584962500721156	6.26162256269268e-23	1.0840156507470095e-21	X0
CGGACCTAGCATGAAG	1.584962500721156	7.952664236893068e-09	1.1284123271995337e-08	X0
AGAACCAAGGACTTAC	1.584962500721156	0.9333946903963931	0.9604115944601358	unknown
GCAAGTGCAGAATGAC	3.4594316186372973	4.1422259360400374e-14	7.91791191062939e-14	X0
TTTGACCGTCATTGAG	0.3219280948873622	0.6913502932053739	0.7283496183488639	unknown
CGAGCTGGTTGAGGTC	-2.584962500721156	1.3029679093280502e-12	2.239820187795613e-12	X1
CCTGTTGGTGATTTGG	-4.459431618637297	3.224844447881771e-24	1.2299758276999067e-22	X1
AGAACCGCATAAAGCA	-1.8073549220576042	2.4127107519685975e-13	4.369011087207231e-13	X1
TTGTCAAAGCTGTAAC	3.321928094887362	1.6610244897268262e-18	5.822729697591934e-18	X0
GAGTGTTTCTAGCTAA	-2.0	2.346206306321115e-06	3.0232744644007614e-06	X1
TACAATGTCCTTGCGT	-2.321928094887362	7.952664236893068e-09	1.1284123271995337e-08	X1
TCACGGATCATCCACC	-2.807354922057604	1.2704266677461526e-16	3.218033375269829e-16	X1
AATTCGTCACCCTCAC	2.584962500721156	5.579544528625976e-10	8.284469704608276e-10	X0
GGGATTAAGTTTGAGC	-2.415037499278844	1.0029797609618065e-21	9.676970737184859e-21	X1
GCACTAAGTCCTTCAG	-2.584962500721156	4.1422259360400374e-14	7.91791191062939e-14	X1
GAGGGAGCAATATACC	-4.0	1.0029797609618065e-21	9.676970737184859e-21	X1
ACACAATGTTGGGTTA	-4.321928094887363	1.363071866403019e-20	8.502363950314572e-20	X1
TATGACTCAAGCTAAA	-3.700439718141092	1.6042818341220015e-19	7.283419635012658e-19	X1
CCTTCGGTCGTGCTAG	-2.0	6.548999325035109e-12	1.0693048396261339e-11	X1
GATAAGCCAAGCTACC	-1.584962500721156	0.5397946186935895	0.573551362839982	unknown
TGAAGTGAGTTATGGC	-3.169925001442312	6.564907761017925e-15	1.3424970548431796e-14	X1
TCTCACCAGGACCTCA	-3.0	1.5316450877189923e-17	4.472183802777584e-17	X1
GGCCATCAGCATGTCG	-3.321928094887362	1.6610244897268262e-18	5.822729697591934e-18	X1
TCCTTAGTCAAGTGTC	-3.321928094887362	1.6042818341220015e-19	7.283419635012658e-19	X1
AGATGAAGTTAAGCCA	2.9068905956085187	6.26162256269268e-23	1.0840156507470095e-21	X0
ATGCAAACAATAACGA	3.0	9.556787680138532e-16	2.1356227092357177e-15	X0
GGATGTAAGTTTCCTG	0.5849625007211561	0.9715560331795096	0.9954812971839302	unknown
TACTTGTTCGATCAGT	2.807354922057604	1.2704266677461526e-16	3.218033375269829e-16	X0
GCATATATCTAAGTCA	-3.321928094887362	4.1422259360400374e-14	7.91791191062939e-14	X1
TGATTAGTCCTCAGTC	3.700439718141092	1.363071866403019e-20	8.502363950314572e-20	X0
CAGCCTAAGGGCTAAA	-3.700439718141092	1.5316450877189923e-17	4.472183802777584e-17	X1
TTCGTGCTCTTGTCTG	0.0	1.0	1.0	unknown
ACGTACCCAGCTAATT	-2.584962500721156	2.4127107519685975e-13	4.369011087207231e-13	X1
TGCTAACAGAGCCGCT	2.584962500721156	2.756790387925026e-08	3.824929141867178e-08	X0
TTTGTGGCAGCATGGA	-2.0	2.346206306321115e-06	3.0232744644007614e-06	X1
GTGAGCGAGCTTTGGG	-2.807354922057604	9.556787680138532e-16	2.1356227092357177e-15	X1
AATGCAACATAATGTC	-3.169925001442312	1.6610244897268262e-18	5.822729697591934e-18	X1
TGTAAGTGTTGTAAAC	-1.0	7.952664236893068e-09	1.1284123271995337e-08	X1
CAAACAACACAGAACG	-3.9068905956085187	3.224844447881771e-24	1.2299758276999067e-22	X1
CTATTACTCAAGCCTG	-3.169925001442312	1.6610244897268262e-18	5.822729697591934e-18	X1
AGTAGGATCGAGGAAC	4.169925001442312	1.6042818341220015e-19	7.283419635012658e-19	X0
CCTGGTAAGCTATGAC	-4.0	1.0029797609618065e-21	9.676970737184859e-21	X1
CGAAGCCTCATCCTGC	-3.0	1.5316450877189923e-17	4.472183802777584e-17	X1
TTCCTTGAGACAAACG	-3.584962500721156	1.6610244897268262e-18	5.822729697591934e-18	X1
CTATAACCATCCGTAA	-2.807354922057604	6.548999325035109e-12	1.0693048396261339e-11	X1
GGCATGGAGGCGCACT	-2.0	9.157161244117683e-05	0.00011144738539251088	X1
GATGACTTCGCCTAAG	-2.321928094887362	2.756790387925026e-08	3.824929141867178e-08	X1
GTCGAAGCAGTTTGTG	-1.584962500721156	0.38217671720133345	0.41102659716042955	unknown
CATCCTTCAAGTAAGC	2.0	0.0060164878626817395	0.0069340164649698425	X0
TACTTCGTCGTCAAGT	-1.0	1.3513812610243942e-10	2.061271604766015e-10	X1
TAATCACCAGGACACA	4.459431618637297	1.363071866403019e-20	8.502363950314572e-20	X0
TGGACTAGTGTTCCCA	2.807354922057604	2.4127107519685975e-13	4.369011087207231e-13	X0
GATCACTAGACAAACG	2.807354922057604	9.556787680138532e-16	2.1356227092357177e-15	X0
ACGGTTTAGGCCATCA	-3.0	1.5316450877189923e-17	4.472183802777584e-17	X1
GACGCCTAGTAGGATG	-3.584962500721156	1.6042818341220015e-19	7.283419635012658e-19	X1
GCTAACCCATAAAGCA	2.584962500721156	2.1686833167108188e-09	3.137350440196232e-09	X0
TCTAGCCTCGGTTAGT	-3.321928094887362	1.363071866403019e-20	8.502363950314572e-20	X1
AATCATCCATCAGCAC	3.169925001442312	2.4127107519685975e-13	4.369011087207231e-13	X0
GGCATTGTCATTGCAA	0.6780719051126378	2.756790387925026e-08	3.824929141867178e-08	X0
TTGTCAAAGCATGGTT	3.169925001442312	1.6610244897268262e-18	5.822729697591934e-18	X0
GCTTATCGTGAGCGAA	3.169925001442312	9.556787680138532e-16	2.1356227092357177e-15	X0
TCATAACCACAGGGAC	3.321928094887362	1.5316450877189923e-17	4.472183802777584e-17	X0
TTTCTCACATGCATAT	2.0	6.564907761017925e-15	1.3424970548431796e-14	X0
GGCCTTCGTCTTGCTG	-2.700439718141092	1.5316450877189923e-17	4.472183802777584e-17	X1
TGAGGTGCAGCAGGTA	-2.807354922057604	5.579544528625976e-10	8.284469704608276e-10	X1
GTTAATGTCCACCTGT	-1.584962500721156	9.556787680138532e-16	2.1356227092357177e-15	X1
ATCACACAGGCTAAGA	-2.584962500721156	6.548999325035109e-12	1.0693048396261339e-11	X1
CCTCCTGAGGAACGCG	-2.807354922057604	9.556787680138532e-16	2.1356227092357177e-15	X1
CAGGCTGGTCTTGCAT	-2.584962500721156	4.1422259360400374e-14	7.91791191062939e-14	X1
CATCAATCAAGGTCGA	-3.584962500721156	6.26162256269268e-23	1.0840156507470095e-21	X1
TTTACGAAGTCATTGA	-3.321928094887362	1.6610244897268262e-18	5.822729697591934e-18	X1
TGGACGGAGCTTTGTT	-3.584962500721156	1.2704266677461526e-16	3.218033375269829e-16	X1
ATCCTTAGTCCTTCAG	-2.807354922057604	6.564907761017925e-15	1.3424970548431796e-14	X1
ACCCTGTTCTTAGTCT	-1.584962500721156	9.556787680138532e-16	2.1356227092357177e-15	X1
CACTTAAAGTCCTTTG	-3.169925001442312	1.6042818341220015e-19	7.283419635012658e-19	X1
ACTTAGTCACAAAGAC	-2.321928094887362	1.6610244897268262e-18	5.822729697591934e-18	X1
TCGCTAACATAAGGAC	-3.169925001442312	1.2704266677461526e-16	3.218033375269829e-16	X1
CGCTCCATCCTCATCA	-1.0	3.925069822796835e-05	4.843013700478723e-05	X1
CGGGTATGTTCATTTG	-2.584962500721156	1.3513812610243942e-10	2.061271604766015e-10	X1
GCATGAAAGGTTTGAC	0.0	1.0	1.0	unknown
GTATTGATCTGTGCAG	-3.169925001442312	4.1422259360400374e-14	7.91791191062939e-14	X1
TCATTGTTCATCCTGC	-3.087462841250339	1.6042818341220015e-19	7.283419635012658e-19	X1
CTATGGCCACATTAAC	-2.0	0.0017588208614850794	0.002060775226984838	X1
AGGTTAACACCTATAG	-3.807354922057604	1.5316450877189923e-17	4.472183802777584e-17	X1
CTAATGTCAATTGACT	3.4594316186372973	1.0029797609618065e-21	9.676970737184859e-21	X0
GGTAATTGTCGAAGTC	-3.4594316186372973	1.6042818341220015e-19	7.283419635012658e-19	X1
GCACGCTAGACAAAGT	4.807354922057604	1.6042818341220015e-19	7.283419635012658e-19	X0
CACTAGCCAATTAAGG	-2.321928094887362	0.0966739522478214	0.1074269123385123	unknown
GGTCCATCACTAGCGT	-3.4594316186372973	9.556787680138532e-16	2.1356227092357177e-15	X1
AACGCCCAGTTACCGG	-1.584962500721156	6.564907761017925e-15	1.3424970548431796e-14	X1
GGAGTGAGTTGGATAT	-3.9068905956085187	1.363071866403019e-20	8.502363950314572e-20	X1
GTTTGCTGTTTGACCT	-3.807354922057604	1.363071866403019e-20	8.502363950314572e-20	X1
GTGAGCGAGAACCTGT	1.8073549220576042	1.3513812610243942e-10	2.061271604766015e-10	X0
GAGTAACCAGGTTAAA	-1.280107919192735	1.6610244897268262e-18	5.822729697591934e-18	X1
TTGTGCCTCCTCACTA	-3.700439718141092	1.6042818341220015e-19	7.283419635012658e-19	X1
AGTAAGTAGTCACTCC	-1.584962500721156	0.24205920680364573	0.26354439063679713	unknown
GAGCTGCTCTGGTCCT	-2.584962500721156	2.4127107519685975e-13	4.369011087207231e-13	X1
ACAACATGTTTAAAGC	-3.584962500721156	1.363071866403019e-20	8.502363950314572e-20	X1
CACATAATCTTGTCTG	2.9068905956085187	1.0029797609618065e-21	9.676970737184859e-21	X0
AAGGATCCATAAGTCT	2.584962500721156	1.3029679093280502e-12	2.239820187795613e-12	X0
CTTATTGGTGGAAGGC	-2.321928094887362	1.3513812610243942e-10	2.061271604766015e-10	X1
TTGTCCGGTAACTACG	0.3219280948873622	0.6913502932053739	0.7283496183488639	unknown
CGTTATTTCACATTGA	-3.700439718141092	1.5316450877189923e-17	4.472183802777584e-17	X1
TCCAGGATCGCGCTAA	-1.8073549220576042	1.5316450877189923e-17	4.472183802777584e-17	X1
GCTAAGTTCTAAGTGC	3.169925001442312	6.564907761017925e-15	1.3424970548431796e-14	X0
CGCCAAATCAAGCTTA	1.0	1.2704266677461526e-16	3.218033375269829e-16	X0
ATGAATGCATAATGAG	2.700439718141092	1.6042818341220015e-19	7.283419635012658e-19	X0
GTACGTAGTTTGCGAA	-2.584962500721156	5.579544528625976e-10	8.284469704608276e-10	X1
CTTATGTTCCTTTACG	-3.0	4.1422259360400374e-14	7.91791191062939e-14	X1
GGAAGCTAGTTTAACG	-2.321928094887362	2.1686833167108188e-09	3.137350440196232e-09	X1
TGCTTTAGTCGCAAAC	-2.584962500721156	1.5316450877189923e-17	4.472183802777584e-17	X1
CGGATTAGTTTGCTGT	-1.8073549220576042	3.0739033075239876e-11	4.8429849227620825e-11	X1
TAGTAACGTCCTTCAG	-3.321928094887362	1.5316450877189923e-17	4.472183802777584e-17	X1
TCCCTCACAATGCGCT	4.392317422778761	1.363071866403019e-20	8.502363950314572e-20	X0
ACTAATCCACAATGCC	-3.169925001442312	1.6042818341220015e-19	7.283419635012658e-19	X1
CTCTTGATCTGTTGCC	-3.584962500721156	1.5316450877189923e-17	4.472183802777584e-17	X1
CTGTAACAGGAGCAAC	3.0	7.952664236893068e-09	1.1284123271995337e-08	X0
AAAGCCCGTGCTTAGA	-2.584962500721156	4.1422259360400374e-14	7.91791191062939e-14	X1
CACATAATCCATAATG	-4.321928094887363	1.6610244897268262e-18	5.822729697591934e-18	X1
ATAACGACAGCCTGCA	-3.700439718141092	1.0029797609618065e-21	9.676970737184859e-21	X1
AACATCATCATTTAGG	-1.263034405833794	3.0739033075239876e-11	4.8429849227620825e-11	X1
TTAACTGAGGATTTGC	-3.700439718141092	1.6042818341220015e-19	7.283419635012658e-19	X1
GCTTTACGTTTAGTCC	-2.321928094887362	6.548999325035109e-12	1.0693048396261339e-11	X1
TAAGTGCTCGGTTACG	1.3219280948873622	2.756790387925026e-08	3.824929141867178e-08	X0
GGTTTCCTCGGTCATG	-0.5849625007211561	0.8158991913366521	0.8516005955185724	unknown
TACAGCTAGGCGAATA	-3.4594316186372973	1.6610244897268262e-18	5.822729697591934e-18	X1
TTCATTCAGTAACCCG	3.169925001442312	1.0029797609618065e-21	9.676970737184859e-21	X0
TCAAGCTAGACTTACA	4.087462841250339	6.26162256269268e-23	1.0840156507470095e-21	X0
GCGTGCTAGTAATCCA	1.502500340529183	1.6042818341220015e-19	7.283419635012658e-19	X0
CTAGTCGAGTCAATCA	-3.0	1.6042818341220015e-19	7.283419635012658e-19	X1
CTAAGGTTCAGCACGC	2.0	8.336813247250504e-07	1.0917468420889744e-06	X0
GCCAACATCCATAAGC	3.321928094887362	1.6610244897268262e-18	5.822729697591934e-18	X0
AGGTTTATCTAAGTCA	-4.169925001442312	3.9845364322713306e-27	1.9452506862348638e-24	X1
TTAAAGGCATGAATAG	0.7369655941662061	0.998241179138515	1.0	unknown
CCTTAACGTTACTTGC	-3.321928094887362	1.6042818341220015e-19	7.283419635012658e-19	X1
GTGCATTAGCGCATTG	-4.247927513443585	1.363071866403019e-20	8.502363950314572e-20	X1
CTTAAGATCTAATCCT	-3.321928094887362	1.0029797609618065e-21	9.676970737184859e-21	X1
AGTCCTGAGTCATGCG	-4.321928094887363	1.0029797609618065e-21	9.676970737184859e-21	X1
ACTAACTCACAGGATG	2.321928094887362	2.818141017102701e-07	3.7604312442133894e-07	X0
TACTTCGTCTAATCAG	1.584962500721156	0.24205920680364573	0.26354439063679713	unknown
CTGATCACAGTTATGT	-4.584962500721156	1.0029797609618065e-21	9.676970737184859e-21	X1
CTCCGTCCATAGACCC	2.0	2.756790387925026e-08	3.824929141867178e-08	X0
CGAGGCAAGAAGGTGC	2.807354922057604	9.556787680138532e-16	2.1356227092357177e-15	X0
CGGCTAATCATTGTTC	-3.4594316186372973	9.556787680138532e-16	2.1356227092357177e-15	X1
TTCGTTAGTAGTCAAT	-3.321928094887362	6.26162256269268e-23	1.0840156507470095e-21	X1
GGTAATTGTTGGGTTA	-3.0	6.548999325035109e-12	1.0693048396261339e-11	X1
TTAGCGGTCACTCGCT	3.169925001442312	1.0029797609618065e-21	9.676970737184859e-21	X0
CAGGTTTAGCCTGGTA	-2.807354922057604	1.5316450877189923e-17	4.472183802777584e-17	X1
CCCTCATAGGCACAGG	3.169925001442312	1.2704266677461526e-16	3.218033375269829e-16	X0
TCGTCAACAGGCCAAA	0.4150374992788439	1.6080007647833168e-05	2.0063706935607818e-05	X0
AAAGGTTAGGAGTCGG	-2.807354922057604	6.564907761017925e-15	1.3424970548431796e-14	X1
AGACACGCAGCATGAG	-3.584962500721156	1.6610244897268262e-18	5.822729697591934e-18	X1
ATCTTTGGTTTACCGT	-3.321928094887362	1.6042818341220015e-19	7.283419635012658e-19	X1
GCGTAACGTAGGTTTG	-2.321928094887362	9.050013106514627e-08	1.228419758647018e-07	X1
TGTCAATCAAACGCGA	-2.321928094887362	0.46020538130641053	0.49191125489809434	unknown
CAAACACTCTATCGCC	-2.222392421336448	6.26162256269268e-23	1.0840156507470095e-21	X1
TTAACTGAGGTTTGCG	-3.169925001442312	1.5316450877189923e-17	4.472183802777584e-17	X1
TGGACCGGTAGTCAAT	-2.807354922057604	1.2704266677461526e-16	3.218033375269829e-16	X1
CGCTAATAGCTTCCCG	-3.169925001442312	1.3029679093280502e-12	2.239820187795613e-12	X1
TCCGCCATCAGAAACG	-3.169925001442312	1.363071866403019e-20	8.502363950314572e-20	X1
ACGGTTAGTGCCTCAC	-2.0	8.336813247250504e-07	1.0917468420889744e-06	X1
GCAAACTTCCTTGAGG	-1.3219280948873622	2.1686833167108188e-09	3.137350440196232e-09	X1
ATGGTCTAGGCTTAGT	0.2630344058337939	0.30864970679462606	0.33430584275359365	unknown
ATGACAACATCGCTTT	-2.321928094887362	2.4127107519685975e-13	4.369011087207231e-13	X1
GACCTGATCATTTGTC	-3.321928094887362	1.5316450877189923e-17	4.472183802777584e-17	X1
TAGCCTCTCATGCTAA	-2.807354922057604	9.556787680138532e-16	2.1356227092357177e-15	X1
CAAACATGTCGTTATC	3.4594316186372973	1.3154334480650894e-25	1.437749125400097e-23	X0
CTGTATTTCATGCGTG	-3.321928094887362	1.0029797609618065e-21	9.676970737184859e-21	X1
TGATCAGGTGTGCAAC	-4.584962500721156	3.224844447881771e-24	1.2299758276999067e-22	X1
CTCTCACAGGACGTAA	-3.321928094887362	1.6610244897268262e-18	5.822729697591934e-18	X1
TTTGTTGGTTGTCCAT	-3.169925001442312	1.0029797609618065e-21	9.676970737184859e-21	X1
TAATCCGCAATGAGGT	2.0	0.18410080866334788	0.2023975712117845	unknown
GTCGAGGAGCATGTCG	3.584962500721156	1.363071866403019e-20	8.502363950314572e-20	X0
TGTGAAACATCACAGC	-3.4594316186372973	6.26162256269268e-23	1.0840156507470095e-21	X1
GATTAGTGTGGACATC	2.0	9.050013106514627e-08	1.228419758647018e-07	X0
TATGGTCAGCCACAAT	-0.5849625007211561	1.6080007647833168e-05	2.0063706935607818e-05	X1
CCGACAGGTTTCCACG	-2.584962500721156	2.1686833167108188e-09	3.137350440196232e-09	X1
AACTGTTCATAATGAG	-2.169925001442312	8.336813247250504e-07	1.0917468420889744e-06	X1
AGCTAGTTCGGTTAGT	-3.584962500721156	1.2704266677461526e-16	3.218033375269829e-16	X1
GGTGAGCCATCAATCG	1.1375035237499351	6.289575008339427e-06	7.975507841743658e-06	X0
AGCGCCTAGCACTAGT	3.169925001442312	1.363071866403019e-20	8.502363950314572e-20	X0
AATCTCAAGTCAGTAC	-2.807354922057604	2.4127107519685975e-13	4.369011087207231e-13	X1
GGGCTAACAAGCCACT	-0.5849625007211561	0.0060164878626817395	0.0069340164649698425	X1
AGCGGATAGGTCTTGG	3.807354922057604	3.224844447881771e-24	1.2299758276999067e-22	X0
ATTTAGCCAATTATGC	-3.4594316186372973	9.556787680138532e-16	2.1356227092357177e-15	X1
TCGTTTCCAAAGGTAC	2.584962500721156	1.6610244897268262e-18	5.822729697591934e-18	X0
GGGCAATAGGAACGCG	-2.807354922057604	6.564907761017925e-15	1.3424970548431796e-14	X1
TAAGGACCACAATGTT	1.3219280948873622	9.157161244117683e-05	0.00011144738539251088	X0
GCAATATGTCTTGCTG	2.321928094887362	6.289575008339427e-06	7.975507841743658e-06	X0
GCTAATATCATTTGCT	3.4594316186372973	1.6610244897268262e-18	5.822729697591934e-18	X0
TCACGGATCGCCTGTT	-2.807354922057604	2.756790387925026e-08	3.824929141867178e-08	X1
TCTTAGTTCGTTTCTG	3.321928094887362	1.2704266677461526e-16	3.218033375269829e-16	X0
CTCACACTCATCGTTT	-0.4150374992788439	0.46020538130641053	0.49191125489809434	unknown
CTAAATGTCCAGGTCA	2.321928094887362	0.1356265120369177	0.1499159166258639	unknown
GGTCATTAGTATTGGC	2.0	4.1422259360400374e-14	7.91791191062939e-14	X0
TCCCTGGTCTCACACC	3.9068905956085187	3.224844447881771e-24	1.2299758276999067e-22	X0
CCTATTGTCATCGTTT	2.807354922057604	1.0029797609618065e-21	9.676970737184859e-21	X0
CCGCAAGGTACGATTG	-3.584962500721156	1.0029797609618065e-21	9.676970737184859e-21	X1
GCAGGCAAGGAACCAA	-3.0	4.1422259360400374e-14	7.91791191062939e-14	X1
GCCAGGAAGTGTTGTA	1.584962500721156	0.9715560331795096	0.9954812971839302	unknown
CCCTGGACAATGAAGC	-2.321928094887362	1.5316450877189923e-17	4.472183802777584e-17	X1
CAATCGCCAGGGAGGA	-1.584962500721156	1.3513812610243942e-10	2.061271604766015e-10	X1
GTAGTTATCCTAGTTT	-3.0	1.6610244897268262e-18	5.822729697591934e-18	X1
CGCAAATTCGCTAAGT	-2.321928094887362	2.756790387925026e-08	3.824929141867178e-08	X1
TACCGTTGTTAAGGTT	-2.321928094887362	2.818141017102701e-07	3.7604312442133894e-07	X1
TTAGCCTGTCATTGAG	0.19264507794239583	9.157161244117683e-05	0.00011144738539251088	X0
CATTATGAGTTAACCA	-3.169925001442312	1.2704266677461526e-16	3.218033375269829e-16	X1
TAAGTAGCACAACCTA	4.643856189774724	0.01048936783892586	0.011996507993823844	X0
CCTAATCGTGTTGTGA	-1.8073549220576042	1.6042818341220015e-19	7.283419635012658e-19	X1
ACCGGTTCATTGTGGC	-4.584962500721156	3.224844447881771e-24	1.2299758276999067e-22	X1
TCCGCCATCCAACTGG	-2.0	1.5316450877189923e-17	4.472183802777584e-17	X1
CTTTATCAGACAGGCG	2.321928094887362	2.1686833167108188e-09	3.137350440196232e-09	X0
CCTAATCGTTTGGTTC	-3.584962500721156	6.564907761017925e-15	1.3424970548431796e-14	X1
CTTCACTCACTAAGTT	3.169925001442312	9.556787680138532e-16	2.1356227092357177e-15	X0
TTGGATTCACAACAGG	3.584962500721156	1.363071866403019e-20	8.502363950314572e-20	X0
AATTACCCACGAATTT	-2.584962500721156	0.044313040057033834	0.04985472305080024	X1
GCAGGTGAGGCAACAA	-3.321928094887362	1.3029679093280502e-12	2.239820187795613e-12	X1
GCGAGTGAGCCTTAAA	-1.3219280948873622	6.289575008339427e-06	7.975507841743658e-06	X1
CTAGTTGCAAGTAAGC	-2.321928094887362	3.0739033075239876e-11	4.8429849227620825e-11	X1
ACATTAGTCGGTTCCT	3.0	1.5316450877189923e-17	4.472183802777584e-17	X0
CGGAGTCTCTATTGTC	-2.807354922057604	1.3029679093280502e-12	2.239820187795613e-12	X1
AGGAGCTAGTTCCTCA	3.9068905956085187	6.26162256269268e-23	1.0840156507470095e-21	X0
GCCTTACTCGAGCAAA	-4.0	2.756790387925026e-08	3.824929141867178e-08	X1
ACTTATCTCTGTGAGT	4.321928094887363	1.6042818341220015e-19	7.283419635012658e-19	X0
GAGGTACAGACAAACG	-3.700439718141092	1.0029797609618065e-21	9.676970737184859e-21	X1
TAGGCTTAGTAGCCAT	-3.4594316186372973	1.363071866403019e-20	8.502363950314572e-20	X1
ACACGGACAAAGCTCC	0.8073549220576042	0.7579407931963542	0.7938215715928063	unknown
CATGAGGCAGCTTACA	-1.0	0.18410080866334788	0.2023975712117845	unknown
AGAGAAGCACTAGGTC	2.0	0.0008949651957434264	0.001056728495393278	X0
TATGACTCAAACTGCC	0.0	1.0	1.0	unknown
GTAGGTGCACAAACTT	-3.321928094887362	1.0029797609618065e-21	9.676970737184859e-21	X1
ACCTACCTCTTGTTCG	1.8073549220576042	9.556787680138532e-16	2.1356227092357177e-15	X0
ACGTTACAGTCAGGCC	-0.3219280948873622	0.017600100108852396	0.02004128955016733	X1
ATGCATTCACAACAGG	-3.4594316186372973	1.0029797609618065e-21	9.676970737184859e-21	X1
AGTTGCGTCGGTACGC	2.584962500721156	3.0739033075239876e-11	4.8429849227620825e-11	X0
ACCAAACTCGTTACTT	1.115477217419936	6.564907761017925e-15	1.3424970548431796e-14	X0
CCGGTTAAGGGCCACT	-0.3219280948873622	0.8643734879630823	0.8968272956012542	unknown
CACTAGCCAGGGAGCT	-1.3219280948873622	7.952664236893068e-09	1.1284123271995337e-08	X1
TAGCGCGGTTTGTGGA	-4.0	1.363071866403019e-20	8.502363950314572e-20	X1
ATGTAACGTTTACCGT	3.584962500721156	1.6042818341220015e-19	7.283419635012658e-19	X0
ATGAAGTAGTTGTCCC	2.584962500721156	6.548999325035109e-12	1.0693048396261339e-11	X0
ACGTACCCACCTGTAA	-3.247927513443585	1.6610244897268262e-18	5.822729697591934e-18	X1
CAGAATCTCGATATTG	-2.584962500721156	4.1422259360400374e-14	7.91791191062939e-14	X1
TCCGGAATCTACCTGC	2.321928094887362	1.3513812610243942e-10	2.061271604766015e-10	X0
AATTAGGCACATAACT	-2.584962500721156	1.363071866403019e-20	8.502363950314572e-20	X1
AAGTCTATCTGTTGCC	-2.321928094887362	4.1422259360400374e-14	7.91791191062939e-14	X1
GTCCAAGTCGCTAAGT	-3.321928094887362	1.5316450877189923e-17	4.472183802777584e-17	X1
CCGCAAATCATTTAGG	3.9068905956085187	6.26162256269268e-23	1.0840156507470095e-21	X0
TAGACCAGTGTGTGGT	0.5849625007211561	0.9033260477521786	0.9326176015352042	unknown
ATGGTCTAGCGGTTAT	-2.807354922057604	1.6610244897268262e-18	5.822729697591934e-18	X1
TGATCACAGACAAGTG	-3.4594316186372973	1.5316450877189923e-17	4.472183802777584e-17	X1
GGTGTTGTCATTATGG	2.321928094887362	2.818141017102701e-07	3.7604312442133894e-07	X0
TTAGCCTGTTAGGCTA	0.8073549220576042	2.1686833167108188e-09	3.137350440196232e-09	X0
GCCCATAAGTTTCCTG	-3.584962500721156	9.556787680138532e-16	2.1356227092357177e-15	X1
TAGGCTAGTTCAAGAT	-1.736965594166206	6.548999325035109e-12	1.0693048396261339e-11	X1
TCCCTGGTCCAGCACA	-3.0	1.363071866403019e-20	8.502363950314572e-20	X1
TATAGCTCACCCTCAC	3.584962500721156	6.564907761017925e-15	1.3424970548431796e-14	X0
GCTTAACAGCTCATAA	4.087462841250339	1.363071866403019e-20	8.502363950314572e-20	X0
GCGCTTAAGGTGAAAT	-4.169925001442312	1.2704266677461526e-16	3.218033375269829e-16	X1
ATCCAACAGCCTTAAA	-2.9068905956085187	1.0029797609618065e-21	9.676970737184859e-21	X1
ACCGCAATCCGGGACT	3.169925001442312	1.6610244897268262e-18	5.822729697591934e-18	X0
CTTTGGGAGGTTTACA	0.0	1.0	1.0	unknown
TGCGGTTCAGCCGCTA	-3.4594316186372973	1.6610244897268262e-18	5.822729697591934e-18	X1
TGAGTTTCAGACAAAC	3.584962500721156	1.0029797609618065e-21	9.676970737184859e-21	X0
CCAGCTAAGTCTATGA	3.0	9.556787680138532e-16	2.1356227092357177e-15	X0
TGAGCCGGTCACCTAT	-3.807354922057604	1.363071866403019e-20	8.502363950314572e-20	X1
GCTCATTGTTACCTGT	2.169925001442312	1.6042818341220015e-19	7.283419635012658e-19	X0
TGGTCAGTCCCATAGG	-2.169925001442312	1.2704266677461526e-16	3.218033375269829e-16	X1
CCTAGTTGTGGTGAGA	0.8073549220576042	8.336813247250504e-07	1.0917468420889744e-06	X0
GGTTGACGTACTGAAT	-2.807354922057604	9.556787680138532e-16	2.1356227092357177e-15	X1
GGTGATTTCTTAGCCC	3.169925001442312	1.5316450877189923e-17	4.472183802777584e-17	X0
CGAACCGGTCATAACG	3.700439718141092	1.3154334480650894e-25	1.437749125400097e-23	X0
AGGCAATCAAGTAAGC	2.807354922057604	4.1422259360400374e-14	7.91791191062939e-14	X0
CGCACCACATTGCGAC	3.584962500721156	1.6610244897268262e-18	5.822729697591934e-18	X0
CTCCATCAGCCGGTAC	-2.807354922057604	4.1422259360400374e-14	7.91791191062939e-14	X1
CGTGCTTTCATTGCGG	-2.807354922057604	2.4127107519685975e-13	4.369011087207231e-13	X1
TTGCTTTAGTTCCTCA	3.087462841250339	1.363071866403019e-20	8.502363950314572e-20	X0
CTTTATGGTCCGTAGG	-2.584962500721156	1.3029679093280502e-12	2.239820187795613e-12	X1
AAAGCTTGTGCAACTA	1.584962500721156	0.0966739522478214	0.1074269123385123	unknown
TGGCCTTTCGCAAACT	3.700439718141092	1.6610244897268262e-18	5.822729697591934e-18	X0
GATGCATTCATTTGCT	-2.584962500721156	2.4127107519685975e-13	4.369011087207231e-13	X1
TTTACGAAGACAACGA	-3.4594316186372973	1.5316450877189923e-17	4.472183802777584e-17	X1
CATAGGCGTCTCACTG	-2.807354922057604	2.4127107519685975e-13	4.369011087207231e-13	X1
TGTATCCGTATGTGGC	-3.321928094887362	9.556787680138532e-16	2.1356227092357177e-15	X1
GCCAACATCCGGTATG	-3.321928094887362	1.0029797609618065e-21	9.676970737184859e-21	X1
CAAGGTTTCCTAAGTA	-2.321928094887362	1.3513812610243942e-10	2.061271604766015e-10	X1
TCTTTGTAGTCTTGAA	-2.0	2.818141017102701e-07	3.7604312442133894e-07	X1
AGGTCTTAGGCATGAA	1.584962500721156	1.5316450877189923e-17	4.472183802777584e-17	X0
GCGAAGCCACCGTTCC	-3.0	1.363071866403019e-20	8.502363950314572e-20	X1
AACCTCACATAGCGAG	2.807354922057604	1.6610244897268262e-18	5.822729697591934e-18	X0
AGGTACGCATAATTGC	-0.7369655941662061	0.06660530960360693	0.07444302231795079	unknown
CTCCAACTCACCTGTC	-2.807354922057604	1.2704266677461526e-16	3.218033375269829e-16	X1
ACCGGTTCAAACTGCC	-2.584962500721156	9.556787680138532e-16	2.1356227092357177e-15	X1
GGGCCTAGTATACTGG	-2.807354922057604	1.6610244897268262e-18	5.822729697591934e-18	X1
TGAAGGATCTATTGTC	-3.9068905956085187	1.2704266677461526e-16	3.218033375269829e-16	X1
AATTTCCTCAAGTGAG	-3.700439718141092	9.556787680138532e-16	2.1356227092357177e-15	X1
TCATTACTCATCCTGC	-3.169925001442312	1.0029797609618065e-21	9.676970737184859e-21	X1
TCGTAATCAATTAAGG	-4.087462841250339	1.363071866403019e-20	8.502363950314572e-20	X1
GTAATAGCATGAATAG	-3.584962500721156	1.363071866403019e-20	8.502363950314572e-20	X1
TCGTTAGCAAACGCGA	0.7369655941662061	9.157161244117683e-05	0.00011144738539251088	X0
AAGACAAGTTTAGCGA	2.807354922057604	9.556787680138532e-16	2.1356227092357177e-15	X0
TCCTTGCAGCATTAGC	-1.584962500721156	2.4127107519685975e-13	4.369011087207231e-13	X1
GGTTGCGGTTTGAGGC	-2.0	2.346206306321115e-06	3.0232744644007614e-06	X1
TCTTTGTAGCTGGAAA	3.584962500721156	6.26162256269268e-23	1.0840156507470095e-21	X0
TTGCGTCTCTTGTCCA	-1.777607578663552	3.224844447881771e-24	1.2299758276999067e-22	X1
TTGGATTCATTAGCCA	-3.807354922057604	1.0029797609618065e-21	9.676970737184859e-21	X1
AGACAATAGTATCGCG	-3.4594316186372973	6.26162256269268e-23	1.0840156507470095e-21	X1
CAATAAGCACCTAAGC	-3.321928094887362	1.6042818341220015e-19	7.283419635012658e-19	X1
GTGCATTAGCTATATG	-2.502500340529183	1.6610244897268262e-18	5.822729697591934e-18	X1
AGTTGTCAGGATGATG	-3.169925001442312	1.2704266677461526e-16	3.218033375269829e-16	X1
CTTAACAAGCTCCTTA	-2.807354922057604	1.5316450877189923e-17	4.472183802777584e-17	X1
GGACTAAAGGGTTATC	3.169925001442312	1.2704266677461526e-16	3.218033375269829e-16	X0
GCTAGCCAGACTCGCA	2.321928094887362	3.0739033075239876e-11	4.8429849227620825e-11	X0
CCGATGCAGGAAGCAC	-2.0	2.346206306321115e-06	3.0232744644007614e-06	X1
GCTGTGATCCGCCTAT	2.321928094887362	7.952664236893068e-09	1.1284123271995337e-08	X0
GATTGTTCAGCTAATT	-1.0	1.6080007647833168e-05	2.0063706935607818e-05	X1
CACGCTAAGTTATCTC	-4.087462841250339	1.6610244897268262e-18	5.822729697591934e-18	X1
ACTTAGGGTTACAAAC	-1.3219280948873622	2.4127107519685975e-13	4.369011087207231e-13	X1
GTGCGCAGTCCGTAGG	-2.321928094887362	1.2704266677461526e-16	3.218033375269829e-16	X1
TGGACCGGTGATGATT	4.0	6.26162256269268e-23	1.0840156507470095e-21	X0
TTGGATCAGTTAGCCG	1.584962500721156	5.579544528625976e-10	8.284469704608276e-10	X0
AAACCAACAATCATGT	4.247927513443585	1.363071866403019e-20	8.502363950314572e-20	X0
CATCAATCAAGGCCAA	2.321928094887362	8.336813247250504e-07	1.0917468420889744e-06	X0
CCTACTTCAATATACC	1.0995356735509145	1.2704266677461526e-16	3.218033375269829e-16	X0
GTCTTTAGTAAGGTTT	-3.321928094887362	4.1422259360400374e-14	7.91791191062939e-14	X1
AGTTACATCTCAATGA	-2.584962500721156	6.548999325035109e-12	1.0693048396261339e-11	X1
GCCTTTGGTTTATTCG	3.584962500721156	1.5316450877189923e-17	4.472183802777584e-17	X0
CTGGTAAGTTGTAACG	-1.3219280948873622	1.3029679093280502e-12	2.239820187795613e-12	X1
TTTACGCGTCACCTAT	-1.8073549220576042	9.556787680138532e-16	2.1356227092357177e-15	X1
ACTGAAACATTCCTGT	-2.584962500721156	3.925069822796835e-05	4.843013700478723e-05	X1
AGATGCTTCGATTTGA	-1.584962500721156	4.1422259360400374e-14	7.91791191062939e-14	X1
ATATGTCCAGCTCATA	-2.584962500721156	1.2704266677461526e-16	3.218033375269829e-16	X1
GGCCAGTTCCTACCTA	-3.0	1.6610244897268262e-18	5.822729697591934e-18	X1
TCTATGTTCATGAAGG	-3.0	9.157161244117683e-05	0.00011144738539251088	X1
TGTTAGCAGGCTCATG	-2.321928094887362	2.756790387925026e-08	3.824929141867178e-08	X1
TGAAGGATCGTCAAGT	-2.807354922057604	1.3029679093280502e-12	2.239820187795613e-12	X1
GTTGCCCGTATTGGAT	-1.584962500721156	1.3513812610243942e-10	2.061271604766015e-10	X1
GGTTCTTGTTTGCTGT	-1.584962500721156	0.6913502932053739	0.7283496183488639	unknown
AGAAAGGCATTGTGCA	-0.362570079384708	0.18410080866334788	0.2023975712117845	unknown
CGGCCATAGTTACCGG	-1.584962500721156	0.24205920680364573	0.26354439063679713	unknown
TCGGTTTGTACCGAAC	-1.0	1.6080007647833168e-05	2.0063706935607818e-05	X1
GTGCTGATCCTTGTTG	2.584962500721156	1.3029679093280502e-12	2.239820187795613e-12	X0
ACATCAATCCTTAATC	2.321928094887362	1.2704266677461526e-16	3.218033375269829e-16	X0
GGCCGTTAGGTCATTA	-1.584962500721156	0.7579407931963542	0.7938215715928063	unknown
AATGTCATCGTTACTT	-1.584962500721156	2.1686833167108188e-09	3.137350440196232e-09	X1
GCGATATTCCGTTATT	-1.415037499278844	0.18410080866334788	0.2023975712117845	unknown
GCATTGCCACATAGCC	-4.954196310386875	1.363071866403019e-20	8.502363950314572e-20	X1
TCCCTGGTCAAGCCTG	-4.087462841250339	1.363071866403019e-20	8.502363950314572e-20	X1
GAAAGCCAGGAACCAA	-3.321928094887362	1.5316450877189923e-17	4.472183802777584e-17	X1
GGTGTTGTCTATGACA	-2.0	0.0008949651957434264	0.001056728495393278	X1
GTGAATCTCCTTAGGG	-0.5849625007211561	0.9715560331795096	0.9954812971839302	unknown
CAAACATGTGAGCAAG	-2.584962500721156	2.1686833167108188e-09	3.137350440196232e-09	X1
CGTGCTGCAGCCTTGG	0.0	1.0	1.0	unknown
AGTTGTCAGCATGACT	-3.321928094887362	3.224844447881771e-24	1.2299758276999067e-22	X1
GTCAAACTCATGGTGT	-1.584962500721156	9.556787680138532e-16	2.1356227092357177e-15	X1
TCATGAGGTTGGTTAG	-2.0	9.556787680138532e-16	2.1356227092357177e-15	X1
TCGTTAGCACGCAACT	-3.9068905956085187	9.556787680138532e-16	2.1356227092357177e-15	X1
CCCTCACCAGGTCCTG	-1.222392421336448	6.289575008339427e-06	7.975507841743658e-06	X1
GGAACCTGTCTCACTG	-3.0	4.1422259360400374e-14	7.91791191062939e-14	X1
TCATACTTCCATTACT	-3.0	1.5316450877189923e-17	4.472183802777584e-17	X1
GCCATTACACATGCTA	0.0	1.0	1.0	unknown
CTGCTATGTTGTGACA	1.3219280948873622	2.818141017102701e-07	3.7604312442133894e-07	X0
CGATTGAGTCATCATC	-3.321928094887362	1.6610244897268262e-18	5.822729697591934e-18	X1
TCTCAATTCACAGACT	-2.807354922057604	6.564907761017925e-15	1.3424970548431796e-14	X1
AAACGGATCGAAGTAG	-2.321928094887362	2.4127107519685975e-13	4.369011087207231e-13	X1
GATCACTAGACACCGC	1.736965594166206	6.564907761017925e-15	1.3424970548431796e-14	X0
CATCGCTTCTCACTAT	3.169925001442312	1.6610244897268262e-18	5.822729697591934e-18	X0
TGAGGCACAGGCTTGT	-1.1699250014423122	9.157161244117683e-05	0.00011144738539251088	X1
TATGCATCAAGGTGGC	-3.169925001442312	4.1422259360400374e-14	7.91791191062939e-14	X1
AAAGCACCATCCTGAA	1.3219280948873622	2.1686833167108188e-09	3.137350440196232e-09	X0
GAGCTAGCAGAGAGCC	-4.169925001442312	1.363071866403019e-20	8.502363950314572e-20	X1
CGCTAATAGGACCTCA	-2.584962500721156	6.548999325035109e-12	1.0693048396261339e-11	X1
ATCGCCCGTTTGTTGC	-1.415037499278844	6.548999325035109e-12	1.0693048396261339e-11	X1
CATGCGGGTGTGAGGA	1.584962500721156	6.289575008339427e-06	7.975507841743658e-06	X0
AGGATTGAGGCTGTGC	-2.321928094887362	0.00020438858371340761	0.0002460120970633274	X1
AAAGGAGCAAGATTCT	-1.584962500721156	0.8643734879630823	0.8968272956012542	unknown
GGCGCTAGTAGCAGCT	-3.807354922057604	1.363071866403019e-20	8.502363950314572e-20	X1
AGGCAGGTCACAGCGC	-2.321928094887362	2.1686833167108188e-09	3.137350440196232e-09	X1
GGCTCAATCATTCATC	-2.0	0.044313040057033834	0.04985472305080024	X1
GCTAGCTCATCCCGCT	-2.169925001442312	9.556787680138532e-16	2.1356227092357177e-15	X1
GCTTACCTCGTTACTT	-3.584962500721156	6.26162256269268e-23	1.0840156507470095e-21	X1
CACATACAGGATTGCT	2.584962500721156	6.564907761017925e-15	1.3424970548431796e-14	X0
AGGAACCAGGACCTTG	3.584962500721156	1.363071866403019e-20	8.502363950314572e-20	X0
ATCAGGTTCCCATAGG	2.0	7.952664236893068e-09	1.1284123271995337e-08	X0
CGCACCACAGCAAATA	2.807354922057604	9.556787680138532e-16	2.1356227092357177e-15	X0
CCATCACTCTTTAAGG	1.0	0.044313040057033834	0.04985472305080024	X0
CGGTTTGAGTGAGGGT	-3.584962500721156	1.2704266677461526e-16	3.218033375269829e-16	X1
CTTCGCGTCCACCTGT	-2.169925001442312	1.3029679093280502e-12	2.239820187795613e-12	X1
TCGCGCACAGCTCAAC	-2.321928094887362	7.952664236893068e-09	1.1284123271995337e-08	X1
ATTGCTCGTGTTGTGA	-3.0	1.5316450877189923e-17	4.472183802777584e-17	X1
CCACATTGTTTCGCCA	-1.0	9.050013106514627e-08	1.228419758647018e-07	X1
ATTCCGGAGCTAAGTC	-3.321928094887362	1.363071866403019e-20	8.502363950314572e-20	X1
GCTGCACAGTATTGGC	-3.9068905956085187	1.5316450877189923e-17	4.472183802777584e-17	X1
CTATGAGGTGCATTAG	0.4150374992788439	6.289575008339427e-06	7.975507841743658e-06	X0
ACTAACTCAGGCCTTG	-2.807354922057604	1.3029679093280502e-12	2.239820187795613e-12	X1
TCCAGGTCAGGTTACC	-2.0	2.756790387925026e-08	3.824929141867178e-08	X1
CCACATTGTGGAGCAA	-3.584962500721156	3.224844447881771e-24	1.2299758276999067e-22	X1
TACTGAGGTTTAACGG	4.247927513443585	1.6610244897268262e-18	5.822729697591934e-18	X0
AACTAGTGTTACGCGG	-3.0	1.6610244897268262e-18	5.822729697591934e-18	X1
CAAGGCTGTGGCTTCC	3.9068905956085187	1.2704266677461526e-16	3.218033375269829e-16	X0
GGCTAGACAACCCTCC	-3.321928094887362	1.6610244897268262e-18	5.822729697591934e-18	X1
CCAACATAGACTCGCA	-2.0	6.548999325035109e-12	1.0693048396261339e-11	X1
GGTTTGTAGCTTAGTA	-2.0	1.5316450877189923e-17	4.472183802777584e-17	X1
ACAACATGTCGTTACT	0.0	1.0	1.0	unknown
CACAATATCTAAGTCA	-3.584962500721156	1.2704266677461526e-16	3.218033375269829e-16	X1
AGAATCTGTTCGCTTG	-1.3219280948873622	2.1686833167108188e-09	3.137350440196232e-09	X1
CTTTGTCCAGCAACAG	3.700439718141092	6.26162256269268e-23	1.0840156507470095e-21	X0
CATTGTGCATTGTTGG	3.247927513443585	1.6042818341220015e-19	7.283419635012658e-19	X0
CGCTCAGCACTTAGGC	-3.4594316186372973	6.26162256269268e-23	1.0840156507470095e-21	X1
CGGGTATGTACCGTTT	3.4594316186372973	1.6610244897268262e-18	5.822729697591934e-18	X0
TCCCGTTAGGTGAAGC	-3.584962500721156	3.224844447881771e-24	1.2299758276999067e-22	X1
GTTTAGCAGGTGTTAC	2.4594316186372973	1.6042818341220015e-19	7.283419635012658e-19	X0
ACACTTGCAGCTAATT	-2.321928094887362	0.0017588208614850794	0.002060775226984838	X1
CTGGTAAGTCCTAATC	-3.4594316186372973	1.363071866403019e-20	8.502363950314572e-20	X1
TTAGGAACATAACGGG	-4.392317422778761	6.26162256269268e-23	1.0840156507470095e-21	X1
GGCTCAATCCACCTTA	-3.169925001442312	1.5316450877189923e-17	4.472183802777584e-17	X1
CTTCTCAAGACACCGC	-2.700439718141092	1.6042818341220015e-19	7.283419635012658e-19	X1
GATTGGTTCGTTCACC	-3.321928094887362	1.6610244897268262e-18	5.822729697591934e-18	X1
GGACATAAGTTGGCCA	3.9068905956085187	1.363071866403019e-20	8.502363950314572e-20	X0
AAGCGCTGTATTGCAG	-1.584962500721156	2.818141017102701e-07	3.7604312442133894e-07	X1
CTGACCAAGCTATTGA	2.807354922057604	6.564907761017925e-15	1.3424970548431796e-14	X0
AACGCCCAGCTTATGA	-1.584962500721156	0.9333946903963931	0.9604115944601358	unknown
AAAGCAAGTTACTAGG	-2.584962500721156	1.5316450877189923e-17	4.472183802777584e-17	X1
GCCCATAAGGGTGAGT	-2.0	0.0060164878626817395	0.0069340164649698425	X1
GGACAGCCATAAAGCA	1.415037499278844	2.1686833167108188e-09	3.137350440196232e-09	X0
CAGGTTAGTTGCTGGG	2.807354922057604	2.4127107519685975e-13	4.369011087207231e-13	X0
CTTAAGATCTGTTCAT	3.321928094887362	1.6610244897268262e-18	5.822729697591934e-18	X0
CTGGTTTGTAATAGCT	-2.321928094887362	2.1686833167108188e-09	3.137350440196232e-09	X1
GCCATGATCACAGCCA	-3.169925001442312	1.5316450877189923e-17	4.472183802777584e-17	X1
AACAGGATCACGAATC	2.0	8.336813247250504e-07	1.0917468420889744e-06	X0
CAAACTGGTTTATCTG	-2.321928094887362	3.0739033075239876e-11	4.8429849227620825e-11	X1
TCGGTTCTCGGGATTT	-4.169925001442312	1.0029797609618065e-21	9.676970737184859e-21	X1
AGGACGTAGACTAAGG	-0.53051471669878	0.0060164878626817395	0.0069340164649698425	X1
TACGGATTCATTTGTC	2.0	1.6042818341220015e-19	7.283419635012658e-19	X0
CAGGCTGGTAGACAAA	2.807354922057604	2.4127107519685975e-13	4.369011087207231e-13	X0
TTACCTGTCCACAATA	1.584962500721156	2.1686833167108188e-09	3.137350440196232e-09	X0
GTGCTTACATCCATCT	-3.4594316186372973	6.26162256269268e-23	1.0840156507470095e-21	X1
AGCATTTCAAACTGTT	-2.0	0.01048936783892586	0.011996507993823844	X1
TATGGCCCAAGACTCC	-3.169925001442312	1.5316450877189923e-17	4.472183802777584e-17	X1
GATGCGACATGCTATG	-2.807354922057604	1.3029679093280502e-12	2.239820187795613e-12	X1
GAAACCCGTGCTTACT	-3.4594316186372973	1.6042818341220015e-19	7.283419635012658e-19	X1
CTAATGTCAATAGCAA	-3.584962500721156	1.0029797609618065e-21	9.676970737184859e-21	X1
ACGAGTAAGTTATCCT	-3.0	1.0029797609618065e-21	9.676970737184859e-21	X1
TATGGTCAGGCGGATG	-2.0	0.0017588208614850794	0.002060775226984838	X1
ATTGCGCCAGTCTAGC	3.0	2.4127107519685975e-13	4.369011087207231e-13	X0
CTATGGCCAAGTGTCC	-1.584962500721156	0.6178232827986665	0.6536145478091064	unknown
CTGTTTAGTCGCGCAA	-2.0	6.289575008339427e-06	7.975507841743658e-06	X1
TTTCGTCCAGCTTAGC	-3.169925001442312	1.2704266677461526e-16	3.218033375269829e-16	X1
ACGGTTAGTCCCGGAA	-2.0	9.050013106514627e-08	1.228419758647018e-07	X1
AGGGTTGCAGGGAGCT	-2.807354922057604	4.1422259360400374e-14	7.91791191062939e-14	X1
GTTACTCGTCAAAGGG	-2.584962500721156	4.1422259360400374e-14	7.91791191062939e-14	X1
CCAGCTGCACATACTG	-3.0	1.363071866403019e-20	8.502363950314572e-20	X1
TCAAGAACATGAATCT	-2.222392421336448	3.224844447881771e-24	1.2299758276999067e-22	X1
CCTACTGGTGAAACAA	-3.4594316186372973	1.363071866403019e-20	8.502363950314572e-20	X1
CTAGTAATCGTTATCT	-1.584962500721156	0.9556869599429662	0.981556186207902	unknown
ACGGTTAGTAGTTGGC	-0.2630344058337939	0.24205920680364573	0.26354439063679713	unknown
TAGGTTGGTGGTTCCC	-2.0	0.003318560257963064	0.003849487845566849	X1
ACGAATCTCGGGACTC	-2.807354922057604	1.5316450877189923e-17	4.472183802777584e-17	X1
CGCAATGTCTAAATCG	1.3219280948873622	6.289575008339427e-06	7.975507841743658e-06	X0
GTCTAGCCAATCCTAG	-3.4594316186372973	1.5316450877189923e-17	4.472183802777584e-17	X1
GATCACTAGGAAGCTA	-3.321928094887362	1.5316450877189923e-17	4.472183802777584e-17	X1
GCGTAACGTTTGAGCA	-2.0	0.0004368599184561862	0.0005205215071354787	X1
CCTAGTTGTCTATCGT	-0.8073549220576042	1.6080007647833168e-05	2.0063706935607818e-05	X1
GCTCATTGTGCTTTAC	-2.321928094887362	2.1686833167108188e-09	3.137350440196232e-09	X1
CCACATTGTTATGTGG	-3.169925001442312	4.1422259360400374e-14	7.91791191062939e-14	X1
ACCTAAATCCTCATGC	3.0	1.6042818341220015e-19	7.283419635012658e-19	X0
AGAAAGGCAAGATTCT	-1.584962500721156	0.9333946903963931	0.9604115944601358	unknown
TGTTGTTTCGGTTAGT	-2.321928094887362	3.0739033075239876e-11	4.8429849227620825e-11	X1
CCATTATTCTACCTAT	-3.169925001442312	1.5316450877189923e-17	4.472183802777584e-17	X1
TGAGCACGTAGGATTT	0.0	1.0	1.0	unknown
GGGTCACTCTGGCATG	-2.321928094887362	1.2704266677461526e-16	3.218033375269829e-16	X1
CGCATTTGTCAAGTAT	-2.584962500721156	4.1422259360400374e-14	7.91791191062939e-14	X1
GGCGCTAGTCATTGAG	-2.0	2.346206306321115e-06	3.0232744644007614e-06	X1
TGTTATGAGGAGTCTT	-3.584962500721156	1.6042818341220015e-19	7.283419635012658e-19	X1
GTTGGCGGTACTAAAC	1.3219280948873622	7.952664236893068e-09	1.1284123271995337e-08	X0
TAGGTGCGTTAGTGAT	-2.321928094887362	1.3029679093280502e-12	2.239820187795613e-12	X1
CACAAGCGTTGTAACG	-3.9068905956085187	1.6610244897268262e-18	5.822729697591934e-18	X1
GAACCAGCAATTTGGT	-0.637429920615292	0.003318560257963064	0.003849487845566849	X1
ACGCCTAAGGCAGGTG	-2.807354922057604	6.564907761017925e-15	1.3424970548431796e-14	X1
GTGGATGCAATGAAGC	-1.0	0.0004368599184561862	0.0005205215071354787	X1
ACGCCTTTCGTGCTAG	-2.584962500721156	6.548999325035109e-12	1.0693048396261339e-11	X1
AGCAGGTAGTAGGCGG	2.0	9.157161244117683e-05	0.00011144738539251088	X0
GCTAGCCAGCACAGGG	1.3219280948873622	9.050013106514627e-08	1.228419758647018e-07	X0
TCCGGAATCCGGAACC	-0.4150374992788439	0.003318560257963064	0.003849487845566849	X1
AGTAGCTTCAAGTGAG	-4.0	1.5316450877189923e-17	4.472183802777584e-17	X1
GTGAGCGAGTAACTCA	0.5849625007211561	0.7579407931963542	0.7938215715928063	unknown
CAGCTCAAGTCAGTAC	-1.3219280948873622	9.157161244117683e-05	0.00011144738539251088	X1
GGTTACCCAGGCTTGT	1.584962500721156	6.548999325035109e-12	1.0693048396261339e-11	X0
GGAGTGAGTAGTTACG	-2.0	2.346206306321115e-06	3.0232744644007614e-06	X1
CTTTATCAGCCTGAGC	4.0	1.363071866403019e-20	8.502363950314572e-20	X0
ACCTTGCTCAGGAAGC	-2.321928094887362	6.289575008339427e-06	7.975507841743658e-06	X1
ACGTCCAAGTGTGATC	-1.0	2.756790387925026e-08	3.824929141867178e-08	X1
TGCAGGCTCATTTGCT	2.584962500721156	2.1686833167108188e-09	3.137350440196232e-09	X0
ATGCGATTCAAGCGCC	-3.247927513443585	1.0029797609618065e-21	9.676970737184859e-21	X1
ATCACTAAGGGCTAAA	-2.584962500721156	2.4127107519685975e-13	4.369011087207231e-13	X1
TATGGGCGTCTCAGCC	-2.321928094887362	1.363071866403019e-20	8.502363950314572e-20	X1
CAAGTTATCTAATCCT	-3.700439718141092	1.2704266677461526e-16	3.218033375269829e-16	X1
GCTTAGTAGACAAACG	3.0	1.2704266677461526e-16	3.218033375269829e-16	X0
GAGCCTTCACAAAGAC	2.807354922057604	6.564907761017925e-15	1.3424970548431796e-14	X0
CTTTCTTGTTAGGCGT	-3.169925001442312	1.6610244897268262e-18	5.822729697591934e-18	X1
CCAGGAACAATAATGG	-3.321928094887362	1.6042818341220015e-19	7.283419635012658e-19	X1
TTCAGCACATTAGCGC	-1.3219280948873622	9.050013106514627e-08	1.228419758647018e-07	X1
CCCTCACCAGGCATGA	-2.502500340529183	1.0029797609618065e-21	9.676970737184859e-21	X1
GGCGATACAAACAACA	2.4594316186372973	1.363071866403019e-20	8.502363950314572e-20	X0
AATAACCGTAGCCATA	-3.4594316186372973	4.1422259360400374e-14	7.91791191062939e-14	X1
GACCGTTCAGGCCAAA	-2.321928094887362	2.346206306321115e-06	3.0232744644007614e-06	X1
TGTCAGTAGTATGTGC	-3.321928094887362	1.6610244897268262e-18	5.822729697591934e-18	X1
GCGCTTGCATAAACCT	-3.584962500721156	1.6042818341220015e-19	7.283419635012658e-19	X1
TTGCAAGGTCCTAGTT	3.4594316186372973	6.564907761017925e-15	1.3424970548431796e-14	X0
GTTGTTGCATGCTATG	-3.4594316186372973	1.0029797609618065e-21	9.676970737184859e-21	X1
TTGGCTTGTTAGAGGG	2.584962500721156	6.548999325035109e-12	1.0693048396261339e-11	X0
CTACCGGCACGTAATT	-3.807354922057604	3.224844447881771e-24	1.2299758276999067e-22	X1
GAAGGCTAGGAGTAAT	0.5849625007211561	0.998241179138515	1.0	unknown
GTAAGCGCAAACAACA	1.584962500721156	0.9999999094998689	1.0	unknown
TTGCAAGGTGATGATT	0.3219280948873622	2.818141017102701e-07	3.7604312442133894e-07	X0
GCCTAATAGTATCGCG	3.584962500721156	6.26162256269268e-23	1.0840156507470095e-21	X0
GTGGTTAGTTTGGTTC	-2.4594316186372973	1.5316450877189923e-17	4.472183802777584e-17	X1
CAAACTGGTTTGCAGA	-2.807354922057604	9.556787680138532e-16	2.1356227092357177e-15	X1
ACCAGGCTCCAGGGAG	2.321928094887362	1.3513812610243942e-10	2.061271604766015e-10	X0
TCTAACTTCAAACCTA	-2.263034405833794	1.363071866403019e-20	8.502363950314572e-20	X1
AGTGCACGTACTTAGG	-1.0	2.346206306321115e-06	3.0232744644007614e-06	X1
AGCTAACTCTTGCATT	-4.0	1.363071866403019e-20	8.502363950314572e-20	X1
GTTACGCCATGTTGTG	-2.584962500721156	4.1422259360400374e-14	7.91791191062939e-14	X1
TGCTATGCATTATGCG	-2.584962500721156	4.1422259360400374e-14	7.91791191062939e-14	X1
AGGTGAGGTAGCCTCC	-2.0	2.1686833167108188e-09	3.137350440196232e-09	X1
AAGGTGCAGTCAATTG	-3.584962500721156	6.26162256269268e-23	1.0840156507470095e-21	X1
CTAACCACAGCACGTT	2.807354922057604	5.579544528625976e-10	8.284469704608276e-10	X0
TATCGCGAGTCATCCC	-1.0	6.289575008339427e-06	7.975507841743658e-06	X1
TTGTTTGGTGCTTAGA	2.584962500721156	1.6610244897268262e-18	5.822729697591934e-18	X0
TGTTCATTCAACCAAC	-2.807354922057604	4.1422259360400374e-14	7.91791191062939e-14	X1
GACTTGGTCCTTGCGT	-3.321928094887362	1.0029797609618065e-21	9.676970737184859e-21	X1
ACCACATAGGAGGTTA	-2.321928094887362	3.0739033075239876e-11	4.8429849227620825e-11	X1
GATTGGTTCAGCTAAC	3.0	1.0029797609618065e-21	9.676970737184859e-21	X0
CTAAGGTTCTACTAAG	-3.3923174227787607	1.0029797609618065e-21	9.676970737184859e-21	X1
GGGTTACGTTAACGGC	-2.584962500721156	9.556787680138532e-16	2.1356227092357177e-15	X1
AACATTGTCAATGAGG	-2.807354922057604	1.2704266677461526e-16	3.218033375269829e-16	X1
GCCAGGTTCAGGCTAT	-1.0	7.952664236893068e-09	1.1284123271995337e-08	X1
GAACCGCTCATTACGA	-1.5849625007211565	1.363071866403019e-20	8.502363950314572e-20	X1
TTGTCAAAGTTTGGTA	-2.321928094887362	2.756790387925026e-08	3.824929141867178e-08	X1
TAGTACGGTCATTGAG	-1.584962500721156	0.38217671720133345	0.41102659716042955	unknown
TAAGCTATCGTAACGT	-1.584962500721156	0.24205920680364573	0.26354439063679713	unknown
CGCAATAGTTTGGGTA	-2.807354922057604	1.5316450877189923e-17	4.472183802777584e-17	X1
CCTCCTGAGCTTGCTC	-2.584962500721156	1.6610244897268262e-18	5.822729697591934e-18	X1
CTCAATAAGGATTTGC	-3.6438561897747244	1.3154334480650894e-25	1.437749125400097e-23	X1
GTCTATCGTGCATTAG	0.7004397181410922	9.050013106514627e-08	1.228419758647018e-07	X0
AACGACAAGAGGCTAA	-3.807354922057604	1.6610244897268262e-18	5.822729697591934e-18	X1
TCTTAGCGTTGCGGAT	-2.0	1.6080007647833168e-05	2.0063706935607818e-05	X1
GCCAGGAAGGCGCATC	-3.0	1.6610244897268262e-18	5.822729697591934e-18	X1
TCCTCAATCTTGATGA	3.0	1.363071866403019e-20	8.502363950314572e-20	X0
TCAGGTTAGCTATTGA	2.807354922057604	1.5316450877189923e-17	4.472183802777584e-17	X0
ACCAGGACATCTTGAG	-2.807354922057604	3.224844447881771e-24	1.2299758276999067e-22	X1
TTAGGATGTCAATGTG	-1.3219280948873622	2.756790387925026e-08	3.824929141867178e-08	X1
TTACGTTTCCATAATG	-4.0	1.363071866403019e-20	8.502363950314572e-20	X1
GATTCAGGTCCTAACT	-3.700439718141092	1.363071866403019e-20	8.502363950314572e-20	X1
TGATTAGTCTTGTCCA	2.584962500721156	6.564907761017925e-15	1.3424970548431796e-14	X0
TACTTGTTCAGTGAAG	-2.0	2.818141017102701e-07	3.7604312442133894e-07	X1
ATGCGATTCTATTGTC	-3.321928094887362	1.6042818341220015e-19	7.283419635012658e-19	X1
GTCTCACTCGGGATTT	-2.807354922057604	9.556787680138532e-16	2.1356227092357177e-15	X1
TAGGAACCATCATGTG	-1.584962500721156	0.24205920680364573	0.26354439063679713	unknown
TACAGCTAGTGAACCT	-3.169925001442312	2.4127107519685975e-13	4.369011087207231e-13	X1
CAAGTTATCGCATTAA	-3.4594316186372973	1.5316450877189923e-17	4.472183802777584e-17	X1
CTTAAGATCGATTTGA	-3.0	1.6610244897268262e-18	5.822729697591934e-18	X1
GATGAGGGTTTACCGT	-3.169925001442312	6.26162256269268e-23	1.0840156507470095e-21	X1
CGCAATTAGGCATTAC	-2.584962500721156	6.564907761017925e-15	1.3424970548431796e-14	X1
GAAACCCGTGATCAGC	2.807354922057604	2.1686833167108188e-09	3.137350440196232e-09	X0
CATTGTGCACATACTG	3.0	6.26162256269268e-23	1.0840156507470095e-21	X0
ATCACTAAGGTCAAAG	0.5849625007211561	0.01048936783892586	0.011996507993823844	X0
CAGGAAGGTGTCCTGC	-2.807354922057604	1.363071866403019e-20	8.502363950314572e-20	X1
CATTGCGAGTCACTCC	-2.321928094887362	2.4127107519685975e-13	4.369011087207231e-13	X1
GGGCTAACAGGCTAAG	-3.0	1.0029797609618065e-21	9.676970737184859e-21	X1
TTTCCGGGTGCAATAT	3.0	3.224844447881771e-24	1.2299758276999067e-22	X0
AATTTCCTCCTTCTAG	-3.4594316186372973	1.0029797609618065e-21	9.676970737184859e-21	X1
ACCCGGTAGTGAACGA	-3.584962500721156	3.9845364322713306e-27	1.9452506862348638e-24	X1
CTTAACAAGAACAAGT	2.0	1.2704266677461526e-16	3.218033375269829e-16	X0
CTTAATGAGGTTACGT	4.087462841250339	1.6042818341220015e-19	7.283419635012658e-19	X0
TGTGCGCAGTCATTAG	-3.321928094887362	1.0029797609618065e-21	9.676970737184859e-21	X1
AGCGGATAGTAAGTCC	-1.415037499278844	4.1422259360400374e-14	7.91791191062939e-14	X1
GCCTATTGTTATCCGT	-3.4594316186372973	1.363071866403019e-20	8.502363950314572e-20	X1
GGTTAATGTAGTTACG	3.4594316186372973	1.6042818341220015e-19	7.283419635012658e-19	X0
CGTTTCTCAGTAGCCT	-2.584962500721156	1.2704266677461526e-16	3.218033375269829e-16	X1
GTATGTTCATCATGTG	3.321928094887362	6.26162256269268e-23	1.0840156507470095e-21	X0
GCGCTAGGTGTTCCCA	-2.321928094887362	2.1686833167108188e-09	3.137350440196232e-09	X1
CAACCGGGTCCTCCAA	2.584962500721156	1.3029679093280502e-12	2.239820187795613e-12	X0
AGGCAATCATAATTGC	-2.700439718141092	6.26162256269268e-23	1.0840156507470095e-21	X1
GAGTTTGGTAATTAGC	-4.392317422778761	1.6080007647833168e-05	2.0063706935607818e-05	X1
TCGTAATCACAATTAC	-4.0	3.224844447881771e-24	1.2299758276999067e-22	X1
AGGTGAGGTATTGGAT	0.19264507794239583	0.38217671720133345	0.41102659716042955	unknown
TGGGCCTAGTCGCAAT	-0.5849625007211561	0.1356265120369177	0.1499159166258639	unknown
GTACGTAGTAGCAGCT	-3.4594316186372973	1.6610244897268262e-18	5.822729697591934e-18	X1
AGGTATTGTAATGGCC	-4.087462841250339	1.363071866403019e-20	8.502363950314572e-20	X1
AGTCAATGTTTACTTG	-2.169925001442312	1.6610244897268262e-18	5.822729697591934e-18	X1
GTCCTCAGTGCTGTAA	-3.584962500721156	1.6042818341220015e-19	7.283419635012658e-19	X1
GTCTTGCTCTCAATGA	-3.4594316186372973	1.363071866403019e-20	8.502363950314572e-20	X1
TTGCATTTCCAATAGC	2.584962500721156	9.556787680138532e-16	2.1356227092357177e-15	X0
TTCCTTGAGCTATGAC	-3.807354922057604	6.26162256269268e-23	1.0840156507470095e-21	X1
ATCGAGGCAGGCGAGT	-2.4594316186372973	1.2704266677461526e-16	3.218033375269829e-16	X1
CCAGGAACAAGTCGCT	-1.3219280948873622	2.756790387925026e-08	3.824929141867178e-08	X1
AAGTTTGTCCTAAGGT	-1.584962500721156	1.6610244897268262e-18	5.822729697591934e-18	X1
GCTATCCTCCCTCATA	-3.0	1.363071866403019e-20	8.502363950314572e-20	X1
CTTGTTTAGGCGCTAC	3.0	1.5316450877189923e-17	4.472183802777584e-17	X0
CCTGAGTCAGGAACAT	-2.584962500721156	9.556787680138532e-16	2.1356227092357177e-15	X1
TCTATGTTCATGCATA	-3.0	1.6042818341220015e-19	7.283419635012658e-19	X1
GGGAATATCCCGCATT	-3.169925001442312	1.363071866403019e-20	8.502363950314572e-20	X1
CGCTAACCAGGCCTTG	-2.807354922057604	1.363071866403019e-20	8.502363950314572e-20	X1
TGGACCGGTCGCAATA	-3.807354922057604	1.5316450877189923e-17	4.472183802777584e-17	X1
CTAGGCGGTTATTGCC	-3.0	1.6042818341220015e-19	7.283419635012658e-19	X1
CCAGTTTGTATTGTGG	-4.807354922057604	0.0008949651957434264	0.001056728495393278	X1
TTGCCCGTCGATATTG	-2.584962500721156	1.5316450877189923e-17	4.472183802777584e-17	X1
AACGCCCAGGAAGTAT	-3.9068905956085187	1.3154334480650894e-25	1.437749125400097e-23	X1
GAGGTACAGACTCGCA	-3.0	9.556787680138532e-16	2.1356227092357177e-15	X1
CGGACAACAATTGAGA	-3.169925001442312	6.564907761017925e-15	1.3424970548431796e-14	X1
GAGGGAGCATGAGCAG	-3.700439718141092	3.224844447881771e-24	1.2299758276999067e-22	X1
ACACTTGCAGCAAGAT	-0.6520766965796931	2.818141017102701e-07	3.7604312442133894e-07	X1
TCGCATTGTCCGTAGG	3.0	9.556787680138532e-16	2.1356227092357177e-15	X0
TCGCCCATCGCAATCG	-2.584962500721156	9.556787680138532e-16	2.1356227092357177e-15	X1
ATTGACTCACCTACGG	-3.321928094887362	1.0029797609618065e-21	9.676970737184859e-21	X1
TTCCCGCCATTATCCC	-0.8073549220576046	0.0966739522478214	0.1074269123385123	unknown
CACCTCAGTGGAGCAA	-2.584962500721156	1.3029679093280502e-12	2.239820187795613e-12	X1
GCTAGCTCAGCAACCT	-3.584962500721156	1.363071866403019e-20	8.502363950314572e-20	X1
ATGATGACACTTGTTC	3.169925001442312	9.556787680138532e-16	2.1356227092357177e-15	X0
CGATATTCAAACTCAT	-2.807354922057604	1.6610244897268262e-18	5.822729697591934e-18	X1
TATCGCACAGAAATGC	3.087462841250339	3.224844447881771e-24	1.2299758276999067e-22	X0
TCTAATCTCCCTCAGT	-2.807354922057604	1.3029679093280502e-12	2.239820187795613e-12	X1
CCTAAATCATTTAAGC	2.222392421336448	6.26162256269268e-23	1.0840156507470095e-21	X0
GGCATGGAGCGGGCAA	-3.584962500721156	1.6042818341220015e-19	7.283419635012658e-19	X1
GATTGGCGTAGTTACG	-2.321928094887362	5.579544528625976e-10	8.284469704608276e-10	X1
CATAGACTCAAACCGT	2.584962500721156	2.4127107519685975e-13	4.369011087207231e-13	X0
TTGACTAAGTAACCCG	3.4594316186372973	1.363071866403019e-20	8.502363950314572e-20	X0
CCAGTTTGTTTGAGGC	-4.247927513443585	1.3154334480650894e-25	1.437749125400097e-23	X1
GGCCAGTTCCAAACAC	-3.4594316186372973	1.363071866403019e-20	8.502363950314572e-20	X1
GCAGGAAGTTTAGTCC	-2.321928094887362	9.556787680138532e-16	2.1356227092357177e-15	X1
GTAGGTGCAAGTTATC	-0.5849625007211561	0.38217671720133345	0.41102659716042955	unknown
TACTGCACAGCAAGGC	-3.584962500721156	1.5316450877189923e-17	4.472183802777584e-17	X1
GTCTTGCTCGCATTAA	-3.321928094887362	6.26162256269268e-23	1.0840156507470095e-21	X1
GATGACTTCATGGCCA	-3.321928094887362	6.26162256269268e-23	1.0840156507470095e-21	X1
GTCAAACTCCTCACTA	-2.807354922057604	1.6610244897268262e-18	5.822729697591934e-18	X1
ACCCGGTAGGCCATCA	2.807354922057604	1.6610244897268262e-18	5.822729697591934e-18	X0
ATTGACTCATTGTGCA	-3.4594316186372973	1.0029797609618065e-21	9.676970737184859e-21	X1
TCCGGTTTCCCTGTTA	-3.0	1.0029797609618065e-21	9.676970737184859e-21	X1
CTTAACAAGTGACCTG	3.9068905956085187	6.26162256269268e-23	1.0840156507470095e-21	X0
AATTAGGCAGTTTGTG	-2.321928094887362	1.3029679093280502e-12	2.239820187795613e-12	X1
AGTGCGGAGCGCCTTT	0.8073549220576042	2.346206306321115e-06	3.0232744644007614e-06	X0
ATTCACTTCCGCAACA	2.4594316186372973	1.6042818341220015e-19	7.283419635012658e-19	X0
CGTGAGGAGTCCTGAG	-3.700439718141092	3.224844447881771e-24	1.2299758276999067e-22	X1
TTTAGCTTCTAGCGTG	-0.8073549220576042	6.289575008339427e-06	7.975507841743658e-06	X1
CTTCAGGAGTGATTCA	2.0	1.6080007647833168e-05	2.0063706935607818e-05	X0
GACATAGAGACAGGTA	-3.321928094887362	1.0029797609618065e-21	9.676970737184859e-21	X1
CAAGTTATCATTTAGG	-3.169925001442312	9.556787680138532e-16	2.1356227092357177e-15	X1
AAATGCCTCACAGACT	-1.7004397181410922	1.5316450877189923e-17	4.472183802777584e-17	X1
CGCTTGCGTCATGCAA	-2.584962500721156	1.3029679093280502e-12	2.239820187795613e-12	X1
ACTTATGAGAGAGGAG	1.222392421336448	1.3029679093280502e-12	2.239820187795613e-12	X0
GTACTAATCCCTCAAC	-3.321928094887362	1.0029797609618065e-21	9.676970737184859e-21	X1
TGCGGTTCATCAATCG	2.321928094887362	3.0739033075239876e-11	4.8429849227620825e-11	X0
CAGCCAATCTTAATGG	-3.0	2.4127107519685975e-13	4.369011087207231e-13	X1
ATGCTTAAGGACTTAC	-2.321928094887362	1.3029679093280502e-12	2.239820187795613e-12	X1
GGTCCTGCAATAACCT	0.15200309344505003	0.46020538130641053	0.49191125489809434	unknown
ATGCCTGAGTTTCCTG	3.700439718141092	6.26162256269268e-23	1.0840156507470095e-21	X0
GCTTGACCACACTAAT	-1.0	1.3029679093280502e-12	2.239820187795613e-12	X1
AATAGAGGTATTGGAT	2.0	1.6610244897268262e-18	5.822729697591934e-18	X0
TGACTTAAGAGGATAT	-3.0	6.26162256269268e-23	1.0840156507470095e-21	X1
CATCCTTCACCGTTCC	-1.8073549220576042	9.556787680138532e-16	2.1356227092357177e-15	X1
GAACCTTAGTCACTAA	4.0	1.6610244897268262e-18	5.822729697591934e-18	X0
CACCAACCAGGTTAAA	-0.24100809950379487	0.044313040057033834	0.04985472305080024	X1
GTTTGTAAGGTTTACA	-0.8073549220576042	1.3513812610243942e-10	2.061271604766015e-10	X1
ACAACAACATATAACC	-4.392317422778761	1.0029797609618065e-21	9.676970737184859e-21	X1
CCCAATTGTCGCGCAA	-1.8073549220576042	6.564907761017925e-15	1.3424970548431796e-14	X1
AACTAGTGTCACTCGC	-2.321928094887362	7.952664236893068e-09	1.1284123271995337e-08	X1
TCGCGCACACACAATT	-3.321928094887362	1.6610244897268262e-18	5.822729697591934e-18	X1
AAAGGAGCAGTAGGTG	-4.247927513443585	1.3154334480650894e-25	1.437749125400097e-23	X1
AACCTTAAGTTTCCTG	3.700439718141092	1.363071866403019e-20	8.502363950314572e-20	X0
CAAACCGTCCGTTATT	-3.584962500721156	1.6610244897268262e-18	5.822729697591934e-18	X1
GTTTATCTCCTGATTT	-3.321928094887362	1.6042818341220015e-19	7.283419635012658e-19	X1
TCAAGAACATGCATAT	-3.807354922057604	3.9845364322713306e-27	1.9452506862348638e-24	X1
CAAGAACCATTAAACC	-3.169925001442312	4.1422259360400374e-14	7.91791191062939e-14	X1
TTTGCGACACAATGTT	-3.0	1.2704266677461526e-16	3.218033375269829e-16	X1
CAGGACACAGGCTACT	2.321928094887362	2.1686833167108188e-09	3.137350440196232e-09	X0
GCTAAGTTCAGGAAGC	-2.321928094887362	8.336813247250504e-07	1.0917468420889744e-06	X1
GCGCTAGGTGTAATAC	-3.0	1.6610244897268262e-18	5.822729697591934e-18	X1
CGTACGGGTCATAAGT	-3.700439718141092	6.26162256269268e-23	1.0840156507470095e-21	X1
CATTGTGCAACCCTAA	2.502500340529183	1.363071866403019e-20	8.502363950314572e-20	X0
GACCTTTGTGCGCAAT	-3.4594316186372973	1.0029797609618065e-21	9.676970737184859e-21	X1
TGATTCAAGCATGTTA	-3.4594316186372973	1.363071866403019e-20	8.502363950314572e-20	X1
GTGTGAGCAGAAACGT	4.169925001442312	6.26162256269268e-23	1.0840156507470095e-21	X0
TTGGGTTAGGACACTT	-2.807354922057604	9.556787680138532e-16	2.1356227092357177e-15	X1
GTATGTGGTTAATGCG	1.3219280948873622	9.050013106514627e-08	1.228419758647018e-07	X0
TGTGGAGCAGCCTAAC	-1.584962500721156	0.7579407931963542	0.7938215715928063	unknown
GATTACGGTCGTAATG	-2.584962500721156	6.564907761017925e-15	1.3424970548431796e-14	X1
TTTCTCACAGTAGGAT	3.321928094887362	1.5316450877189923e-17	4.472183802777584e-17	X0
GATGAGGGTCATAGAT	-2.0	0.00020438858371340761	0.0002460120970633274	X1
GTTCGCTTCATAGACC	2.807354922057604	4.1422259360400374e-14	7.91791191062939e-14	X0
CCCAAATAGGCCGGAA	-3.321928094887362	1.2704266677461526e-16	3.218033375269829e-16	X1
TCCATGCTCATTTGTC	-4.087462841250339	1.6042818341220015e-19	7.283419635012658e-19	X1
TATTAGCCAGCTTAGC	1.415037499278844	5.579544528625976e-10	8.284469704608276e-10	X0
GTTGGAGCAAGTGAAC	1.584962500721156	7.952664236893068e-09	1.1284123271995337e-08	X0
TTTCTCACAGCCGCTA	-1.584962500721156	0.38217671720133345	0.41102659716042955	unknown
GTTGCATAGCTAAGTC	-1.584962500721156	0.6913502932053739	0.7283496183488639	unknown
GGTGTCCAGCTTAACA	2.0	2.818141017102701e-07	3.7604312442133894e-07	X0
GCGCGATTCCCGAAGC	-1.584962500721156	0.8643734879630823	0.8968272956012542	unknown
TCGTTAAAGAGCCGGA	-2.0	3.925069822796835e-05	4.843013700478723e-05	X1
GCGAAGTAGTATTGGC	-2.584962500721156	0.003318560257963064	0.003849487845566849	X1
GCAAACTTCAGCATTA	-4.321928094887363	1.0029797609618065e-21	9.676970737184859e-21	X1
ATCCTCATCGGTTAGT	-3.4594316186372973	1.363071866403019e-20	8.502363950314572e-20	X1
GGCTTCAAGCTCAATA	0.4150374992788439	0.24205920680364573	0.26354439063679713	unknown
CGATTATCAGTTTCTC	-4.087462841250339	1.0029797609618065e-21	9.676970737184859e-21	X1
ACCCGTAAGCGAAGTA	2.169925001442312	1.5316450877189923e-17	4.472183802777584e-17	X0
ATATAGGCAGGAAGCC	-2.321928094887362	2.1686833167108188e-09	3.137350440196232e-09	X1
ATCGAGGCATCGTTCT	-2.169925001442312	4.1422259360400374e-14	7.91791191062939e-14	X1
TCTAGCCTCCCGTTGT	-3.4594316186372973	1.5316450877189923e-17	4.472183802777584e-17	X1
AAGCTAGAGTTAACCA	1.3219280948873622	0.01048936783892586	0.011996507993823844	X0
AGATGAAGTTGGGTTA	-3.4594316186372973	3.224844447881771e-24	1.2299758276999067e-22	X1
GCCACTAAGCAAGGTA	-3.169925001442312	1.6042818341220015e-19	7.283419635012658e-19	X1
CCTGACTTCTGGCATG	2.0	0.0008949651957434264	0.001056728495393278	X0
TCATGTTTCCTAATTC	0.0	1.0	1.0	unknown
GGCAAGCCATCCAGGT	-2.807354922057604	6.564907761017925e-15	1.3424970548431796e-14	X1
GGACTAAAGTTCCTGC	-4.087462841250339	6.26162256269268e-23	1.0840156507470095e-21	X1
TCCATAAAGTTAGAGG	-3.807354922057604	1.6610244897268262e-18	5.822729697591934e-18	X1
TCTCCTCGTACTAAAC	4.321928094887363	3.224844447881771e-24	1.2299758276999067e-22	X0
GTTGGCCAGCGAGGTG	-3.807354922057604	1.5316450877189923e-17	4.472183802777584e-17	X1
AGGACTAAGGCGAAAC	2.584962500721156	2.4127107519685975e-13	4.369011087207231e-13	X0
AACAGGATCCTTCGTA	-3.4594316186372973	1.5316450877189923e-17	4.472183802777584e-17	X1
GTGAACAAGTCAATCA	2.584962500721156	9.050013106514627e-08	1.228419758647018e-07	X0
TTGCTTTAGAGCCGCT	-2.321928094887362	0.0004368599184561862	0.0005205215071354787	X1
CAAAGCGCATCCTAGA	0.0	1.0	1.0	unknown
AGTAATGCAAGACTCC	-2.584962500721156	1.2704266677461526e-16	3.218033375269829e-16	X1
CTCGACAAGGAGGGTT	-3.0	1.6042818341220015e-19	7.283419635012658e-19	X1
CTTGCATGTGCTTACT	2.807354922057604	1.363071866403019e-20	8.502363950314572e-20	X0
CCAGGATGTCATAGAT	3.807354922057604	1.363071866403019e-20	8.502363950314572e-20	X0
CGTTATCGTGAATCGC	-3.4594316186372973	9.556787680138532e-16	2.1356227092357177e-15	X1
CTAAGGTTCACAGGAA	-3.584962500721156	4.1422259360400374e-14	7.91791191062939e-14	X1
CTCGTTATCACAAGCT	-3.321928094887362	1.5316450877189923e-17	4.472183802777584e-17	X1
GGGCATGAGACCATAC	-2.0	3.925069822796835e-05	4.843013700478723e-05	X1
TGGTTGAGTACCAGGT	-3.584962500721156	3.224844447881771e-24	1.2299758276999067e-22	X1
CAGCTCAAGCTGGCTA	-3.321928094887362	1.6042818341220015e-19	7.283419635012658e-19	X1
TTAGTCAAGTTATTCC	-3.4594316186372973	6.548999325035109e-12	1.0693048396261339e-11	X1
GATTGGTTCATGCAAC	2.0	1.6080007647833168e-05	2.0063706935607818e-05	X0
GTCTAGCCATAGACTT	-2.8073549220576046	1.363071866403019e-20	8.502363950314572e-20	X1
GTGTGAGCAAACCTAT	-1.222392421336448	1.2704266677461526e-16	3.218033375269829e-16	X1
TCGACAAGTGTGCAAC	1.584962500721156	0.46020538130641053	0.49191125489809434	unknown
AGAATCGAGGTGCGGA	3.0	1.3513812610243942e-10	2.061271604766015e-10	X0
CCGATGCAGCTGCACA	2.584962500721156	9.556787680138532e-16	2.1356227092357177e-15	X0
GACTTGGTCCTCGATC	-1.584962500721156	0.46020538130641053	0.49191125489809434	unknown
GTGCTCAAGACAGGTA	-3.247927513443585	9.556787680138532e-16	2.1356227092357177e-15	X1
TGAGCTTAGGGCTTAT	0.0	1.0	1.0	unknown
GATCGAGCATACCCGG	1.584962500721156	0.24205920680364573	0.26354439063679713	unknown
GCACATTAGACAGGCG	-2.807354922057604	9.556787680138532e-16	2.1356227092357177e-15	X1
CGCATTTGTTTATGGG	2.584962500721156	6.548999325035109e-12	1.0693048396261339e-11	X0
CTGGCTAAGCAAGGGT	-3.4594316186372973	6.564907761017925e-15	1.3424970548431796e-14	X1
AAGTTTGTCCTCATGC	-2.584962500721156	9.556787680138532e-16	2.1356227092357177e-15	X1
GATTGGCGTTGCTGGG	-2.0	0.00020438858371340761	0.0002460120970633274	X1
TAAGCCTAGGACCTTG	2.584962500721156	5.579544528625976e-10	8.284469704608276e-10	X0
CATTGTAAGCACTAGT	-1.584962500721156	0.1356265120369177	0.1499159166258639	unknown
TGGTCATAGGTAAGGC	-3.700439718141092	1.363071866403019e-20	8.502363950314572e-20	X1
GCACTTACACCTAATG	2.321928094887362	2.756790387925026e-08	3.824929141867178e-08	X0
ATCTTTGGTCACAGAC	-3.321928094887362	1.363071866403019e-20	8.502363950314572e-20	X1
TTCCTTGAGGCCAATT	2.0	1.6080007647833168e-05	2.0063706935607818e-05	X0
GACGTAAAGCAATAGG	3.9068905956085187	3.224844447881771e-24	1.2299758276999067e-22	X0
TAAGCCAGTATTGGAT	-2.0	2.756790387925026e-08	3.824929141867178e-08	X1
ATGGCCGGTCTATCGT	-3.321928094887362	1.0029797609618065e-21	9.676970737184859e-21	X1
GCTATTGCAATAACCT	3.700439718141092	1.6042818341220015e-19	7.283419635012658e-19	X0
TGCTCACTCGAGGTGG	2.321928094887362	1.5316450877189923e-17	4.472183802777584e-17	X0
TAACCAGGTCAGTAAT	-2.321928094887362	1.6080007647833168e-05	2.0063706935607818e-05	X1
GTCTTTAGTCTCACTG	3.9068905956085187	1.363071866403019e-20	8.502363950314572e-20	X0
CCCAGTTTCATTGTTC	3.4594316186372973	1.3154334480650894e-25	1.437749125400097e-23	X0
CACATAATCCGCAACA	-3.0	2.4127107519685975e-13	4.369011087207231e-13	X1
GCCTTACTCAGCACCA	-2.0	2.818141017102701e-07	3.7604312442133894e-07	X1
TCACATAAGACCATAC	-3.321928094887362	1.363071866403019e-20	8.502363950314572e-20	X1
TTGTAAGTCTACCTGC	-2.584962500721156	2.4127107519685975e-13	4.369011087207231e-13	X1
ATCACTAAGGCTACAT	-2.807354922057604	9.556787680138532e-16	2.1356227092357177e-15	X1
AGCTGCTCAGGTCCTG	-3.169925001442312	1.2704266677461526e-16	3.218033375269829e-16	X1
GGCAATCGTTCCTCCT	-2.807354922057604	4.1422259360400374e-14	7.91791191062939e-14	X1
TGCTTGCTCCCGTTAC	3.4594316186372973	6.26162256269268e-23	1.0840156507470095e-21	X0
AGCAATTGTTCAAGCA	2.807354922057604	1.2704266677461526e-16	3.218033375269829e-16	X0
CCGACAGGTCATAAGT	2.321928094887362	1.3513812610243942e-10	2.061271604766015e-10	X0
TGGTCAAGTCAGGCAT	-2.807354922057604	1.2704266677461526e-16	3.218033375269829e-16	X1
CTAATCGCAAGCCACT	3.584962500721156	1.0029797609618065e-21	9.676970737184859e-21	X0
ACTCACTGTACCTTAC	-3.584962500721156	9.556787680138532e-16	2.1356227092357177e-15	X1
CCTTAGTGTGGGTACT	1.584962500721156	2.818141017102701e-07	3.7604312442133894e-07	X0
TATTCGTTCCTCAGTC	-1.0	0.0004368599184561862	0.0005205215071354787	X1
CGCTCCATCTTAGTCT	-2.321928094887362	9.556787680138532e-16	2.1356227092357177e-15	X1
TATGAAGCAGGCCATT	2.0	1.6610244897268262e-18	5.822729697591934e-18	X0
ACGAAGTCAACAACAA	-2.584962500721156	9.556787680138532e-16	2.1356227092357177e-15	X1
ATTGGTTCATTGTGTG	3.321928094887362	1.6610244897268262e-18	5.822729697591934e-18	X0
GTGCTCAAGTAACCAC	2.321928094887362	1.3029679093280502e-12	2.239820187795613e-12	X0
GTTTATCTCGCTTGCT	0.5849625007211561	9.050013106514627e-08	1.228419758647018e-07	X0
ACTAACTCAGGCCATT	-3.584962500721156	3.224844447881771e-24	1.2299758276999067e-22	X1
ATTGACTCATAATCGT	-2.584962500721156	6.564907761017925e-15	1.3424970548431796e-14	X1
ATTTAGCCATTATGGT	4.0	3.224844447881771e-24	1.2299758276999067e-22	X0
CTAGTGAGTCATTGTC	-2.9068905956085187	1.363071866403019e-20	8.502363950314572e-20	X1
GTTCACCTCATGAAGG	2.321928094887362	2.1686833167108188e-09	3.137350440196232e-09	X0
GGTCTTGAGTGATTCA	-3.169925001442312	2.4127107519685975e-13	4.369011087207231e-13	X1
ACGGTTAGTCCTTCAG	1.584962500721156	0.18410080866334788	0.2023975712117845	unknown
GAAAGGCTCCCGTTTA	-2.321928094887362	1.3029679093280502e-12	2.239820187795613e-12	X1
CAAGGTAAGTCGCAAT	4.0	3.224844447881771e-24	1.2299758276999067e-22	X0
TTAGCGGTCTAAGTCA	-2.321928094887362	5.579544528625976e-10	8.284469704608276e-10	X1
ACGCACGGTCCTTCTC	2.321928094887362	2.1686833167108188e-09	3.137350440196232e-09	X0
CAGCCTTTCAATCTCT	-1.3219280948873626	1.2704266677461526e-16	3.218033375269829e-16	X1
TAAGCCAGTATTGAGT	-3.0	1.363071866403019e-20	8.502363950314572e-20	X1
GAGGTTAAGGTATTGC	3.169925001442312	1.6610244897268262e-18	5.822729697591934e-18	X0
TTCCTCAAGATTCCTT	3.0	1.2704266677461526e-16	3.218033375269829e-16	X0
GTAAGCTTCGCTAGAT	3.0	9.556787680138532e-16	2.1356227092357177e-15	X0
CTAGTAATCCCGAAGC	-1.584962500721156	1.3029679093280502e-12	2.239820187795613e-12	X1
TATGGATGTACCGAAC	-3.321928094887362	9.157161244117683e-05	0.00011144738539251088	X1
TCCTGTTCAACATAAG	-2.321928094887362	8.336813247250504e-07	1.0917468420889744e-06	X1
GCTTTACGTACCGTAA	2.321928094887362	6.548999325035109e-12	1.0693048396261339e-11	X0
CGAGGCAAGGCATTAC	-1.222392421336448	6.564907761017925e-15	1.3424970548431796e-14	X1
ACGACAAAGAGGATAT	1.0	1.3513812610243942e-10	2.061271604766015e-10	X0
GCACGAACAACTAGGG	-2.0	0.0017588208614850794	0.002060775226984838	X1
CGGCTAATCATGCTTT	3.9068905956085187	1.3154334480650894e-25	1.437749125400097e-23	X0
TTCGTGCTCATGCTTT	-1.584962500721156	0.8643734879630823	0.8968272956012542	unknown
AACATCATCGAGGAGT	-3.0	1.3029679093280502e-12	2.239820187795613e-12	X1
AGAATCTGTTTAGCTC	-2.9068905956085187	1.0029797609618065e-21	9.676970737184859e-21	X1
ACTCCTCAGTTTGCGG	1.0	1.6610244897268262e-18	5.822729697591934e-18	X0
CAAACAACATAGCTTG	-2.321928094887362	6.289575008339427e-06	7.975507841743658e-06	X1
CAGCCAATCGCAACAT	-3.4594316186372973	6.26162256269268e-23	1.0840156507470095e-21	X1
AGAATCTGTTGGCCGA	-4.0	3.224844447881771e-24	1.2299758276999067e-22	X1
TTCCCACAGGAACCAA	-2.321928094887362	2.756790387925026e-08	3.824929141867178e-08	X1
TGACTTCGTAGGTTTG	-2.0	4.1422259360400374e-14	7.91791191062939e-14	X1
AGAACCGCAAAGCCTC	-2.807354922057604	1.2704266677461526e-16	3.218033375269829e-16	X1
CGATTCCTCCCGAAGC	-2.584962500721156	4.1422259360400374e-14	7.91791191062939e-14	X1
AAGCGGGTCTTGGATA	3.584962500721156	1.6042818341220015e-19	7.283419635012658e-19	X0
ATCCATAAGGTACCGC	-3.0	1.6610244897268262e-18	5.822729697591934e-18	X1
TGGACAAAGTGTTGCG	-2.807354922057604	4.1422259360400374e-14	7.91791191062939e-14	X1
AAAGCACCAACGTGCT	-2.807354922057604	9.556787680138532e-16	2.1356227092357177e-15	X1
TATGGTCAGTGTGATC	-2.321928094887362	2.818141017102701e-07	3.7604312442133894e-07	X1
GAAGTATAGCGTGCGT	-2.321928094887362	8.336813247250504e-07	1.0917468420889744e-06	X1
TTACCGTGTAATCGTG	1.584962500721156	0.7579407931963542	0.7938215715928063	unknown
CTTGTCCAGTTATCTC	0.0	1.0	1.0	unknown
ACTTTGTTCGGTTTGG	-1.584962500721156	2.818141017102701e-07	3.7604312442133894e-07	X1
GCACATTAGTCCTTTG	-2.4594316186372973	1.2704266677461526e-16	3.218033375269829e-16	X1
CTCTGTTCAGGCTAAG	-2.9068905956085187	2.756790387925026e-08	3.824929141867178e-08	X1
AGCTACGTCTTGCAGG	-3.584962500721156	1.0029797609618065e-21	9.676970737184859e-21	X1
ATACCTGCAGCACGTT	4.0	1.363071866403019e-20	8.502363950314572e-20	X0
ACCATAATCAGTTCCC	2.807354922057604	1.3513812610243942e-10	2.061271604766015e-10	X0
ACACTTGCAGTTTCTC	-1.584962500721156	1.3029679093280502e-12	2.239820187795613e-12	X1
TCTACTAGTAATCACG	-3.0	2.4127107519685975e-13	4.369011087207231e-13	X1
ATTTGCGCATTCCTCG	4.857980995127572	1.3154334480650894e-25	1.437749125400097e-23	X0
GCTATAGGTTGGTGAC	-2.807354922057604	6.564907761017925e-15	1.3424970548431796e-14	X1
TAGTTGTCATCTAGCA	-0.5849625007211561	0.06660530960360693	0.07444302231795079	unknown
CCCTCACCAATCTCTC	-1.8073549220576042	6.548999325035109e-12	1.0693048396261339e-11	X1
ACGAGTAAGACAAACG	-2.321928094887362	6.548999325035109e-12	1.0693048396261339e-11	X1
GTCTTTGTCACGAATC	-2.321928094887362	1.6080007647833168e-05	2.0063706935607818e-05	X1
TTTACGAAGTGGACAA	-3.169925001442312	1.3513812610243942e-10	2.061271604766015e-10	X1
TCAGGTTAGACTCGCA	-2.4594316186372973	9.556787680138532e-16	2.1356227092357177e-15	X1
AGGTTACTCTTAATGG	-1.584962500721156	0.9333946903963931	0.9604115944601358	unknown
CTTATTGGTCAAGTAT	-2.0	4.1422259360400374e-14	7.91791191062939e-14	X1
TTTCCGGGTTGAGGTC	-1.584962500721156	0.8643734879630823	0.8968272956012542	unknown
ATTTAGGTCCCATAGG	2.321928094887362	2.346206306321115e-06	3.0232744644007614e-06	X0
CTCTTGATCCTTCTAG	2.3923174227787607	1.363071866403019e-20	8.502363950314572e-20	X0
AGGTTGCGTAAGTCGC	-2.0	0.028443966820490392	0.032198974961578475	X1
AATCGCCCACCTCAGG	-3.321928094887362	2.4127107519685975e-13	4.369011087207231e-13	X1
GAGGTTAAGCTGGAAA	-3.700439718141092	1.6610244897268262e-18	5.822729697591934e-18	X1
GCTATCCTCGTCAAGT	2.321928094887362	2.818141017102701e-07	3.7604312442133894e-07	X0
CGCTCAGCAAGACTCC	-2.807354922057604	1.2704266677461526e-16	3.218033375269829e-16	X1
GGGATTAAGTTAGACC	3.807354922057604	6.26162256269268e-23	1.0840156507470095e-21	X0
CGCAATTAGTCGCTAG	-2.321928094887362	2.1686833167108188e-09	3.137350440196232e-09	X1
GCGTTTCTCATGTGGT	-0.5849625007211561	2.346206306321115e-06	3.0232744644007614e-06	X1
CGGTGAGAGAACCTAC	-3.807354922057604	3.224844447881771e-24	1.2299758276999067e-22	X1
TGGTGCATCAGGCTAT	2.0	1.5316450877189923e-17	4.472183802777584e-17	X0
TGCTTAAAGCTTAGTA	3.4594316186372973	1.3029679093280502e-12	2.239820187795613e-12	X0
CAATGTGGTTGGGTTA	-2.584962500721156	2.4127107519685975e-13	4.369011087207231e-13	X1
AACTACTCATGAAGTA	1.584962500721156	0.8643734879630823	0.8968272956012542	unknown
GATTAGTGTAAGCTCA	1.0	0.0004368599184561862	0.0005205215071354787	X0
AAGACCAAGTACCGCA	-2.0	0.0017588208614850794	0.002060775226984838	X1
GCCTTACTCGCAGGCT	2.321928094887362	5.579544528625976e-10	8.284469704608276e-10	X0
GCCCATAAGTTAACCA	3.807354922057604	6.26162256269268e-23	1.0840156507470095e-21	X0
AGTCCTTGTAACCAGC	-3.807354922057604	1.2704266677461526e-16	3.218033375269829e-16	X1
TTAGCAGGTAGTAAGA	-2.584962500721156	6.548999325035109e-12	1.0693048396261339e-11	X1
CAGGTCCAGAGGATAT	-2.321928094887362	7.952664236893068e-09	1.1284123271995337e-08	X1
AAGCCTCCAATAGCCC	2.321928094887362	2.1686833167108188e-09	3.137350440196232e-09	X0
GCTAGCTCATTTAAGC	3.4594316186372973	9.556787680138532e-16	2.1356227092357177e-15	X0
TGCTGGATCTTAAGTG	0.0	1.0	1.0	unknown
ACGAACAAGACCATAC	-2.807354922057604	3.0739033075239876e-11	4.8429849227620825e-11	X1
ACTTATGAGGGTGAAC	3.321928094887362	6.564907761017925e-15	1.3424970548431796e-14	X0
CAGCTAAGTTAGCTGA	-3.9068905956085187	3.224844447881771e-24	1.2299758276999067e-22	X1
GGTATTTCATAAGTTC	-2.807354922057604	9.050013106514627e-08	1.228419758647018e-07	X1
AGAGATTAGCTCCTTA	-3.584962500721156	1.5316450877189923e-17	4.472183802777584e-17	X1
GGCGGTAAGGACCTCA	2.321928094887362	1.6080007647833168e-05	2.0063706935607818e-05	X0
AATCTTGAGTAGAGGC	-1.584962500721156	1.3513812610243942e-10	2.061271604766015e-10	X1
TCGCATTGTAGCTAGC	-2.807354922057604	1.3029679093280502e-12	2.239820187795613e-12	X1
AGCCTCCGTCATAGAT	-0.5849625007211561	0.1356265120369177	0.1499159166258639	unknown
ATATGCTCACTCAACA	2.807354922057604	1.5316450877189923e-17	4.472183802777584e-17	X0
TGCTCCGTCCATTACT	-3.0	1.6610244897268262e-18	5.822729697591934e-18	X1
GATTAGTGTCCTAACT	1.736965594166206	1.2704266677461526e-16	3.218033375269829e-16	X0
TAATCACCACAAACTT	-2.584962500721156	3.0739033075239876e-11	4.8429849227620825e-11	X1
CTGCTATGTCGCATAA	-2.0	0.0004368599184561862	0.0005205215071354787	X1
TAGACCAGTAAGCTTG	3.169925001442312	1.6610244897268262e-18	5.822729697591934e-18	X0
GCCTCAAAGCCAAATC	-3.0	1.3513812610243942e-10	2.061271604766015e-10	X1
TCTAGCGAGGAACCGG	-1.584962500721156	2.4127107519685975e-13	4.369011087207231e-13	X1
CTTGCATGTGTAACCA	2.321928094887362	1.6080007647833168e-05	2.0063706935607818e-05	X0
TGAAGTGAGTGAACAG	0.0	1.0	1.0	unknown
AAGCCTTAGTCAATTG	-2.584962500721156	5.579544528625976e-10	8.284469704608276e-10	X1
CAAGAACCACCTAATG	-2.0	9.157161244117683e-05	0.00011144738539251088	X1
CGTATTGCACCTGCTC	-3.321928094887362	9.556787680138532e-16	2.1356227092357177e-15	X1
TCCCGTTAGGGCTTAT	-2.0	6.289575008339427e-06	7.975507841743658e-06	X1
GCTCATTGTTTCGCGC	-2.321928094887362	7.952664236893068e-09	1.1284123271995337e-08	X1
TTAGAAGCAGGTATTT	-2.807354922057604	1.6042818341220015e-19	7.283419635012658e-19	X1
TCGGTAAGTACGCGCA	0.0	1.0	1.0	unknown
TGGTCATAGGCTAGAA	-2.584962500721156	5.579544528625976e-10	8.284469704608276e-10	X1
CGACAAGCAGGACCTT	-1.584962500721156	1.3513812610243942e-10	2.061271604766015e-10	X1
ACTTAGGGTTCCTCCT	1.584962500721156	0.9939835121373183	1.0	unknown
ATTTAGCCATAGCAGG	-4.0	3.224844447881771e-24	1.2299758276999067e-22	X1
CATCACACACGCAACT	-3.169925001442312	1.6610244897268262e-18	5.822729697591934e-18	X1
CCAGCTAAGGCACAGG	-2.0	0.00020438858371340761	0.0002460120970633274	X1
TGTGATCAGCACTTGG	-0.514573172829758	1.6080007647833168e-05	2.0063706935607818e-05	X1
GAGAGGCGTTTGCGCC	-2.321928094887362	1.6080007647833168e-05	2.0063706935607818e-05	X1
AACAAGCCAGGTTACC	2.321928094887362	2.756790387925026e-08	3.824929141867178e-08	X0
GTTACGCCAACCTAAT	-3.321928094887362	1.0029797609618065e-21	9.676970737184859e-21	X1
CCCAATTGTTGGATAT	-3.0	1.2704266677461526e-16	3.218033375269829e-16	X1
GGAACTAAGGGACCTC	3.584962500721156	0.0008949651957434264	0.001056728495393278	X0
CCTGAATAGCATGACT	3.0	1.2704266677461526e-16	3.218033375269829e-16	X0
TTGGGCCAGACAAGTG	4.0	3.224844447881771e-24	1.2299758276999067e-22	X0
GATTCATCATTCCTCG	3.4594316186372973	1.0029797609618065e-21	9.676970737184859e-21	X0
ATCTATGAGCCTGAGC	-2.115477217419936	1.363071866403019e-20	8.502363950314572e-20	X1
TATTACCTCTAGCTTT	1.8073549220576042	1.5316450877189923e-17	4.472183802777584e-17	X0
CGAAGTAAGACAAACG	-4.321928094887363	1.363071866403019e-20	8.502363950314572e-20	X1
GTCTTTAGTCGTAAAT	2.700439718141092	1.0029797609618065e-21	9.676970737184859e-21	X0
TGTGGCTCACCTGGTG	2.321928094887362	3.0739033075239876e-11	4.8429849227620825e-11	X0
GAGGTACAGTACCGCA	1.584962500721156	0.9033260477521786	0.9326176015352042	unknown
TCAATCGCATGCTTAG	3.0	4.1422259360400374e-14	7.91791191062939e-14	X0
TGGATTCAGTAACGGA	2.9068905956085187	6.26162256269268e-23	1.0840156507470095e-21	X0
GCGCAAACACTGACCG	-3.700439718141092	1.6610244897268262e-18	5.822729697591934e-18	X1
CTAATCGCATTGCGGT	2.807354922057604	1.5316450877189923e-17	4.472183802777584e-17	X0
ATTGACTCAGCATGTC	-2.4594316186372973	1.6610244897268262e-18	5.822729697591934e-18	X1
CATCGCTTCGACCTGA	1.222392421336448	1.3513812610243942e-10	2.061271604766015e-10	X0
ATTGTCCGTTAGGTGC	2.169925001442312	1.6042818341220015e-19	7.283419635012658e-19	X0
CCTGGATCAGCCTGCA	-2.807354922057604	1.2704266677461526e-16	3.218033375269829e-16	X1
GACTATTCATAAGCAA	-1.584962500721156	0.38217671720133345	0.41102659716042955	unknown
TACCGCAAGTAGGATG	3.700439718141092	1.6610244897268262e-18	5.822729697591934e-18	X0
AAGGATTAGAGGAGGA	-4.247927513443585	6.26162256269268e-23	1.0840156507470095e-21	X1
CACATACAGTAACGAG	3.0	1.6042818341220015e-19	7.283419635012658e-19	X0
ACACTAATCTCCTCTT	-3.584962500721156	1.363071866403019e-20	8.502363950314572e-20	X1
GTGTGAGCAAGGTAAC	-3.584962500721156	1.5316450877189923e-17	4.472183802777584e-17	X1
GAAGGCTAGGACCAGG	-1.584962500721156	0.7579407931963542	0.7938215715928063	unknown
CTTGGACCAGCAACAG	3.169925001442312	1.6610244897268262e-18	5.822729697591934e-18	X0
AGTTATGTCAACAAGG	1.584962500721156	1.5316450877189923e-17	4.472183802777584e-17	X0
GGAACCTGTTAGTACG	2.321928094887362	2.1686833167108188e-09	3.137350440196232e-09	X0
TAAGTGCTCCCTGATC	-2.584962500721156	4.1422259360400374e-14	7.91791191062939e-14	X1
TTGGATTCAGGCAAGC	-2.584962500721156	9.556787680138532e-16	2.1356227092357177e-15	X1
GTGCTTACAGGCTTCG	1.0	0.18410080866334788	0.2023975712117845	unknown
CCTACTTCACTTAACG	-2.4594316186372973	1.5316450877189923e-17	4.472183802777584e-17	X1
AATCATCCAGTAGGTG	-3.584962500721156	1.6042818341220015e-19	7.283419635012658e-19	X1
CATCCTCAGGAGCAAC	-2.4594316186372973	1.6042818341220015e-19	7.283419635012658e-19	X1
GGATTATGTTCCTGAT	3.169925001442312	1.6610244897268262e-18	5.822729697591934e-18	X0
AAGACATAGGCGTAAA	-4.087462841250339	3.224844447881771e-24	1.2299758276999067e-22	X1
CGTTGCAAGTTAGGCT	-1.584962500721156	0.38217671720133345	0.41102659716042955	unknown
CTTACTAGTGCACGCA	-3.169925001442312	1.6042818341220015e-19	7.283419635012658e-19	X1
CGAGCTGGTTCAAGAT	-2.0	6.289575008339427e-06	7.975507841743658e-06	X1
GTATTGTCATTATGAC	2.584962500721156	1.3513812610243942e-10	2.061271604766015e-10	X0
CACATAATCACCTGTC	-1.3219280948873622	0.028443966820490392	0.032198974961578475	X1
GCAATGTTCCCATAGG	-1.8073549220576042	1.3029679093280502e-12	2.239820187795613e-12	X1
GCATGAGCACGTAATT	3.321928094887362	1.6610244897268262e-18	5.822729697591934e-18	X0
TCCATGCTCCAGGGAG	4.247927513443585	1.0029797609618065e-21	9.676970737184859e-21	X0
ATCTATGAGTGCTGTG	-2.321928094887362	1.6610244897268262e-18	5.822729697591934e-18	X1
GGTATTTCACCGTTCC	-4.0	1.6042818341220015e-19	7.283419635012658e-19	X1
ACAACATGTAATAGCT	-2.807354922057604	9.556787680138532e-16	2.1356227092357177e-15	X1
TATTTGGAGCACAGCC	3.4594316186372973	1.5316450877189923e-17	4.472183802777584e-17	X0
CACAGGGAGTTGTCCC	-2.0	3.925069822796835e-05	4.843013700478723e-05	X1
ACCAAACTCTTGCAGG	-0.7369655941662061	0.003318560257963064	0.003849487845566849	X1
CTTGTCCAGTCACTCC	-4.169925001442312	1.5316450877189923e-17	4.472183802777584e-17	X1
TCAAACCAGTTAACCA	-3.700439718141092	1.363071866403019e-20	8.502363950314572e-20	X1
GTTCACCTCCGGCTAA	-2.0	0.00020438858371340761	0.0002460120970633274	X1
CTATTGAAGCATGTCG	-2.321928094887362	2.1686833167108188e-09	3.137350440196232e-09	X1
AGTAATGCAAGGTGCA	1.3219280948873626	1.6610244897268262e-18	5.822729697591934e-18	X0
CAGCAAGCAGGCTAGA	-3.584962500721156	1.6610244897268262e-18	5.822729697591934e-18	X1
AATTGCTCAAAGCTAA	-3.584962500721156	1.6610244897268262e-18	5.822729697591934e-18	X1
ACGTTACAGGGCTTAT	-3.807354922057604	1.363071866403019e-20	8.502363950314572e-20	X1
CCTTAACGTAATTAGC	-3.4594316186372973	1.363071866403019e-20	8.502363950314572e-20	X1
GTACCGGGTTGTAAAC	-2.807354922057604	1.6610244897268262e-18	5.822729697591934e-18	X1
TGCCGGTAGTAGCGCC	1.584962500721156	0.18410080866334788	0.2023975712117845	unknown
CGATTGAGTGATGATT	2.4594316186372973	1.0029797609618065e-21	9.676970737184859e-21	X0
TTCTTAGGTTGTGATG	3.0	1.5316450877189923e-17	4.472183802777584e-17	X0
CTGTTAAAGCTTTGGG	-2.807354922057604	1.363071866403019e-20	8.502363950314572e-20	X1
GCCTCGACACCTAAGC	-3.0	1.5316450877189923e-17	4.472183802777584e-17	X1
AGCACTTAGTTTGGGT	4.087462841250339	3.224844447881771e-24	1.2299758276999067e-22	X0
CGGTTCCGTCCTTAGT	-4.169925001442312	1.3154334480650894e-25	1.437749125400097e-23	X1
ACGTCCTTCTTTGAGA	-2.807354922057604	6.548999325035109e-12	1.0693048396261339e-11	X1
GCAATGAAGCATGCAT	-1.0	0.06660530960360693	0.07444302231795079	unknown
CCATCATGTTGTCCAT	-3.807354922057604	1.6610244897268262e-18	5.822729697591934e-18	X1
ATGCATTCATCACTTC	-4.392317422778761	6.26162256269268e-23	1.0840156507470095e-21	X1
TTGTCCATCTGTAATG	-3.4594316186372973	1.0029797609618065e-21	9.676970737184859e-21	X1
CTATGTTTCCCTCATA	-4.247927513443585	6.26162256269268e-23	1.0840156507470095e-21	X1
GCGCAAACAAACTGCC	-2.584962500721156	6.548999325035109e-12	1.0693048396261339e-11	X1
TGCTCTCAGCAGGTGG	3.321928094887362	1.363071866403019e-20	8.502363950314572e-20	X0
ACATCAATCCTCCTAA	-4.459431618637297	6.26162256269268e-23	1.0840156507470095e-21	X1
AACGACAAGCATTAGC	-2.807354922057604	2.4127107519685975e-13	4.369011087207231e-13	X1
GTCCATTGTTTATCGC	1.584962500721156	1.3029679093280502e-12	2.239820187795613e-12	X0
GGAAACTCAGTAATAG	-1.8073549220576042	6.564907761017925e-15	1.3424970548431796e-14	X1
GCATGAGCATCAGCAC	-2.807354922057604	1.5316450877189923e-17	4.472183802777584e-17	X1
ACGAATCTCGTACCGA	0.514573172829758	0.1356265120369177	0.1499159166258639	unknown
CTTACTAGTTAGACCA	2.807354922057604	1.2704266677461526e-16	3.218033375269829e-16	X0
AAGTTTGTCACGCATG	-2.807354922057604	1.5316450877189923e-17	4.472183802777584e-17	X1
CGGTAACGTCGACTCC	3.584962500721156	1.6610244897268262e-18	5.822729697591934e-18	X0
GCATGAGCAATAATCC	-3.0	1.2704266677461526e-16	3.218033375269829e-16	X1
GGTGATTTCCCTGTTA	1.3219280948873622	2.756790387925026e-08	3.824929141867178e-08	X0
GCAGGCTTCTCACTAT	-4.523561956057013	0.0008949651957434264	0.001056728495393278	X1
CCTAAGCCAATACTGT	-2.584962500721156	2.4127107519685975e-13	4.369011087207231e-13	X1
GTGTTCCTCCAACTGG	-3.0	6.26162256269268e-23	1.0840156507470095e-21	X1
CGCAATCCACCTAATG	-2.321928094887362	1.3513812610243942e-10	2.061271604766015e-10	X1
TTAAAGGCATGGCCCA	1.6780719051126378	1.363071866403019e-20	8.502363950314572e-20	X0
TGAGGGAGTGTCCTGC	2.584962500721156	4.1422259360400374e-14	7.91791191062939e-14	X0
AGAAAGGCAATAACGA	-3.321928094887362	1.6610244897268262e-18	5.822729697591934e-18	X1
CGTGTTACAATAGCCC	1.8073549220576042	1.3029679093280502e-12	2.239820187795613e-12	X0
GATTCAATCAATTACG	-3.169925001442312	1.6610244897268262e-18	5.822729697591934e-18	X1
CGGTGAGAGTTAGTGC	1.415037499278844	2.4127107519685975e-13	4.369011087207231e-13	X0
AGTGCGGAGTGGCGGA	3.9068905956085187	1.0029797609618065e-21	9.676970737184859e-21	X0
ATCACTAAGCATCCAG	2.807354922057604	1.6610244897268262e-18	5.822729697591934e-18	X0
AAACGGATCCTCGATC	2.0	2.346206306321115e-06	3.0232744644007614e-06	X0
AGTAAGTAGTACCGCA	-1.584962500721156	0.0966739522478214	0.1074269123385123	unknown
CCGTTACTCACAGCGC	-1.584962500721156	0.24205920680364573	0.26354439063679713	unknown
GCCCTCATCTACCTGC	-2.807354922057604	1.6042818341220015e-19	7.283419635012658e-19	X1
GTACTAATCGGTTTGG	-2.807354922057604	1.2704266677461526e-16	3.218033375269829e-16	X1
AAGCGAGGTTTGGGTA	-2.807354922057604	1.6042818341220015e-19	7.283419635012658e-19	X1
AGTGATGAGTCTTGAA	-3.584962500721156	6.26162256269268e-23	1.0840156507470095e-21	X1
TGTTGTTTCCCGTTGT	-2.0	0.003318560257963064	0.003849487845566849	X1
GAACCGCTCTGTTGCC	-3.4594316186372973	1.6610244897268262e-18	5.822729697591934e-18	X1
GCTCGATCAACATAAG	3.169925001442312	1.0029797609618065e-21	9.676970737184859e-21	X0
GGTCATTAGGAGGGTT	-2.0	2.346206306321115e-06	3.0232744644007614e-06	X1
CCTGACTTCGGTACGC	-3.0	1.6610244897268262e-18	5.822729697591934e-18	X1
ATCGGCCAGCCTGACA	-3.169925001442312	9.556787680138532e-16	2.1356227092357177e-15	X1
GGAACCACACACAATT	-1.584962500721156	0.24205920680364573	0.26354439063679713	unknown
CAACCCGCATTGTCAG	-2.321928094887362	3.0739033075239876e-11	4.8429849227620825e-11	X1
TTACGTTTCATAAGCC	-3.4594316186372973	1.363071866403019e-20	8.502363950314572e-20	X1
ATCCTCATCCCTGGTT	-3.169925001442312	1.5316450877189923e-17	4.472183802777584e-17	X1
TTTGCGACACCTGGTG	-2.807354922057604	4.1422259360400374e-14	7.91791191062939e-14	X1
CCATAAATCGATCAGT	2.807354922057604	1.2704266677461526e-16	3.218033375269829e-16	X0
CCTAATCGTTGGATAT	2.0	4.1422259360400374e-14	7.91791191062939e-14	X0
TCATACTTCAGGCCTA	-2.321928094887362	2.756790387925026e-08	3.824929141867178e-08	X1
TCTGTGACATGAAGTA	-2.584962500721156	4.1422259360400374e-14	7.91791191062939e-14	X1
ATCACACAGCTCAATA	-1.584962500721156	1.2704266677461526e-16	3.218033375269829e-16	X1
TAGTTGTCAAAGGTAC	-3.0	6.548999325035109e-12	1.0693048396261339e-11	X1
TTCCTTGAGTCGCAAT	2.9068905956085187	6.26162256269268e-23	1.0840156507470095e-21	X0
GCATTGCCAAGCCACT	2.0	0.003318560257963064	0.003849487845566849	X0
TACCGTTGTTAACGGC	3.807354922057604	1.0029797609618065e-21	9.676970737184859e-21	X0
TAACAAGCATGACTAT	2.807354922057604	3.0739033075239876e-11	4.8429849227620825e-11	X0
TGGTTCCTCCTCGATC	-3.4594316186372973	1.6042818341220015e-19	7.283419635012658e-19	X1
TCAAGGAAGACAACGA	-2.0	0.6913502932053739	0.7283496183488639	unknown
GTCCATTGTGCATTTC	-3.169925001442312	1.0029797609618065e-21	9.676970737184859e-21	X1
TGCATCCTCTCCATAT	-1.3219280948873622	6.564907761017925e-15	1.3424970548431796e-14	X1
CTCCTAATCGCACAAT	-3.4594316186372973	1.2704266677461526e-16	3.218033375269829e-16	X1
TCACTGACAAGGTAAC	-2.0	3.925069822796835e-05	4.843013700478723e-05	X1
GATTGGTTCCCAGTAG	-3.584962500721156	1.363071866403019e-20	8.502363950314572e-20	X1
CTTGTTCCACGAATTT	3.807354922057604	3.224844447881771e-24	1.2299758276999067e-22	X0
GCTATTGCACCTCAGG	-2.584962500721156	1.3513812610243942e-10	2.061271604766015e-10	X1
GGTAAACCATCCCTCA	-1.0	6.548999325035109e-12	1.0693048396261339e-11	X1
GCCCAAATCAATGAGG	-2.807354922057604	1.2704266677461526e-16	3.218033375269829e-16	X1
TTAACTGAGCCTGAGC	2.584962500721156	1.3029679093280502e-12	2.239820187795613e-12	X0
AGCTAGTTCCCAGTAG	-2.321928094887362	7.952664236893068e-09	1.1284123271995337e-08	X1
TCGTTACGTAGCCATA	1.3219280948873622	3.0739033075239876e-11	4.8429849227620825e-11	X0
ACTTTGTTCCGTGACA	-3.0	1.363071866403019e-20	8.502363950314572e-20	X1
GGCGGTAAGCTTCCCG	-1.584962500721156	0.044313040057033834	0.04985472305080024	X1
CATAGGCGTTGTTGTC	2.807354922057604	1.363071866403019e-20	8.502363950314572e-20	X0
TTCCACGGTCCGGTTC	2.584962500721156	2.4127107519685975e-13	4.369011087207231e-13	X0
TCGTGCTTCGAGCAAA	2.0	9.050013106514627e-08	1.228419758647018e-07	X0
CAATGACTCAATCATG	2.807354922057604	1.5316450877189923e-17	4.472183802777584e-17	X0
TACTGCACAATATACC	-2.0	5.579544528625976e-10	8.284469704608276e-10	X1
AGAATCTGTGAGGTGA	3.584962500721156	1.6042818341220015e-19	7.283419635012658e-19	X0
GTCTTTAGTTGGTTGA	-3.087462841250339	1.6610244897268262e-18	5.822729697591934e-18	X1
CAAGTATGTGTTGTGA	-2.321928094887362	1.3513812610243942e-10	2.061271604766015e-10	X1
GAGTTACTCCTCATGC	2.584962500721156	1.2704266677461526e-16	3.218033375269829e-16	X0
TGTTAGCAGGTGTTAC	0.893084796083488	2.1686833167108188e-09	3.137350440196232e-09	X0
CCAACCCGTCCAAGAC	-3.4594316186372973	1.2704266677461526e-16	3.218033375269829e-16	X1
CTAAGGTTCCGCATGA	2.321928094887362	5.579544528625976e-10	8.284469704608276e-10	X0
TAATGCATCCGCATGA	2.584962500721156	6.548999325035109e-12	1.0693048396261339e-11	X0
GCAAACTTCAATTGGC	-2.807354922057604	1.6610244897268262e-18	5.822729697591934e-18	X1
GCTTATCGTGTTGCAA	3.4594316186372973	4.1422259360400374e-14	7.91791191062939e-14	X0
ACTCAGTAGCTTTGGG	-3.0	4.1422259360400374e-14	7.91791191062939e-14	X1
CAAACATGTCGTAAAT	3.584962500721156	1.363071866403019e-20	8.502363950314572e-20	X0
CTCTAGCTCCTCACAC	3.321928094887362	1.5316450877189923e-17	4.472183802777584e-17	X0
ATCCGTGAGCTAAAGG	-3.321928094887362	1.6610244897268262e-18	5.822729697591934e-18	X1
TGAACAGAGCTACTGG	-0.7369655941662061	9.050013106514627e-08	1.228419758647018e-07	X1
TCATTGTTCTGTAAGC	-2.807354922057604	1.2704266677461526e-16	3.218033375269829e-16	X1
GCCTCAAAGCCGCAGT	-3.4594316186372973	1.0029797609618065e-21	9.676970737184859e-21	X1
ACTGAAACACAGGATG	-1.8073549220576042	7.952664236893068e-09	1.1284123271995337e-08	X1
TACCTTTAGTTGTCCC	1.584962500721156	0.9333946903963931	0.9604115944601358	unknown
ATGACAACAGAACCGA	2.0	1.6080007647833168e-05	2.0063706935607818e-05	X0
GCACATTAGTCATTTC	3.4594316186372973	6.564907761017925e-15	1.3424970548431796e-14	X0
CAGGGCTTCATTACGA	-2.807354922057604	1.3029679093280502e-12	2.239820187795613e-12	X1
TAGCTTGCAGAGGCTA	-2.584962500721156	4.1422259360400374e-14	7.91791191062939e-14	X1
AGGTTTATCCAGGTTG	-3.0	1.2704266677461526e-16	3.218033375269829e-16	X1
GCTTAAATCTTTGACT	-3.321928094887362	1.363071866403019e-20	8.502363950314572e-20	X1
CGTTAAATCAAGGACA	-3.0	6.564907761017925e-15	1.3424970548431796e-14	X1
CTACAACAGGAGTAAT	-1.3219280948873622	6.548999325035109e-12	1.0693048396261339e-11	X1
GTTGGCGGTAGGTTGC	-2.807354922057604	9.556787680138532e-16	2.1356227092357177e-15	X1
TTCCTTCTCCGCACAA	-2.0	0.003318560257963064	0.003849487845566849	X1
ATCGAGGCACAGACTC	2.0	3.925069822796835e-05	4.843013700478723e-05	X0
ATGAAGTAGAAAGCAT	3.321928094887362	1.2704266677461526e-16	3.218033375269829e-16	X0
AAGCCTTAGGAACACA	0.3219280948873622	0.9999839199923521	1.0	unknown
CGCATATAGGAACACA	-1.584962500721156	9.556787680138532e-16	2.1356227092357177e-15	X1
TCTAACTTCAATGTCA	3.321928094887362	1.6042818341220015e-19	7.283419635012658e-19	X0
CCTAAGTAGCTCCTTA	-2.169925001442312	1.6042818341220015e-19	7.283419635012658e-19	X1
TGATGACTCATGCTCC	-2.807354922057604	1.6042818341220015e-19	7.283419635012658e-19	X1
GCTTGTTGTACCCACC	-3.169925001442312	1.0029797609618065e-21	9.676970737184859e-21	X1
ATGTAAGCAGCCGCTA	3.321928094887362	9.556787680138532e-16	2.1356227092357177e-15	X0
AGCAATTGTAATCGCA	1.0	0.8643734879630823	0.8968272956012542	unknown
ACTCCTCAGCGGATAA	-2.321928094887362	5.579544528625976e-10	8.284469704608276e-10	X1
TGCTCAACATATTGAC	2.584962500721156	8.336813247250504e-07	1.0917468420889744e-06	X0
GGTCGGTTCCTCATCA	2.807354922057604	4.1422259360400374e-14	7.91791191062939e-14	X0
GTCTTGCTCAATCATG	2.169925001442312	1.2704266677461526e-16	3.218033375269829e-16	X0
CAAATCATCCACCCTG	-1.8073549220576042	7.952664236893068e-09	1.1284123271995337e-08	X1
AGTCCTGAGGTCTTGG	-2.0	1.2704266677461526e-16	3.218033375269829e-16	X1
CTTCTCAAGTCAATCA	3.321928094887362	1.6042818341220015e-19	7.283419635012658e-19	X0
ATGACGAAGCTATTAG	-1.3219280948873622	3.0739033075239876e-11	4.8429849227620825e-11	X1
CCGTTACTCGCAAACT	-3.4594316186372973	1.5316450877189923e-17	4.472183802777584e-17	X1
TGCTTCATCTAAGGAG	1.584962500721156	1.3029679093280502e-12	2.239820187795613e-12	X0
ATTCCTAGTCATTAGG	-2.807354922057604	1.5316450877189923e-17	4.472183802777584e-17	X1
TGATCGAGTTGTAAAC	-1.584962500721156	0.18410080866334788	0.2023975712117845	unknown
GCTTTGTGTTGCAATG	2.807354922057604	4.1422259360400374e-14	7.91791191062939e-14	X0
TGCACACCATTCAGCA	-2.584962500721156	2.4127107519685975e-13	4.369011087207231e-13	X1
AATGTCCAGCCGCAGT	1.584962500721156	4.1422259360400374e-14	7.91791191062939e-14	X0
AATCGCCCAATGAGGT	4.0	1.6610244897268262e-18	5.822729697591934e-18	X0
GGAACTAAGTTATCTC	1.584962500721156	0.8643734879630823	0.8968272956012542	unknown
CAACTAGGTATTGGAT	2.584962500721156	1.3029679093280502e-12	2.239820187795613e-12	X0
TGGTTCTGTTACAAAC	3.169925001442312	1.0029797609618065e-21	9.676970737184859e-21	X0
AATGCAACAGCTCAAC	-1.584962500721156	0.46020538130641053	0.49191125489809434	unknown
AGCTAAACAATTGACT	-2.700439718141092	2.756790387925026e-08	3.824929141867178e-08	X1
GTGAGGAGTTGTTGTC	-3.584962500721156	1.2704266677461526e-16	3.218033375269829e-16	X1
TCCATATTCAAAGGCA	2.321928094887362	1.3513812610243942e-10	2.061271604766015e-10	X0
CCTAAGTAGTCTGGGC	-1.3219280948873622	0.0004368599184561862	0.0005205215071354787	X1
CGCACAATCGTAATCA	-0.5849625007211561	0.5397946186935895	0.573551362839982	unknown
AGTTGCAGTTGTGACA	2.321928094887362	5.579544528625976e-10	8.284469704608276e-10	X0
GCAAACCGTGAGAAAC	-1.3219280948873622	0.00020438858371340761	0.0002460120970633274	X1
CTATGATCACAGACTC	3.3219280948873626	6.26162256269268e-23	1.0840156507470095e-21	X0
GATCAAGAGGGATTAG	2.321928094887362	3.925069822796835e-05	4.843013700478723e-05	X0
ATGCCTGAGCTGTCAG	-2.807354922057604	6.564907761017925e-15	1.3424970548431796e-14	X1
ATAACGACACGTAAGG	-3.584962500721156	1.6042818341220015e-19	7.283419635012658e-19	X1
ACCTAAATCTAGCGAT	3.0	1.0029797609618065e-21	9.676970737184859e-21	X0
CTGTTAAAGCCTGATG	-3.169925001442312	1.2704266677461526e-16	3.218033375269829e-16	X1
TCAGGTTAGGTCGATT	1.584962500721156	0.6178232827986665	0.6536145478091064	unknown
CCTGGATCAGTAATAG	-3.169925001442312	1.0029797609618065e-21	9.676970737184859e-21	X1
TGATTCAAGATAGACG	-3.807354922057604	1.363071866403019e-20	8.502363950314572e-20	X1
GTAGGATCATCAGCAC	3.4594316186372973	1.2704266677461526e-16	3.218033375269829e-16	X0
GATTGTTCATGAATCT	3.321928094887362	1.6042818341220015e-19	7.283419635012658e-19	X0
ATCTTTGGTGAGACTC	-3.321928094887362	1.6610244897268262e-18	5.822729697591934e-18	X1
TTATGACCAGATTCAT	3.4594316186372973	6.26162256269268e-23	1.0840156507470095e-21	X0
CTTGTTTAGTCATTTC	-2.0	3.925069822796835e-05	4.843013700478723e-05	X1
TTTCCGGGTCTAACCT	-3.169925001442312	1.6610244897268262e-18	5.822729697591934e-18	X1
TCCTTCAAGCTTACTT	-3.0	1.3029679093280502e-12	2.239820187795613e-12	X1
GTTAAGTGTACTTCAC	2.321928094887362	3.0739033075239876e-11	4.8429849227620825e-11	X0
CAATGAACAATCCTAG	2.321928094887362	2.818141017102701e-07	3.7604312442133894e-07	X0
CTAAGTCAGTATTGCA	3.0	1.6042818341220015e-19	7.283419635012658e-19	X0
GAGTGATCAAACTAAG	2.321928094887362	6.548999325035109e-12	1.0693048396261339e-11	X0
AAGACCAAGTTTGTCT	-3.321928094887362	1.6042818341220015e-19	7.283419635012658e-19	X1
GCACTAAGTCATAACG	-4.247927513443585	6.26162256269268e-23	1.0840156507470095e-21	X1
TTGGCTGAGCCTGTGA	-0.3219280948873622	2.756790387925026e-08	3.824929141867178e-08	X1
CTCCTAATCGGTTTGG	2.807354922057604	6.564907761017925e-15	1.3424970548431796e-14	X0
GTTGCTGAGCATGGTT	-3.0	2.4127107519685975e-13	4.369011087207231e-13	X1
AGTCCTTGTCGCATAA	3.700439718141092	1.363071866403019e-20	8.502363950314572e-20	X0
GTTTCAGCAAACAACA	2.584962500721156	4.1422259360400374e-14	7.91791191062939e-14	X0
GCCACTAAGTCGCAAT	-2.807354922057604	9.556787680138532e-16	2.1356227092357177e-15	X1
GATTACTCAATCCTAG	-1.584962500721156	0.6178232827986665	0.6536145478091064	unknown
TTGCAACAGCTGGCTA	-2.584962500721156	7.952664236893068e-09	1.1284123271995337e-08	X1
TCCAGCAAGGGACGCA	-2.169925001442312	1.2704266677461526e-16	3.218033375269829e-16	X1
ACGTACCCAGTTTACG	-3.169925001442312	1.2704266677461526e-16	3.218033375269829e-16	X1
TACTAAGTCAATCTAG	-0.514573172829758	1.6080007647833168e-05	2.0063706935607818e-05	X1
GGTGAGCCACAATGCC	-2.584962500721156	1.363071866403019e-20	8.502363950314572e-20	X1
AAACCAACATTGACAT	-3.4594316186372973	1.6610244897268262e-18	5.822729697591934e-18	X1
GTATTCAAGACAACAG	1.3219280948873622	5.579544528625976e-10	8.284469704608276e-10	X0
CCACAATAGGGACGCA	-1.3219280948873622	2.756790387925026e-08	3.824929141867178e-08	X1
ATGACCAGTACGATTG	3.0	1.2704266677461526e-16	3.218033375269829e-16	X0
AAGCGTTTCAGGATGA	1.415037499278844	7.952664236893068e-09	1.1284123271995337e-08	X0
CAATATGTCGTTTCCA	3.700439718141092	1.6610244897268262e-18	5.822729697591934e-18	X0
GGGCAATAGTTAACCA	-2.807354922057604	1.6042818341220015e-19	7.283419635012658e-19	X1
TATTACCTCCTTCTAG	-3.169925001442312	1.6610244897268262e-18	5.822729697591934e-18	X1
TGAAACTGTGTGAGGA	-2.321928094887362	1.3513812610243942e-10	2.061271604766015e-10	X1
TATGACATCCCATAAA	-3.0	1.2704266677461526e-16	3.218033375269829e-16	X1
ATGATGACAGCTTACA	-2.807354922057604	9.556787680138532e-16	2.1356227092357177e-15	X1
TTGTTCCCATTAAACC	2.807354922057604	1.2704266677461526e-16	3.218033375269829e-16	X0
TTCCCGCCATCACAGC	-2.0	8.336813247250504e-07	1.0917468420889744e-06	X1
GGTTTAATCAGCACGC	-0.2995602818589078	0.0966739522478214	0.1074269123385123	unknown
CGGTTTCTCGGCCATA	-3.0	7.967495142732219e-29	1.458649173255701e-25	X1
ATATGCATCCTTGCGT	-3.169925001442312	1.6610244897268262e-18	5.822729697591934e-18	X1
TGAACAACAGTCTAGC	-1.584962500721156	0.6913502932053739	0.7283496183488639	unknown
GTATTGATCTTGAGCG	2.807354922057604	1.6610244897268262e-18	5.822729697591934e-18	X0
GTAAGCTTCGAAGCGG	-3.0	1.5316450877189923e-17	4.472183802777584e-17	X1
AATCCATCAGAAATGC	-1.0	9.157161244117683e-05	0.00011144738539251088	X1
CCGCTAGCAATTGACT	-3.807354922057604	1.5316450877189923e-17	4.472183802777584e-17	X1
GTGGCTTCACAACCTA	-1.222392421336448	2.346206306321115e-06	3.0232744644007614e-06	X1
TGGTGCATCTATTGTC	-4.087462841250339	1.5316450877189923e-17	4.472183802777584e-17	X1
TTGCAATCACATTAAC	-4.247927513443585	6.26162256269268e-23	1.0840156507470095e-21	X1
CCGCAAGGTAGCTGCG	-2.584962500721156	1.2704266677461526e-16	3.218033375269829e-16	X1
CTCAGGATCTGTTGCC	0.3219280948873622	0.6178232827986665	0.6536145478091064	unknown
AAAGCTTGTCTTTGAC	-3.584962500721156	1.0029797609618065e-21	9.676970737184859e-21	X1
GAGCCTTCAGCCTAAC	-4.169925001442312	1.0029797609618065e-21	9.676970737184859e-21	X1
TGCACCTTCAGGAACA	3.0	1.2704266677461526e-16	3.218033375269829e-16	X0
CATAGGTTCCAGCACA	-3.0	1.5316450877189923e-17	4.472183802777584e-17	X1
CCTGAGTCACCGGCTA	1.8073549220576042	1.5316450877189923e-17	4.472183802777584e-17	X0
ATGCCTGAGTTCCTCA	-3.807354922057604	1.363071866403019e-20	8.502363950314572e-20	X1
TGTTCCTCACCTCACC	1.8073549220576042	6.548999325035109e-12	1.0693048396261339e-11	X0
CACCTCAGTCGTAAAT	3.247927513443585	6.26162256269268e-23	1.0840156507470095e-21	X0
GTTGCATAGACAAGTG	-1.584962500721156	5.579544528625976e-10	8.284469704608276e-10	X1
ATATGGTGTTAGAGGG	-2.807354922057604	6.548999325035109e-12	1.0693048396261339e-11	X1
TGATTAGTCTAGCTTT	-1.584962500721156	9.556787680138532e-16	2.1356227092357177e-15	X1
AGAACAAGTTTGCAGA	-2.321928094887362	9.050013106514627e-08	1.228419758647018e-07	X1
TTGGATTCAGCACGAA	-2.321928094887362	9.050013106514627e-08	1.228419758647018e-07	X1
GCACGAACACAATGTT	-3.807354922057604	1.0029797609618065e-21	9.676970737184859e-21	X1
GGCCAGTTCGATATTG	-3.0	9.556787680138532e-16	2.1356227092357177e-15	X1
AGAAACTAGATAACCC	-3.700439718141092	6.26162256269268e-23	1.0840156507470095e-21	X1
TCTCAATTCATGCAAC	1.584962500721156	0.7579407931963542	0.7938215715928063	unknown
AGAAACCCAAGCTAAA	2.0	9.157161244117683e-05	0.00011144738539251088	X0
TCTTTGTAGACAGGCG	-2.0	9.050013106514627e-08	1.228419758647018e-07	X1
TTGGATTCAATCCTAG	-5.044394119358453	6.26162256269268e-23	1.0840156507470095e-21	X1
GTACTAGGTTGTAACG	-2.321928094887362	2.756790387925026e-08	3.824929141867178e-08	X1
CGTTATCGTAACGTGC	1.584962500721156	0.30864970679462606	0.33430584275359365	unknown
TAGCTTGCACGTAAGG	-1.3219280948873622	2.1686833167108188e-09	3.137350440196232e-09	X1
CTTATTGGTGTTTGAG	-3.321928094887362	1.6042818341220015e-19	7.283419635012658e-19	X1
GGAAGTATCTAACCTT	0.7369655941662061	0.0017588208614850794	0.002060775226984838	X0
TGCATTAAGGATTTGC	2.807354922057604	4.1422259360400374e-14	7.91791191062939e-14	X0
CTACTTAGTAGTAAGA	3.700439718141092	1.0029797609618065e-21	9.676970737184859e-21	X0
TGGTCAGTCCTTGTTG	1.8073549220576042	1.2704266677461526e-16	3.218033375269829e-16	X0
ATTGCACAGGTGAAAT	-3.0	1.6042818341220015e-19	7.283419635012658e-19	X1
GTCCTCAGTGCGCGTA	-3.321928094887362	1.0029797609618065e-21	9.676970737184859e-21	X1
GTGTCCAAGCAATAGG	-3.584962500721156	1.2704266677461526e-16	3.218033375269829e-16	X1
AAGCTCCCAGTCTAGC	-3.169925001442312	1.5316450877189923e-17	4.472183802777584e-17	X1
TGCCGGTAGAAAGCAT	-2.807354922057604	3.0739033075239876e-11	4.8429849227620825e-11	X1
GCTTAGTAGCACCACA	1.8744691179161412	1.6610244897268262e-18	5.822729697591934e-18	X0
CTATGAGGTTAGCGTA	-3.321928094887362	1.6042818341220015e-19	7.283419635012658e-19	X1
GAACACAAGCTATTGA	2.584962500721156	9.556787680138532e-16	2.1356227092357177e-15	X0
TACCGAAGTCAAGACC	-1.584962500721156	6.548999325035109e-12	1.0693048396261339e-11	X1
CCCTCACCATTGTGAT	3.4594316186372973	1.363071866403019e-20	8.502363950314572e-20	X0
CGCAATTAGGATAAAC	-3.584962500721156	1.0029797609618065e-21	9.676970737184859e-21	X1
GATGACTTCAATGTCA	-4.169925001442312	3.224844447881771e-24	1.2299758276999067e-22	X1
AGTAAACAGACAAACG	-3.584962500721156	1.363071866403019e-20	8.502363950314572e-20	X1
TTATCCGTCGCCTAAG	4.0	3.0739033075239876e-11	4.8429849227620825e-11	X0
GTGCACGGTCACAGAC	2.807354922057604	1.6610244897268262e-18	5.822729697591934e-18	X0
TGTTGCACATCACTTC	-3.321928094887362	9.556787680138532e-16	2.1356227092357177e-15	X1
TTTGTGGCACTTAGGC	-1.584962500721156	1.2704266677461526e-16	3.218033375269829e-16	X1
TTAGACTCACCAAAGG	-2.807354922057604	4.1422259360400374e-14	7.91791191062939e-14	X1
TTCGGTACAACTAGCC	-2.807354922057604	2.4127107519685975e-13	4.369011087207231e-13	X1
CATTATCTCATGGCCA	4.087462841250339	1.0029797609618065e-21	9.676970737184859e-21	X0
TAGAGCCGTGCCGCAA	-3.0	9.556787680138532e-16	2.1356227092357177e-15	X1
AGCTAGTTCCATAAGC	-2.0	2.346206306321115e-06	3.0232744644007614e-06	X1
CCGCAAATCCTAAGAC	-2.584962500721156	1.2704266677461526e-16	3.218033375269829e-16	X1
CACAAGCGTGTTGTAG	-2.584962500721156	6.564907761017925e-15	1.3424970548431796e-14	X1
TGTTAGCAGCTCAATA	-2.807354922057604	2.818141017102701e-07	3.7604312442133894e-07	X1
GAATTTGTCGTACCGA	0.0	1.0	1.0	unknown
CTGGTTTGTTACATCC	3.321928094887362	1.363071866403019e-20	8.502363950314572e-20	X0
GACCGTTCACGTGCTG	-3.169925001442312	1.6610244897268262e-18	5.822729697591934e-18	X1
CATCACACAGGACCAA	-3.0	3.0739033075239876e-11	4.8429849227620825e-11	X1
TTAGCGGTCTCAATAG	-2.584962500721156	3.0739033075239876e-11	4.8429849227620825e-11	X1
GGCATTAGTTTGGGTA	-3.321928094887362	6.26162256269268e-23	1.0840156507470095e-21	X1
TCTAAGGGTGGTTAGC	-3.0	9.050013106514627e-08	1.228419758647018e-07	X1
GGGCGAATCTTGCATT	-2.807354922057604	9.556787680138532e-16	2.1356227092357177e-15	X1
GCTCACAAGTTAGCCG	-2.0	0.18410080866334788	0.2023975712117845	unknown
CTTTAGGCATGTTGCA	2.807354922057604	5.579544528625976e-10	8.284469704608276e-10	X0
ATTGCGCCAAGGTGCA	-2.321928094887362	2.756790387925026e-08	3.824929141867178e-08	X1
ACCTTCATCACCGGTA	2.807354922057604	1.2704266677461526e-16	3.218033375269829e-16	X0
ATTACGTCAAACGGGC	2.321928094887362	5.579544528625976e-10	8.284469704608276e-10	X0
TACTTCGTCATAAGCC	4.0	1.0029797609618065e-21	9.676970737184859e-21	X0
TGCGCGAGTGGACCTG	-2.0	8.336813247250504e-07	1.0917468420889744e-06	X1
GGCCATCAGCAGGTTT	-2.321928094887362	1.3029679093280502e-12	2.239820187795613e-12	X1
AATGCATGTTAAGGCC	-0.3219280948873622	0.0004368599184561862	0.0005205215071354787	X1
ATTGACTCATCTAGCA	2.807354922057604	1.6610244897268262e-18	5.822729697591934e-18	X0
ATGTAACGTGCTAGCG	-3.169925001442312	6.26162256269268e-23	1.0840156507470095e-21	X1
GTACTTCGTTTGTGGA	2.321928094887362	7.952664236893068e-09	1.1284123271995337e-08	X0
GTGTGTTAGCCGCAGT	1.8073549220576042	1.2704266677461526e-16	3.218033375269829e-16	X0
GAGGCTTGTCTAACAG	2.807354922057604	1.363071866403019e-20	8.502363950314572e-20	X0
AAACGTACAGCTTACA	2.584962500721156	2.4127107519685975e-13	4.369011087207231e-13	X0
GGTCCGTAGCATGACT	3.0	1.3029679093280502e-12	2.239820187795613e-12	X0
CCGACAGGTGTCCTGC	4.169925001442312	1.363071866403019e-20	8.502363950314572e-20	X0
TGATCACAGCCTGTTC	3.9068905956085187	1.6610244897268262e-18	5.822729697591934e-18	X0
CACATGCCACACTAAT	3.4594316186372973	1.6610244897268262e-18	5.822729697591934e-18	X0
GCTGCACAGGGTGAGT	0.893084796083488	0.18410080866334788	0.2023975712117845	unknown
TTGTCAAAGCCGCTAA	-3.321928094887362	1.6042818341220015e-19	7.283419635012658e-19	X1
ATTACTGAGCATCCAG	2.4594316186372973	9.556787680138532e-16	2.1356227092357177e-15	X0
CTCGCTCCAGCATGTC	-3.169925001442312	1.6042818341220015e-19	7.283419635012658e-19	X1
GCCTCGACAGAACCGA	2.584962500721156	4.1422259360400374e-14	7.91791191062939e-14	X0
GGAACAATCTCCATAT	-2.321928094887362	9.050013106514627e-08	1.228419758647018e-07	X1
ACTATCCGTCATAGAT	-1.3219280948873622	9.050013106514627e-08	1.228419758647018e-07	X1
AGCGCTCAGTGGACAA	2.807354922057604	4.1422259360400374e-14	7.91791191062939e-14	X0
AATACCGGTATACTGG	3.4594316186372973	1.6610244897268262e-18	5.822729697591934e-18	X0
TGACTCCTCATAACGC	-3.4594316186372973	1.363071866403019e-20	8.502363950314572e-20	X1
AGCTACTAGGGTGAGT	0.5849625007211561	0.0008949651957434264	0.001056728495393278	X0
GCTGAGGAGATGGACA	2.0	9.157161244117683e-05	0.00011144738539251088	X0
ACCCAGGGTATTGAGT	-3.0	1.2704266677461526e-16	3.218033375269829e-16	X1
TTGGATATCCTAACGG	-1.584962500721156	0.5397946186935895	0.573551362839982	unknown
GATCACTAGGAGGACT	3.807354922057604	1.3154334480650894e-25	1.437749125400097e-23	X0
GGGTTATTCGCACACA	2.321928094887362	7.952664236893068e-09	1.1284123271995337e-08	X0
GACTATTCAAGCCACT	-2.321928094887362	3.0739033075239876e-11	4.8429849227620825e-11	X1
GGAGCAAGTGCAACTA	-2.807354922057604	4.1422259360400374e-14	7.91791191062939e-14	X1
AGCGGATAGCAGCTCA	2.700439718141092	1.5316450877189923e-17	4.472183802777584e-17	X0
CCACAATAGTATTGGC	-2.807354922057604	6.564907761017925e-15	1.3424970548431796e-14	X1
TCAGCAAGTAGCTAAT	-2.321928094887362	2.756790387925026e-08	3.824929141867178e-08	X1
GCTAAGTTCTTGATGA	-2.807354922057604	1.6610244897268262e-18	5.822729697591934e-18	X1
AGGAACCAGGACACTT	1.584962500721156	6.564907761017925e-15	1.3424970548431796e-14	X0
TAATTGCCATAGGCGA	-1.8073549220576042	2.1686833167108188e-09	3.137350440196232e-09	X1
CGCTTAACAGCATGAG	-3.4594316186372973	1.5316450877189923e-17	4.472183802777584e-17	X1
ATGTTCAAGACTTATG	-3.9068905956085187	1.5316450877189923e-17	4.472183802777584e-17	X1
GACACTAGTGAGCACT	-4.087462841250339	0.0017588208614850794	0.002060775226984838	X1
ATTGTGATCATGCCTC	3.4594316186372973	1.363071866403019e-20	8.502363950314572e-20	X0
GGTCTTTGTCCCGGAA	-2.807354922057604	1.2704266677461526e-16	3.218033375269829e-16	X1
CCTGAATAGGTGAAAT	-2.321928094887362	0.0004368599184561862	0.0005205215071354787	X1
ACCTAAGGTGTTGCTT	-3.4594316186372973	9.556787680138532e-16	2.1356227092357177e-15	X1
TCATCCATCTCCATAT	-2.321928094887362	5.579544528625976e-10	8.284469704608276e-10	X1
TCCAGGATCTCAATGA	-3.0	6.26162256269268e-23	1.0840156507470095e-21	X1
GATAATCGTCCGTAGG	4.0	1.363071866403019e-20	8.502363950314572e-20	X0
AGCTAGTTCTCCTCAA	4.0	1.5316450877189923e-17	4.472183802777584e-17	X0
CGTGTTACATAGCGGA	-2.584962500721156	2.1686833167108188e-09	3.137350440196232e-09	X1
GACTATTCAGTTTGTG	-2.321928094887362	2.1686833167108188e-09	3.137350440196232e-09	X1
ACTAACTCAATATACC	-3.321928094887362	4.1422259360400374e-14	7.91791191062939e-14	X1
GACCTCAAGTCACTAA	-3.321928094887362	3.224844447881771e-24	1.2299758276999067e-22	X1
GCTAATATCTTGTCCA	-2.321928094887362	1.6080007647833168e-05	2.0063706935607818e-05	X1
CCAAATCAGTAACGGA	-1.584962500721156	1.3513812610243942e-10	2.061271604766015e-10	X1
TATGTGATCAGCTAAC	-2.807354922057604	1.2704266677461526e-16	3.218033375269829e-16	X1
GACAATACATAACGGG	-3.584962500721156	3.224844447881771e-24	1.2299758276999067e-22	X1
AGTAGCTTCAATTACG	3.321928094887362	1.363071866403019e-20	8.502363950314572e-20	X0
ATGAAGTAGCTGTAAC	1.3219280948873622	1.3513812610243942e-10	2.061271604766015e-10	X0
TATGGGCGTTAAGTGT	-3.807354922057604	1.5316450877189923e-17	4.472183802777584e-17	X1
TACTGAGGTTTACTTG	2.4594316186372973	1.6610244897268262e-18	5.822729697591934e-18	X0
AGTTATGTCATAACCA	2.807354922057604	2.4127107519685975e-13	4.369011087207231e-13	X0
TGATCAGGTATCTGGA	-1.584962500721156	1.3029679093280502e-12	2.239820187795613e-12	X1
CTGGTTACATCAGCAC	2.321928094887362	9.556787680138532e-16	2.1356227092357177e-15	X0
GCGAAGTAGTGATTCA	-1.584962500721156	0.9333946903963931	0.9604115944601358	unknown
ACCAAGTTCCATAATG	2.807354922057604	9.556787680138532e-16	2.1356227092357177e-15	X0
GGCGATACACCTAATG	-1.584962500721156	0.24205920680364573	0.26354439063679713	unknown
TTGCAGCCAGTATGTT	-2.0	9.157161244117683e-05	0.00011144738539251088	X1
CGTGCTGCAGAGAGCC	-2.0	8.336813247250504e-07	1.0917468420889744e-06	X1
GTCATGAGTTAATGAC	-3.700439718141092	6.26162256269268e-23	1.0840156507470095e-21	X1
AGTTTGATCTTAGTCT	-3.523561956057013	2.4127107519685975e-13	4.369011087207231e-13	X1
AACCTTGCAACTAACT	0.7369655941662061	2.346206306321115e-06	3.0232744644007614e-06	X0
TGTGCAAGTGATGATT	-3.169925001442312	1.0029797609618065e-21	9.676970737184859e-21	X1
GAACTTATCTAATCAG	3.321928094887362	1.6610244897268262e-18	5.822729697591934e-18	X0
TATGGCCCAATTAAGG	2.807354922057604	1.0029797609618065e-21	9.676970737184859e-21	X0
CAACAGGCATGGTTAT	1.584962500721156	0.7579407931963542	0.7938215715928063	unknown
ATTCATGAGTTATGGC	4.169925001442312	6.26162256269268e-23	1.0840156507470095e-21	X0
TACCCGGCAAGCCAGA	-0.4150374992788439	0.24205920680364573	0.26354439063679713	unknown
GTTCCTGGTTTAGCTC	2.807354922057604	2.4127107519685975e-13	4.369011087207231e-13	X0
AAGAATCAGCCGCTAA	-2.807354922057604	7.952664236893068e-09	1.1284123271995337e-08	X1
GGGCCTAGTTTCAGGA	-1.584962500721156	0.46020538130641053	0.49191125489809434	unknown
CGCGATTCAAATTCGT	2.321928094887362	9.050013106514627e-08	1.228419758647018e-07	X0
GGTTTGTAGCCACAAT	1.584962500721156	4.1422259360400374e-14	7.91791191062939e-14	X0
AATCGCCCATAGACTT	-3.9068905956085187	6.26162256269268e-23	1.0840156507470095e-21	X1
TGATTGCAGTGAGAGC	-3.584962500721156	1.6610244897268262e-18	5.822729697591934e-18	X1
GGGTTACGTTGTAACG	-2.700439718141092	1.5316450877189923e-17	4.472183802777584e-17	X1
CGTTGCAAGCTTAACA	-0.3219280948873622	0.028443966820490392	0.032198974961578475	X1
TGCAATATCTTAGTCT	-3.0	1.363071866403019e-20	8.502363950314572e-20	X1
AACAGGATCCTAAGAC	-4.0	1.5316450877189923e-17	4.472183802777584e-17	X1
CAATGACTCTTGCAGG	-2.807354922057604	1.6610244897268262e-18	5.822729697591934e-18	X1
TGTGGCGGTTTGTCTA	1.0	0.0004368599184561862	0.0005205215071354787	X0
ATCATCAAGTTATTCC	-2.584962500721156	1.0029797609618065e-21	9.676970737184859e-21	X1
AAAGGTTAGATAGACG	3.807354922057604	1.6042818341220015e-19	7.283419635012658e-19	X0
GGTCGGTTCTTGCTAT	3.169925001442312	1.363071866403019e-20	8.502363950314572e-20	X0
GTGCATTAGGGTCTAT	-2.321928094887362	1.363071866403019e-20	8.502363950314572e-20	X1
ACACGGACAGGAATCG	-2.321928094887362	5.579544528625976e-10	8.284469704608276e-10	X1
CAAGCTAGTCTAGCTT	-2.0	2.818141017102701e-07	3.7604312442133894e-07	X1
TTATGCGCACAAAGGT	3.4594316186372973	0.0017588208614850794	0.002060775226984838	X0
GCGGGTTTCCTTAGTT	3.0	6.564907761017925e-15	1.3424970548431796e-14	X0
CTTAAGATCACGAATC	-3.9068905956085187	6.26162256269268e-23	1.0840156507470095e-21	X1
GCTATCCTCACTAGGT	-3.321928094887362	1.2704266677461526e-16	3.218033375269829e-16	X1
TGCATGAGTCAGTAAT	-2.169925001442312	1.3029679093280502e-12	2.239820187795613e-12	X1
AGCGGATAGGTAAGGC	4.0	3.224844447881771e-24	1.2299758276999067e-22	X0
ATTATGGTCCCTGGAA	-1.584962500721156	0.8643734879630823	0.8968272956012542	unknown
CTCGCTCCATTTAAGC	-1.415037499278844	1.2704266677461526e-16	3.218033375269829e-16	X1
CAATCTAAGGTAGCTT	-3.321928094887362	6.564907761017925e-15	1.3424970548431796e-14	X1
AGCTACTAGTTATGGC	-3.584962500721156	7.952664236893068e-09	1.1284123271995337e-08	X1
TACGTACAGTCATTAG	2.0	0.01048936783892586	0.011996507993823844	X0
TCTTGTCCACAACCTA	3.169925001442312	9.556787680138532e-16	2.1356227092357177e-15	X0
AGGATTGAGAATCTCA	-2.807354922057604	3.0739033075239876e-11	4.8429849227620825e-11	X1
CTTAAGGGTTTATCGC	-3.807354922057604	1.6610244897268262e-18	5.822729697591934e-18	X1
GATGGACAGATAACCC	-2.584962500721156	1.3029679093280502e-12	2.239820187795613e-12	X1
TTAGAAGCATAAGTTC	1.222392421336448	6.564907761017925e-15	1.3424970548431796e-14	X0
CTTTATGGTAATAACC	-3.169925001442312	6.26162256269268e-23	1.0840156507470095e-21	X1
CCAAATCAGTAGAGGC	-3.321928094887362	1.6610244897268262e-18	5.822729697591934e-18	X1
ACGCACGGTTTGTTGC	-2.584962500721156	6.548999325035109e-12	1.0693048396261339e-11	X1
GTAGGATCACAGGAAT	3.9068905956085187	1.363071866403019e-20	8.502363950314572e-20	X0
AATTTCCTCCAACTGG	-3.087462841250339	1.6610244897268262e-18	5.822729697591934e-18	X1
GGATTTATCGTTAACA	2.0	0.003318560257963064	0.003849487845566849	X0
GGTGCTGGTTTAACCC	-1.584962500721156	0.30864970679462606	0.33430584275359365	unknown
TACAATGTCCATAAGC	3.169925001442312	1.363071866403019e-20	8.502363950314572e-20	X0
TGAGGGAGTTCATTTG	3.169925001442312	1.2704266677461526e-16	3.218033375269829e-16	X0
CGATATTCATTGCGGT	-2.0703893278913985	1.2704266677461526e-16	3.218033375269829e-16	X1
CATAAGCTCTCGACCT	-2.321928094887362	4.1422259360400374e-14	7.91791191062939e-14	X1
GTCGAGGAGTTTGTCT	-3.0	4.1422259360400374e-14	7.91791191062939e-14	X1
AGCGTGCTCCTCACTA	3.4594316186372973	6.26162256269268e-23	1.0840156507470095e-21	X0
CACCAACCAGCCTGCA	1.0	1.3513812610243942e-10	2.061271604766015e-10	X0
TGTGCACCATGTTTGG	-2.0	1.2704266677461526e-16	3.218033375269829e-16	X1
TATCGCACATAATCAC	-0.5849625007211561	0.46020538130641053	0.49191125489809434	unknown
GGTCCGTAGATAACCC	-4.0	1.0029797609618065e-21	9.676970737184859e-21	X1
GACCTAAGTTAGGCTA	3.0	6.564907761017925e-15	1.3424970548431796e-14	X0
ATAGGTACACTAAGCC	3.584962500721156	1.363071866403019e-20	8.502363950314572e-20	X0
CACTGACCATCTTGAG	-1.584962500721156	1.6080007647833168e-05	2.0063706935607818e-05	X1
CGTATTGCACATACTG	2.584962500721156	1.6610244897268262e-18	5.822729697591934e-18	X0
CTTAGGAGTGGTTATG	3.807354922057604	1.0029797609618065e-21	9.676970737184859e-21	X0
GTCGAAGCATTTGCTC	3.700439718141092	3.224844447881771e-24	1.2299758276999067e-22	X0
CATTATCTCCCGAACA	3.700439718141092	1.6042818341220015e-19	7.283419635012658e-19	X0
AGTAACACAGCGCTTG	3.0	1.6042818341220015e-19	7.283419635012658e-19	X0
TCATTACTCGATTCTT	0.0	1.0	1.0	unknown
TACAGGTTCCTGAATA	-1.0	2.818141017102701e-07	3.7604312442133894e-07	X1
GCTTATCGTTAAGGCC	-1.263034405833794	1.2704266677461526e-16	3.218033375269829e-16	X1
ATAAGTCGTAAGCTTG	-3.700439718141092	5.579544528625976e-10	8.284469704608276e-10	X1
TGTTAGCAGAGGATAT	2.321928094887362	6.548999325035109e-12	1.0693048396261339e-11	X0
TCTGTGACAATAGCCC	3.169925001442312	1.363071866403019e-20	8.502363950314572e-20	X0
ATGTAACGTCATGCCC	3.321928094887362	6.564907761017925e-15	1.3424970548431796e-14	X0
CATCATGCAAACAACA	-4.169925001442312	1.5316450877189923e-17	4.472183802777584e-17	X1
CATCATGCACTAAGTT	-3.0	1.5316450877189923e-17	4.472183802777584e-17	X1
AATTACCCACAGAACG	-2.321928094887362	2.1686833167108188e-09	3.137350440196232e-09	X1
CCCTCATAGGAGGTTA	-3.169925001442312	1.363071866403019e-20	8.502363950314572e-20	X1
TACAACATCATGAAGG	2.807354922057604	9.050013106514627e-08	1.228419758647018e-07	X0
CAAGAACCAATTTAGC	2.807354922057604	1.5316450877189923e-17	4.472183802777584e-17	X0
AGGTAACCAATCCTGA	3.0	6.564907761017925e-15	1.3424970548431796e-14	X0
GGTCCGTAGACAACGA	-1.0	1.6080007647833168e-05	2.0063706935607818e-05	X1
TAAGCCTAGCTCCTTA	-3.321928094887362	1.363071866403019e-20	8.502363950314572e-20	X1
TGCTTCCAGCATGTTA	3.169925001442312	9.556787680138532e-16	2.1356227092357177e-15	X0
CCCGTAAAGGATTGAG	-1.584962500721156	8.336813247250504e-07	1.0917468420889744e-06	X1
GGGCATGAGTCATTAG	-2.807354922057604	1.6042818341220015e-19	7.283419635012658e-19	X1
AGCAATTGTTCACCAT	-3.0	3.0739033075239876e-11	4.8429849227620825e-11	X1
AGCTTGGTCTTAGTCT	-2.807354922057604	1.5316450877189923e-17	4.472183802777584e-17	X1
ACTATGTCAAGGTATA	-3.4594316186372973	1.0029797609618065e-21	9.676970737184859e-21	X1
GTATTGTCACCGTTCC	-2.0	2.346206306321115e-06	3.0232744644007614e-06	X1
CTTACTAGTCAAGTGC	-2.807354922057604	1.0029797609618065e-21	9.676970737184859e-21	X1
CGTTATCGTGTGAGGA	-3.321928094887362	1.363071866403019e-20	8.502363950314572e-20	X1
ATTTAGCCAACCCTCC	3.321928094887362	1.2704266677461526e-16	3.218033375269829e-16	X0
TAAGCTATCCCTGACT	3.321928094887362	1.363071866403019e-20	8.502363950314572e-20	X0
CGAGTCGGTGGTTCTT	-1.584962500721156	0.6178232827986665	0.6536145478091064	unknown
TTGACATCACGTAATT	2.584962500721156	6.548999325035109e-12	1.0693048396261339e-11	X0
GATTATGTCACTAAGC	-3.807354922057604	6.26162256269268e-23	1.0840156507470095e-21	X1
ACATCAATCCGCAAAT	-1.584962500721156	0.5397946186935895	0.573551362839982	unknown
TCTTAGTTCCAAATCA	-3.321928094887362	1.0029797609618065e-21	9.676970737184859e-21	X1
GAAGTCAAGTTTCCGC	-1.3219280948873622	0.0004368599184561862	0.0005205215071354787	X1
CGATTATCAGAGGGAG	-3.700439718141092	6.548999325035109e-12	1.0693048396261339e-11	X1
TAGGGTTTCTTAGTCT	-3.584962500721156	1.5316450877189923e-17	4.472183802777584e-17	X1
CGATGTCCAGGAACTG	2.584962500721156	1.6042818341220015e-19	7.283419635012658e-19	X0
ACGTCAAGTACGATTG	-2.115477217419936	1.6610244897268262e-18	5.822729697591934e-18	X1
AAAGGTTAGGGTTAGA	-2.0	0.0004368599184561862	0.0005205215071354787	X1
CCAGACTCATCAATCG	-2.321928094887362	0.00020438858371340761	0.0002460120970633274	X1
GGATTATGTGTTTGTC	2.584962500721156	9.050013106514627e-08	1.228419758647018e-07	X0
AGTTGTCAGGTCCACA	2.584962500721156	2.1686833167108188e-09	3.137350440196232e-09	X0
TACCTTAGTTCCTGAT	2.807354922057604	4.1422259360400374e-14	7.91791191062939e-14	X0
CGGTTATAGGACCGCT	-3.700439718141092	1.6042818341220015e-19	7.283419635012658e-19	X1
CCTGGTAAGGTCATTA	-3.584962500721156	9.556787680138532e-16	2.1356227092357177e-15	X1
TTAGGATGTGATGAAA	-2.0	0.044313040057033834	0.04985472305080024	X1
TCATGTTTCAATGTGC	-3.4594316186372973	1.6610244897268262e-18	5.822729697591934e-18	X1
TGTAAGTGTCTTACTA	2.584962500721156	1.3029679093280502e-12	2.239820187795613e-12	X0
CTCCAACTCCGTTATT	-2.0	1.6042818341220015e-19	7.283419635012658e-19	X1
CTTAACAAGAGGGACT	-4.087462841250339	6.26162256269268e-23	1.0840156507470095e-21	X1
AGGGCTACACCTACTT	-1.584962500721156	0.46020538130641053	0.49191125489809434	unknown
GCCTAATAGGAGGACT	-2.584962500721156	6.548999325035109e-12	1.0693048396261339e-11	X1
AGATGAAGTGTTAAAC	-2.584962500721156	1.3029679093280502e-12	2.239820187795613e-12	X1
AAGCAAGTCTCCATAT	-3.0	1.2704266677461526e-16	3.218033375269829e-16	X1
CGAGTCGGTTCACCCA	-2.584962500721156	9.050013106514627e-08	1.228419758647018e-07	X1
TTAACCAAGGGTCCAC	3.321928094887362	1.5316450877189923e-17	4.472183802777584e-17	X0
GGTATGTTCTAATCCT	-3.807354922057604	1.5316450877189923e-17	4.472183802777584e-17	X1
TGTTGTTTCGTCCTTA	-2.807354922057604	1.2704266677461526e-16	3.218033375269829e-16	X1
AAGCTAGAGCAAGGTA	3.321928094887362	1.5316450877189923e-17	4.472183802777584e-17	X0
GTTTCAGCAGCATGGA	-3.169925001442312	1.6042818341220015e-19	7.283419635012658e-19	X1
GCGCAATGTCATCCTG	-2.321928094887362	8.336813247250504e-07	1.0917468420889744e-06	X1
TGTTGCACAAGTAAGC	1.3219280948873622	1.3029679093280502e-12	2.239820187795613e-12	X0
TATGAAGCACCGGTAT	3.0	1.6042818341220015e-19	7.283419635012658e-19	X0
ACCGAAGCAAGGTCGA	-2.0	9.157161244117683e-05	0.00011144738539251088	X1
ACTCAGTAGCTACTGG	-3.4594316186372973	1.6610244897268262e-18	5.822729697591934e-18	X1
TCATTGTTCCTCCCTC	-2.115477217419936	6.26162256269268e-23	1.0840156507470095e-21	X1
CTAACCACAATAGCAA	-2.807354922057604	6.564907761017925e-15	1.3424970548431796e-14	X1
TCGTAATCAGGCTACT	-2.169925001442312	1.6610244897268262e-18	5.822729697591934e-18	X1
GTCCTCAGTCATTGTC	3.4594316186372973	1.6610244897268262e-18	5.822729697591934e-18	X0
TGTTAGCAGACTTATG	-2.807354922057604	4.1422259360400374e-14	7.91791191062939e-14	X1
ATTCCTAGTACCGTAA	3.700439718141092	1.363071866403019e-20	8.502363950314572e-20	X0
GCGGAACCATTAGGCC	3.4594316186372973	6.26162256269268e-23	1.0840156507470095e-21	X0
GTTAAGTGTGATCATG	3.0	1.6610244897268262e-18	5.822729697591934e-18	X0
AGCCTAAGTGGAAGGC	-2.807354922057604	1.5316450877189923e-17	4.472183802777584e-17	X1
ATTACCCGTGGTGAGA	-2.0	0.06660530960360693	0.07444302231795079	unknown
GCGATATTCGCATCCT	-2.321928094887362	2.756790387925026e-08	3.824929141867178e-08	X1
CCCGCAACAAGTCGCT	-2.584962500721156	1.2704266677461526e-16	3.218033375269829e-16	X1
ATAATGGCACAAGCCT	2.584962500721156	6.548999325035109e-12	1.0693048396261339e-11	X0
TTACGTTTCTAATTGG	-0.5849625007211561	8.336813247250504e-07	1.0917468420889744e-06	X1
AATTGACGTTAACACG	2.321928094887362	2.756790387925026e-08	3.824929141867178e-08	X0
CATTGCGAGCACAGCC	2.807354922057604	1.6042818341220015e-19	7.283419635012658e-19	X0
CTTGAACAGTAAGGGC	2.584962500721156	9.556787680138532e-16	2.1356227092357177e-15	X0
GGTCCATCATAGCGGA	-2.807354922057604	1.6042818341220015e-19	7.283419635012658e-19	X1
AGAGGAACAATAGCAA	-1.584962500721156	0.028443966820490392	0.032198974961578475	X1
ACACTAATCCTAATTC	3.4594316186372973	1.0029797609618065e-21	9.676970737184859e-21	X0
AATAACCGTCATAGAT	3.087462841250339	1.6042818341220015e-19	7.283419635012658e-19	X0
GTTACGCCACAATTAC	0.0	1.0	1.0	unknown
CAGGCTATCCTTGCAC	-2.584962500721156	2.4127107519685975e-13	4.369011087207231e-13	X1
ACGGGAAGTTCCATTA	3.0	6.548999325035109e-12	1.0693048396261339e-11	X0
GTGTGTTAGGCGCACT	-2.0	0.01048936783892586	0.011996507993823844	X1
TGTTCCTCAGTAAAGC	-2.807354922057604	6.548999325035109e-12	1.0693048396261339e-11	X1
TCTAAGGGTCATGAGC	3.169925001442312	1.6042818341220015e-19	7.283419635012658e-19	X0
CCGCAAGGTCCTGATT	-2.807354922057604	4.1422259360400374e-14	7.91791191062939e-14	X1
AGTGTTTCACGCAACT	-3.321928094887362	1.6610244897268262e-18	5.822729697591934e-18	X1
ATTAGTCCAGGCTAGA	-3.0	1.2704266677461526e-16	3.218033375269829e-16	X1
TAGACCAGTTGGATAT	3.584962500721156	1.6610244897268262e-18	5.822729697591934e-18	X0
ATGTAACGTCAGGCCA	-3.4594316186372973	1.6610244897268262e-18	5.822729697591934e-18	X1
GCACATTAGCCAAATC	-1.1699250014423122	1.2704266677461526e-16	3.218033375269829e-16	X1
TGGTCAAGTACAATGT	-1.0	8.336813247250504e-07	1.0917468420889744e-06	X1
ACCCTGTTCCAGCACA	-1.0	2.1686833167108188e-09	3.137350440196232e-09	X1
CTTAACAAGGGTGGAT	2.584962500721156	8.336813247250504e-07	1.0917468420889744e-06	X0
GGGATAATCCATTACT	-2.0	9.050013106514627e-08	1.228419758647018e-07	X1
CACATTAAGGTGTTAC	3.4594316186372973	1.6610244897268262e-18	5.822729697591934e-18	X0
CGCACACAGGCAACAA	-2.807354922057604	4.1422259360400374e-14	7.91791191062939e-14	X1
GCAAACAAGTCACCAG	-2.4594316186372973	1.0029797609618065e-21	9.676970737184859e-21	X1
TGACCTTGTTACAAAC	2.584962500721156	2.4127107519685975e-13	4.369011087207231e-13	X0
ACCCGGTAGCATTATG	0.917537839808027	0.0060164878626817395	0.0069340164649698425	X0
AAAGCAAGTCATTAGG	-1.584962500721156	3.0739033075239876e-11	4.8429849227620825e-11	X1
GGTAAACCATTAGCCA	-2.700439718141092	1.363071866403019e-20	8.502363950314572e-20	X1
TAGGCTAGTCAAACTG	-2.0	3.925069822796835e-05	4.843013700478723e-05	X1
CTTAAGATCGTACCGA	-2.584962500721156	2.4127107519685975e-13	4.369011087207231e-13	X1
CAATAGCTCCTAGTCC	-1.0	0.00020438858371340761	0.0002460120970633274	X1
CTACCTCAGCGAGCGA	1.8073549220576042	1.2704266677461526e-16	3.218033375269829e-16	X0
CATAGACTCGAGGTGG	2.321928094887362	2.756790387925026e-08	3.824929141867178e-08	X0
TAGGAGTCACCGGCTA	-1.584962500721156	1.6610244897268262e-18	5.822729697591934e-18	X1
TGAGCCGGTCACAGAC	0.0	1.0	1.0	unknown
GTAGTTTCACTTCACT	-2.807354922057604	1.2704266677461526e-16	3.218033375269829e-16	X1
GAGTTTGGTGATGAAA	-2.700439718141092	1.363071866403019e-20	8.502363950314572e-20	X1
ATTAGGTGTACCCACC	-2.807354922057604	1.5316450877189923e-17	4.472183802777584e-17	X1
GTTTAGCAGGAAGCTA	-1.584962500721156	0.18410080866334788	0.2023975712117845	unknown
AGTTGTCAGGAGGCAT	3.807354922057604	6.548999325035109e-12	1.0693048396261339e-11	X0
TTGCATTTCTTTGACT	-2.662965012722429	1.6042818341220015e-19	7.283419635012658e-19	X1
TCTTAGTTCCTTAGTT	-1.584962500721156	0.5397946186935895	0.573551362839982	unknown
GCTCCTTAGGTGCTGC	2.0	8.336813247250504e-07	1.0917468420889744e-06	X0
TCTAACCGTGATGAAA	-1.584962500721156	1.3029679093280502e-12	2.239820187795613e-12	X1
CATAGCTAGTCACTCC	-5.247927513443585	8.336813247250504e-07	1.0917468420889744e-06	X1
CTCGACAAGGAGGCAT	-2.321928094887362	1.6610244897268262e-18	5.822729697591934e-18	X1
TAGCTAGGTGATGGCT	-1.584962500721156	1.3513812610243942e-10	2.061271604766015e-10	X1
CGGTGAGAGCCTGTGA	-2.321928094887362	3.0739033075239876e-11	4.8429849227620825e-11	X1
CGGGACAAGTTGCCTC	3.169925001442312	6.26162256269268e-23	1.0840156507470095e-21	X0
GCACTTACAGTTTCTC	-2.321928094887362	5.579544528625976e-10	8.284469704608276e-10	X1
GCATCCTTCGTCATTT	-1.584962500721156	0.9895106321610742	1.0	unknown
CTAATCTTCTAAATCG	2.321928094887362	1.3029679093280502e-12	2.239820187795613e-12	X0
CGAACAAAGTAATCCA	0.3219280948873622	0.00020438858371340761	0.0002460120970633274	X0
GGGAATATCACGCATG	-2.321928094887362	1.6610244897268262e-18	5.822729697591934e-18	X1
ACCATAATCTAACCAA	-3.321928094887362	9.556787680138532e-16	2.1356227092357177e-15	X1
TAGCTAGGTCATCAAG	2.9068905956085187	1.2704266677461526e-16	3.218033375269829e-16	X0
GACATTATCAATTGGC	3.321928094887362	1.6042818341220015e-19	7.283419635012658e-19	X0
ACTTATGAGGCGCACT	-2.0	2.346206306321115e-06	3.0232744644007614e-06	X1
CTCGTTATCGTGCCTT	-2.0	0.00020438858371340761	0.0002460120970633274	X1
AGTGAACCACATTAAC	-2.584962500721156	6.548999325035109e-12	1.0693048396261339e-11	X1
TTACGTTTCTAAATCG	-3.321928094887362	1.6042818341220015e-19	7.283419635012658e-19	X1
CTCTAGCTCCCGTTAC	4.247927513443585	1.5316450877189923e-17	4.472183802777584e-17	X0
GAGTCATTCTAATCAG	-1.584962500721156	0.24205920680364573	0.26354439063679713	unknown
TGGTTAATCATGCTCC	-2.584962500721156	9.556787680138532e-16	2.1356227092357177e-15	X1
GAGGTACAGATAAAGC	-3.4594316186372973	1.6042818341220015e-19	7.283419635012658e-19	X1
TACTAAGTCCTTCTAG	3.169925001442312	3.224844447881771e-24	1.2299758276999067e-22	X0
TGCTCACTCTAAGTCA	-2.807354922057604	2.4127107519685975e-13	4.369011087207231e-13	X1
GTCTTTAGTAGGTTTG	-3.700439718141092	1.0029797609618065e-21	9.676970737184859e-21	X1
TTTAACCTCATGGCCA	-3.0	6.564907761017925e-15	1.3424970548431796e-14	X1
AGACACGCAAGGTGGC	-2.321928094887362	2.1686833167108188e-09	3.137350440196232e-09	X1
GTACAATGTGAGCAAG	-1.584962500721156	1.3513812610243942e-10	2.061271604766015e-10	X1
ACGTCCAAGTAAGTCC	-2.807354922057604	1.6610244897268262e-18	5.822729697591934e-18	X1
GATCGATTCGCGACAC	-2.807354922057604	2.4127107519685975e-13	4.369011087207231e-13	X1
GTATTCAAGGTCAAAG	-3.321928094887362	1.6042818341220015e-19	7.283419635012658e-19	X1
GGTGCTGGTCACAAAT	-1.8073549220576042	1.363071866403019e-20	8.502363950314572e-20	X1
GGTTATATCTGTTGCC	3.9068905956085187	1.0029797609618065e-21	9.676970737184859e-21	X0
GGTCTTTGTAATGGCC	-2.807354922057604	1.363071866403019e-20	8.502363950314572e-20	X1
AATTGCCAGAATCGCT	-3.4594316186372973	1.363071866403019e-20	8.502363950314572e-20	X1
CGCTTCTAGTCAATCA	-2.807354922057604	1.6042818341220015e-19	7.283419635012658e-19	X1
GGTCCATCAACGTGCT	-3.169925001442312	3.224844447881771e-24	1.2299758276999067e-22	X1
CGTAACCCAGGTTCAC	-1.8073549220576042	1.6610244897268262e-18	5.822729697591934e-18	X1
GTTCGCGCAATTTAGC	-3.0	1.6610244897268262e-18	5.822729697591934e-18	X1
GGGAATATCCCGTTTA	-2.807354922057604	6.564907761017925e-15	1.3424970548431796e-14	X1
CCTATAGCAATTAGGA	3.9068905956085187	1.6610244897268262e-18	5.822729697591934e-18	X0
CTAACCACAGCTAACC	-1.584962500721156	0.9823998998911476	1.0	unknown
CATAAGCTCGCACAAT	-3.0	1.2704266677461526e-16	3.218033375269829e-16	X1
TAAGTGCTCTAATTGG	-3.321928094887362	1.3029679093280502e-12	2.239820187795613e-12	X1
GGACCTCAGCAAGGAC	-2.0	9.157161244117683e-05	0.00011144738539251088	X1
ATTAGTCCAGCATTAT	-3.807354922057604	6.26162256269268e-23	1.0840156507470095e-21	X1
CATTCATTCCGCAAAT	-3.584962500721156	1.5316450877189923e-17	4.472183802777584e-17	X1
CACGCAATCAGTGAAG	-2.807354922057604	9.556787680138532e-16	2.1356227092357177e-15	X1
CAAGGCTGTGTTAAAC	-3.4594316186372973	1.5316450877189923e-17	4.472183802777584e-17	X1
GGATTATGTCATAGAT	-3.169925001442312	6.26162256269268e-23	1.0840156507470095e-21	X1
GCTTTACGTGTCCAGG	-2.807354922057604	1.2704266677461526e-16	3.218033375269829e-16	X1
AAACAGCCACCCACAG	3.0	1.6610244897268262e-18	5.822729697591934e-18	X0
GACTTAGGTAGCAGCT	2.584962500721156	4.1422259360400374e-14	7.91791191062939e-14	X0
GGATTTATCTAGCGAT	-2.807354922057604	9.556787680138532e-16	2.1356227092357177e-15	X1
GCTAGTGTCATGACCG	2.807354922057604	2.4127107519685975e-13	4.369011087207231e-13	X0
TTGTTCCCACAAAGGT	-2.4594316186372973	1.2704266677461526e-16	3.218033375269829e-16	X1
CACTAGCCATATTGAC	-3.4594316186372973	1.0029797609618065e-21	9.676970737184859e-21	X1
GTTCATTTCCAGCACA	-3.169925001442312	1.6610244897268262e-18	5.822729697591934e-18	X1
CTCCTGAGTTAGAGGG	-2.321928094887362	3.0739033075239876e-11	4.8429849227620825e-11	X1
CATCCTGGTGCTGTAA	-3.169925001442312	1.6610244897268262e-18	5.822729697591934e-18	X1
GGAGCAAGTTGAATCG	2.321928094887362	6.289575008339427e-06	7.975507841743658e-06	X0
CAGATTCAGACCATAC	-2.807354922057604	6.564907761017925e-15	1.3424970548431796e-14	X1
CGCAAATTCGTTATCT	-3.169925001442312	1.363071866403019e-20	8.502363950314572e-20	X1
GCAATATGTGTTAAAC	-3.169925001442312	9.556787680138532e-16	2.1356227092357177e-15	X1
TAGTTGTCAGCCAGTT	3.4594316186372973	1.3154334480650894e-25	1.437749125400097e-23	X0
CGGCCATAGACAACAG	-3.0	9.556787680138532e-16	2.1356227092357177e-15	X1
TTTCAGTTCATCACTT	-1.584962500721156	1.5316450877189923e-17	4.472183802777584e-17	X1
CCATAGCCACTAGCGT	1.584962500721156	0.30864970679462606	0.33430584275359365	unknown
TGATCACAGGCAATAG	-1.222392421336448	1.2704266677461526e-16	3.218033375269829e-16	X1
GCATGAAAGCACGATT	-2.807354922057604	9.556787680138532e-16	2.1356227092357177e-15	X1
TTGTTTGGTGAGGTAG	-2.584962500721156	4.1422259360400374e-14	7.91791191062939e-14	X1
CTCATTGTCGTGCTTC	-3.169925001442312	1.363071866403019e-20	8.502363950314572e-20	X1
CTTTATCAGTAGGCGG	-2.4594316186372973	1.0029797609618065e-21	9.676970737184859e-21	X1
GGTTAATGTTAACGGC	-2.584962500721156	3.0739033075239876e-11	4.8429849227620825e-11	X1
GAACCAAAGTCACCTC	-2.321928094887362	2.756790387925026e-08	3.824929141867178e-08	X1
GTTCCTTCAGCACGAA	-3.321928094887362	1.2704266677461526e-16	3.218033375269829e-16	X1
GGAGCGATCGTACCGA	-2.807354922057604	4.1422259360400374e-14	7.91791191062939e-14	X1
CTAGATTCAACAACAA	3.0	6.26162256269268e-23	1.0840156507470095e-21	X0
CCTTCGTAGTTATCCT	-3.321928094887362	1.5316450877189923e-17	4.472183802777584e-17	X1
TAAAGCCTCTCACACC	-2.321928094887362	7.952664236893068e-09	1.1284123271995337e-08	X1
ACATTAGTCATGGCTG	-2.807354922057604	1.5316450877189923e-17	4.472183802777584e-17	X1
AAGACCAAGTACTGGT	-2.321928094887362	3.0739033075239876e-11	4.8429849227620825e-11	X1
GATTGGCGTATTGAGT	-2.321928094887362	5.579544528625976e-10	8.284469704608276e-10	X1
GGAACTAAGGATCCGC	-2.321928094887362	6.564907761017925e-15	1.3424970548431796e-14	X1
GCGAGTGAGTCACTAA	-2.0	2.756790387925026e-08	3.824929141867178e-08	X1
ACACTTGCAGGAACTG	-2.7369655941662066	6.26162256269268e-23	1.0840156507470095e-21	X1
ACCCAGGGTGGTTAGC	-3.0	4.1422259360400374e-14	7.91791191062939e-14	X1
CTCACACTCATTACGA	3.4594316186372973	6.26162256269268e-23	1.0840156507470095e-21	X0
AGAGGATGTACCCACC	-2.169925001442312	1.6610244897268262e-18	5.822729697591934e-18	X1
GCAAACTTCTAGCGAT	0.0	1.0	1.0	unknown
CTCCTCACATGTTTGG	-4.087462841250339	1.6610244897268262e-18	5.822729697591934e-18	X1
GATTCGCCAGGCGAGT	-3.169925001442312	1.0029797609618065e-21	9.676970737184859e-21	X1
TAGTGTGGTGCTTAGA	-3.4594316186372973	1.6042818341220015e-19	7.283419635012658e-19	X1
CTAATCTTCCCTCAAC	-3.584962500721156	6.26162256269268e-23	1.0840156507470095e-21	X1
GCTTAGTAGTCAGGCC	4.321928094887363	6.564907761017925e-15	1.3424970548431796e-14	X0
CAGCCAATCGTAATCA	3.807354922057604	6.26162256269268e-23	1.0840156507470095e-21	X0
GCAACAGCAGTAATAG	-2.807354922057604	1.2704266677461526e-16	3.218033375269829e-16	X1
CTCACAACATAGACCC	2.584962500721156	6.564907761017925e-15	1.3424970548431796e-14	X0
AAATGGCCAAACTCAT	-2.584962500721156	1.5316450877189923e-17	4.472183802777584e-17	X1
AGTCTTGCATCAGCAC	-2.0	9.157161244117683e-05	0.00011144738539251088	X1
GCCTTAGAGTGAACCT	-2.0	0.0008949651957434264	0.001056728495393278	X1
GCTATAGGTCAAGTAT	3.584962500721156	6.26162256269268e-23	1.0840156507470095e-21	X0
TCTACCTCATAGCGGA	-2.169925001442312	1.6610244897268262e-18	5.822729697591934e-18	X1
CTAAATGTCCGGTTAG	3.169925001442312	1.6042818341220015e-19	7.283419635012658e-19	X0
ACCAGCTCACTTGTTC	-2.321928094887362	1.6610244897268262e-18	5.822729697591934e-18	X1
TGCAAGCGTCTTACTA	-2.807354922057604	6.548999325035109e-12	1.0693048396261339e-11	X1
GGTGCTGGTCATTGTC	2.584962500721156	1.3029679093280502e-12	2.239820187795613e-12	X0
TGGTGATTCTTGCATT	-2.321928094887362	2.1686833167108188e-09	3.137350440196232e-09	X1
GGCTGTCAGGCTGGCT	-2.807354922057604	1.5316450877189923e-17	4.472183802777584e-17	X1
GGAAGTATCCGGTTGA	-3.807354922057604	1.0029797609618065e-21	9.676970737184859e-21	X1
CTAGTTGCAGTAGGTG	-0.4150374992788439	9.050013106514627e-08	1.228419758647018e-07	X1
GGGTATTTCACAGCGC	-0.4150374992788439	0.9033260477521786	0.9326176015352042	unknown
CCCGTTGTCAGCACCA	3.700439718141092	1.2704266677461526e-16	3.218033375269829e-16	X0
AGAGAAGCATCCATCT	-3.4594316186372973	1.6042818341220015e-19	7.283419635012658e-19	X1
GATCACTAGTAAGTGG	-2.321928094887362	6.548999325035109e-12	1.0693048396261339e-11	X1
TTGTCCGGTTGTTGCT	4.0	6.26162256269268e-23	1.0840156507470095e-21	X0
AGAGGATGTTGGTTCT	0.0	1.0	1.0	unknown
ACAGCGCTCGCTAGTG	-2.807354922057604	9.556787680138532e-16	2.1356227092357177e-15	X1
TGATCAGGTCTAACAG	-2.321928094887362	6.548999325035109e-12	1.0693048396261339e-11	X1
TAAGGCTTCCGCATGA	2.584962500721156	1.3029679093280502e-12	2.239820187795613e-12	X0
GCGTAACGTGCTTTAC	-2.321928094887362	9.157161244117683e-05	0.00011144738539251088	X1
GTAGCCATCCGTGACA	-2.584962500721156	1.3029679093280502e-12	2.239820187795613e-12	X1
TTAGCTGCAATAGTCT	-3.4594316186372973	1.6042818341220015e-19	7.283419635012658e-19	X1
GTCTATGCAGATTCAT	-2.0	2.1686833167108188e-09	3.137350440196232e-09	X1
ATCAGGTTCGCTAAGT	-2.321928094887362	1.3513812610243942e-10	2.061271604766015e-10	X1
TTACAGCAGTTTCCGC	0.485426827170242	8.336813247250504e-07	1.0917468420889744e-06	X0
CAGGGTGAGCGCTAAT	2.584962500721156	2.4127107519685975e-13	4.369011087207231e-13	X0
TGCACTTGTTGCACAA	3.584962500721156	6.26162256269268e-23	1.0840156507470095e-21	X0
ACACGGACAATAGCAA	-2.222392421336448	1.6042818341220015e-19	7.283419635012658e-19	X1
ATGAGCCGTTTAGTCC	-1.8073549220576042	1.6610244897268262e-18	5.822729697591934e-18	X1
GGTTGCTCACATTAAC	-2.807354922057604	1.2704266677461526e-16	3.218033375269829e-16	X1
GAGTTTGGTCCTTCAG	-1.415037499278844	6.564907761017925e-15	1.3424970548431796e-14	X1
TTAGGCTAGGCGCTTA	-2.321928094887362	1.6610244897268262e-18	5.822729697591934e-18	X1
GAAGGATGTTGGTTCT	0.0	1.0	1.0	unknown
TCTAACTTCGACAAAG	-4.321928094887363	1.5316450877189923e-17	4.472183802777584e-17	X1
CCAGACTCACTTCACT	-3.321928094887362	1.363071866403019e-20	8.502363950314572e-20	X1
GCCTGACAGGTACCGC	-1.584962500721156	0.999960749301772	1.0	unknown
AGTGCACGTAGTTACG	-3.4594316186372973	9.556787680138532e-16	2.1356227092357177e-15	X1
TTTCTTGCATTAGGCC	-2.0	1.6042818341220015e-19	7.283419635012658e-19	X1
CCTGGTAAGGCCTTAG	-3.0	1.0029797609618065e-21	9.676970737184859e-21	X1
CCTATTGTCCGTTATT	-1.415037499278844	1.6610244897268262e-18	5.822729697591934e-18	X1
AGTAATCGTTCCTGAT	-3.4594316186372973	1.6610244897268262e-18	5.822729697591934e-18	X1
TCATAACCAACAACAA	2.9068905956085187	1.0029797609618065e-21	9.676970737184859e-21	X0
TAAACAGCAATCCTGA	-4.087462841250339	1.363071866403019e-20	8.502363950314572e-20	X1
ATAGATGCAGCAACAG	-2.0	1.6080007647833168e-05	2.0063706935607818e-05	X1
TCCTGTTCACCTGCCT	-3.9068905956085187	1.5316450877189923e-17	4.472183802777584e-17	X1
GATTCAATCACGCCAA	-1.584962500721156	0.8643734879630823	0.8968272956012542	unknown
CGATTCCTCATTAGTG	2.321928094887362	1.3029679093280502e-12	2.239820187795613e-12	X0
CGTTAGGTCCTAATTC	-3.0	1.6610244897268262e-18	5.822729697591934e-18	X1
CGGTGAACAGGCATGA	-2.807354922057604	9.556787680138532e-16	2.1356227092357177e-15	X1
GCTTTACGTTGTTGCT	-2.807354922057604	1.3029679093280502e-12	2.239820187795613e-12	X1
GTTTGTAAGTACTGGT	-0.8744691179161412	7.952664236893068e-09	1.1284123271995337e-08	X1
TTATCCTAGACAAAGT	-1.8744691179161412	0.0017588208614850794	0.002060775226984838	X1
CTTTGGGAGGCGCACT	-1.584962500721156	0.7579407931963542	0.7938215715928063	unknown
CGCAATAGTAGTTAAC	-2.8744691179161412	2.1686833167108188e-09	3.137350440196232e-09	X1
GTTTCAGCATCGCTTT	-3.169925001442312	1.5316450877189923e-17	4.472183802777584e-17	X1
TCCTTCAAGAAACTGG	-4.087462841250339	1.363071866403019e-20	8.502363950314572e-20	X1
TGAGCAAAGCAAGACA	-1.584962500721156	0.30864970679462606	0.33430584275359365	unknown
AATGTCCAGGGACGCA	-3.0	6.548999325035109e-12	1.0693048396261339e-11	X1
GTTGTGAGTCAAAGAA	-2.807354922057604	1.6610244897268262e-18	5.822729697591934e-18	X1
GAACCAAAGGCTAGAA	-3.4594316186372973	1.0029797609618065e-21	9.676970737184859e-21	X1
TTCATCCCACCACAAC	-3.169925001442312	1.363071866403019e-20	8.502363950314572e-20	X1
CTTGACGAGAGAAGGG	-1.584962500721156	0.18410080866334788	0.2023975712117845	unknown
TAGGAGGGTTAAGGTT	-2.0	0.0004368599184561862	0.0005205215071354787	X1
ATCGCTTGTGGGAACA	-2.0	0.0017588208614850794	0.002060775226984838	X1
GTCTAACAGTCATTGA	-1.584962500721156	6.564907761017925e-15	1.3424970548431796e-14	X1
CCAAGTTAGTCAATCA	-4.169925001442312	1.6042818341220015e-19	7.283419635012658e-19	X1
CATAATCCAGCATGTC	-2.321928094887362	5.579544528625976e-10	8.284469704608276e-10	X1
CTCTCACAGGCCGGAA	-1.584962500721156	6.548999325035109e-12	1.0693048396261339e-11	X1
CGGGTATGTCATTAGG	2.584962500721156	6.564907761017925e-15	1.3424970548431796e-14	X0
GCATTAGGTGGATTGC	-3.169925001442312	1.6042818341220015e-19	7.283419635012658e-19	X1
ATCAAGACAGGAATCG	-3.0	1.5316450877189923e-17	4.472183802777584e-17	X1
GGCGGTTTCGCTAAGT	-3.4594316186372973	1.363071866403019e-20	8.502363950314572e-20	X1
GCACGAACACTAAGCC	2.169925001442312	1.3029679093280502e-12	2.239820187795613e-12	X0
ACTTTGTTCGATCAGT	-2.584962500721156	1.3029679093280502e-12	2.239820187795613e-12	X1
TCAGGTCCACCTACGG	2.0	2.1686833167108188e-09	3.137350440196232e-09	X0
TTAGCTGCATTGTGGC	2.0	9.050013106514627e-08	1.228419758647018e-07	X0
CTGCTATGTTAAGTGT	2.584962500721156	1.3513812610243942e-10	2.061271604766015e-10	X0
GGAATCTTCCTAGTAA	2.321928094887362	2.346206306321115e-06	3.0232744644007614e-06	X0
AAAGCTTGTCCTTCTC	-2.584962500721156	6.564907761017925e-15	1.3424970548431796e-14	X1
TGGCGGTTCATGAAGG	-1.584962500721156	0.46020538130641053	0.49191125489809434	unknown
CTCTAGCTCGCACACA	-2.807354922057604	6.26162256269268e-23	1.0840156507470095e-21	X1
CTGGTCAAGCATGGTT	-2.807354922057604	9.556787680138532e-16	2.1356227092357177e-15	X1
ACCATTAAGCATTTCT	3.700439718141092	1.0029797609618065e-21	9.676970737184859e-21	X0
GAGGGAGCAGAAATTG	-2.321928094887362	1.0029797609618065e-21	9.676970737184859e-21	X1
AAGACATAGTATCGCG	2.0	6.564907761017925e-15	1.3424970548431796e-14	X0
AGTCTTGCAACCTAAT	-0.3219280948873622	9.157161244117683e-05	0.00011144738539251088	X1
GTATCGCCATGCTCCC	3.4594316186372973	1.6042818341220015e-19	7.283419635012658e-19	X0
ATGCCTGAGTTCCTGC	-2.584962500721156	1.3029679093280502e-12	2.239820187795613e-12	X1
CTGTTAAAGGCGCTTA	-3.169925001442312	1.363071866403019e-20	8.502363950314572e-20	X1
CCTAAGCCAGTTTGTG	-1.584962500721156	1.3513812610243942e-10	2.061271604766015e-10	X1
AGCCTAAGTTAACAGT	-3.169925001442312	6.26162256269268e-23	1.0840156507470095e-21	X1
TAGGCTTAGTCAGGCC	-2.321928094887362	2.4127107519685975e-13	4.369011087207231e-13	X1
GGTCTTGAGCAAACCT	1.584962500721156	0.46020538130641053	0.49191125489809434	unknown
ACTGAAACAAGCTTTG	3.700439718141092	1.0029797609618065e-21	9.676970737184859e-21	X0
TAGCAGGCACATTGCA	3.0	1.5316450877189923e-17	4.472183802777584e-17	X0
CTCAATAAGACCATAC	-2.584962500721156	2.4127107519685975e-13	4.369011087207231e-13	X1
CATAAGCTCCTCATCA	3.700439718141092	1.363071866403019e-20	8.502363950314572e-20	X0
AGTTGGCGTTAACGAT	3.169925001442312	3.224844447881771e-24	1.2299758276999067e-22	X0
GCGAAGTAGCTACTGG	-2.807354922057604	1.2704266677461526e-16	3.218033375269829e-16	X1
GCCCAAATCCATAAGC	-1.3219280948873622	2.756790387925026e-08	3.824929141867178e-08	X1
GACCTGATCAGGTCCA	-3.584962500721156	1.6610244897268262e-18	5.822729697591934e-18	X1
AACCGCTCAAGCTTAT	-3.321928094887362	1.6042818341220015e-19	7.283419635012658e-19	X1
TACTAAGTCGATTTAG	-2.0	8.336813247250504e-07	1.0917468420889744e-06	X1
CCTATTTAGTCACGAT	-1.584962500721156	0.30864970679462606	0.33430584275359365	unknown
AAGCGAGGTTACGCAA	-2.0	2.818141017102701e-07	3.7604312442133894e-07	X1
AATTCGTCATTGTTGG	3.584962500721156	1.6610244897268262e-18	5.822729697591934e-18	X0
CAATCGCCAACTAGAA	-1.8073549220576042	4.1422259360400374e-14	7.91791191062939e-14	X1
AAGCGTTTCGTTATAG	-2.321928094887362	1.3513812610243942e-10	2.061271604766015e-10	X1
CCAGACTCACTATGGC	-3.4594316186372973	1.0029797609618065e-21	9.676970737184859e-21	X1
ATCCCGCGTGGACATC	-2.807354922057604	6.564907761017925e-15	1.3424970548431796e-14	X1
CGATTCCTCTTGCAGG	-2.0	0.0004368599184561862	0.0005205215071354787	X1
GAACACAAGACAGGCG	3.700439718141092	1.363071866403019e-20	8.502363950314572e-20	X0
CTCATTTAGCTTTGGG	-3.4594316186372973	1.5316450877189923e-17	4.472183802777584e-17	X1
CTGTTTAGTTGGTGAC	3.4594316186372973	1.6610244897268262e-18	5.822729697591934e-18	X0
ATGTAACGTCATTGTC	-3.247927513443585	3.9845364322713306e-27	1.9452506862348638e-24	X1
TGGCCAATCCTGGCTT	-1.584962500721156	2.1686833167108188e-09	3.137350440196232e-09	X1
TGTTGGCCAGCAAGAT	-2.807354922057604	6.564907761017925e-15	1.3424970548431796e-14	X1
CCTCCTGAGTCTATGA	-2.321928094887362	6.26162256269268e-23	1.0840156507470095e-21	X1
CTAACCTGTGGTTCCC	-3.321928094887362	1.363071866403019e-20	8.502363950314572e-20	X1
TTGATGTCAGGTTCAC	3.321928094887362	1.2704266677461526e-16	3.218033375269829e-16	X0
TGTAACTCAATAATGG	-3.0	6.564907761017925e-15	1.3424970548431796e-14	X1
GGCATGGAGTCTCACC	-2.0	8.336813247250504e-07	1.0917468420889744e-06	X1
AAGCGTTTCATTGACA	-3.700439718141092	1.0029797609618065e-21	9.676970737184859e-21	X1
GTGTGTTAGGTAAGGC	-2.584962500721156	2.4127107519685975e-13	4.369011087207231e-13	X1
GGCCATCAGTCATTAG	-2.807354922057604	6.564907761017925e-15	1.3424970548431796e-14	X1
CATAGGCGTGCTCACC	-2.807354922057604	9.556787680138532e-16	2.1356227092357177e-15	X1
GAAGTGATCCCTCACG	4.321928094887363	1.6042818341220015e-19	7.283419635012658e-19	X0
CTGGCTAAGTCTCACC	4.087462841250339	9.556787680138532e-16	2.1356227092357177e-15	X0
AATCCGTAGGATTGCT	-4.169925001442312	1.363071866403019e-20	8.502363950314572e-20	X1
TATATCCTCTAACCTT	-1.0	0.0017588208614850794	0.002060775226984838	X1
GACCTGCAGGCTCATG	-1.8073549220576042	1.6042818341220015e-19	7.283419635012658e-19	X1
TTTCGTCCAACCCTCC	3.4594316186372973	1.6610244897268262e-18	5.822729697591934e-18	X0
ATCCTTAGTTACCGGG	-3.0	2.4127107519685975e-13	4.369011087207231e-13	X1
CTGGTTTGTTGCGCGA	3.584962500721156	1.0029797609618065e-21	9.676970737184859e-21	X0
ACCTTCCAGTCAATCA	-1.584962500721156	0.5397946186935895	0.573551362839982	unknown
CTCACTCAGGCAACAA	-3.0	1.2704266677461526e-16	3.218033375269829e-16	X1
GGTGTCCAGTATTGTG	-2.807354922057604	1.5316450877189923e-17	4.472183802777584e-17	X1
ATCACTAAGCTAATTG	-0.3219280948873622	0.0004368599184561862	0.0005205215071354787	X1
TACAAGCTCCTCCTAA	-2.807354922057604	4.1422259360400374e-14	7.91791191062939e-14	X1
ACTAATCCAAAGCGGC	-2.0	9.157161244117683e-05	0.00011144738539251088	X1
GGCTCACAGAGAGGCT	-2.584962500721156	4.1422259360400374e-14	7.91791191062939e-14	X1
ATGATGGAGCACGTTG	3.584962500721156	1.3029679093280502e-12	2.239820187795613e-12	X0
TAGCTAGGTGCATTTC	-2.321928094887362	3.0739033075239876e-11	4.8429849227620825e-11	X1
TATTCGTTCCTCAGCT	3.9068905956085187	6.26162256269268e-23	1.0840156507470095e-21	X0
GAGCCACTCACTAATG	-3.0	1.3029679093280502e-12	2.239820187795613e-12	X1
ATAAGCCTCCGTCCAT	-2.321928094887362	2.818141017102701e-07	3.7604312442133894e-07	X1
TTGCCCGTCCTCCCTC	-2.807354922057604	1.3029679093280502e-12	2.239820187795613e-12	X1
CCTATTGTCGGTTTCC	3.321928094887362	1.6610244897268262e-18	5.822729697591934e-18	X0
TGCCGGTAGTAGGATG	-1.584962500721156	0.8643734879630823	0.8968272956012542	unknown
CTGATCACACGAATCC	-2.584962500721156	1.3029679093280502e-12	2.239820187795613e-12	X1
TATAGGTGTGTGCACG	1.584962500721156	0.044313040057033834	0.04985472305080024	X0
GTGCCTTTCCCGCCTA	-2.321928094887362	2.756790387925026e-08	3.824929141867178e-08	X1
TAATCCGCACATAGCC	-4.0	1.363071866403019e-20	8.502363950314572e-20	X1
ACCAAACTCGATCAGT	2.321928094887362	1.3029679093280502e-12	2.239820187795613e-12	X0
TCGTGCTTCATTATGG	2.321928094887362	0.0017588208614850794	0.002060775226984838	X0
CTCCAAACAGTAGGTG	-2.0	0.0017588208614850794	0.002060775226984838	X1
TTAGCAGGTCGCATAA	-3.0	9.556787680138532e-16	2.1356227092357177e-15	X1
GCGCTAGGTTTCAGGA	-2.807354922057604	1.2704266677461526e-16	3.218033375269829e-16	X1
AATTTGCCATCGCTCC	2.0	0.003318560257963064	0.003849487845566849	X0
GCATGAGCAGGACCTT	-2.807354922057604	1.6610244897268262e-18	5.822729697591934e-18	X1
ACGCCTTTCACATTGA	-2.169925001442312	6.564907761017925e-15	1.3424970548431796e-14	X1
GGTTGCTCATTTGCTC	3.4594316186372973	6.564907761017925e-15	1.3424970548431796e-14	X0
CAGGACACACCCACCT	-3.584962500721156	1.2704266677461526e-16	3.218033375269829e-16	X1
TTTCAGTTCCTAATTC	-3.321928094887362	1.6610244897268262e-18	5.822729697591934e-18	X1
TGATTCAAGCCGCAAC	-3.0	1.363071866403019e-20	8.502363950314572e-20	X1
CAGCTCAAGCATGACT	-3.4594316186372973	6.26162256269268e-23	1.0840156507470095e-21	X1
TCCTTTACACCGGCTA	-2.321928094887362	6.289575008339427e-06	7.975507841743658e-06	X1
GTCCTCAGTGTGCAAC	1.222392421336448	6.548999325035109e-12	1.0693048396261339e-11	X0
TGAGGCACACAGACTC	-3.0	1.6610244897268262e-18	5.822729697591934e-18	X1
CCGCTAGCAAGGCCAA	0.0	1.0	1.0	unknown
GTTAACGGTCATCATC	-2.584962500721156	1.6042818341220015e-19	7.283419635012658e-19	X1
CACATGCCAGCAATAA	-3.169925001442312	1.0029797609618065e-21	9.676970737184859e-21	X1
TATAGCCAGTCATCCC	1.584962500721156	0.24205920680364573	0.26354439063679713	unknown
TCCAGCAAGCACAGAA	-2.0	0.0008949651957434264	0.001056728495393278	X1
TATAACCCAACCCTAA	1.8073549220576042	1.6080007647833168e-05	2.0063706935607818e-05	X0
GACCTGCAGGAGTAAT	-1.584962500721156	0.8643734879630823	0.8968272956012542	unknown
CGATTTGCACCTACTT	-3.0	4.1422259360400374e-14	7.91791191062939e-14	X1
AAGACCAAGTAAGGGC	-3.321928094887362	1.5316450877189923e-17	4.472183802777584e-17	X1
ACTTGCACAATATACC	-3.584962500721156	6.26162256269268e-23	1.0840156507470095e-21	X1
CAAGGTAAGTCACGAT	1.584962500721156	0.5397946186935895	0.573551362839982	unknown
GTCTAACAGTTATGTG	3.169925001442312	9.556787680138532e-16	2.1356227092357177e-15	X0
TTGGGCCAGCAGGCCT	-2.0	9.050013106514627e-08	1.228419758647018e-07	X1
CTGCTCCCATACCCGG	-1.1699250014423122	7.952664236893068e-09	1.1284123271995337e-08	X1
CGCACACAGCGAGCGA	2.584962500721156	1.2704266677461526e-16	3.218033375269829e-16	X0
GTTTCTAGTAAAGCGG	-1.584962500721156	0.9333946903963931	0.9604115944601358	unknown
ACTCGCGCATACTCCT	-2.807354922057604	6.564907761017925e-15	1.3424970548431796e-14	X1
TCAGGAGCAGCTAATT	2.584962500721156	1.5316450877189923e-17	4.472183802777584e-17	X0
TGAGCTTAGCAATAGG	-2.807354922057604	1.6610244897268262e-18	5.822729697591934e-18	X1
CGAAGCGAGGCTAAGA	-1.3219280948873622	9.050013106514627e-08	1.228419758647018e-07	X1
CATAATCCAATTTAGC	2.807354922057604	1.6042818341220015e-19	7.283419635012658e-19	X0
ATTTGTGAGTTTGCGG	3.0	1.2704266677461526e-16	3.218033375269829e-16	X0
CCTTCGTAGTCGCAAT	-2.807354922057604	1.363071866403019e-20	8.502363950314572e-20	X1
ATGGCCGGTGCCTCAC	-3.321928094887362	1.363071866403019e-20	8.502363950314572e-20	X1
GATGGACAGGTGAAAT	-2.584962500721156	2.4127107519685975e-13	4.369011087207231e-13	X1
TGCATGAGTTCCTCCT	-3.0	1.0029797609618065e-21	9.676970737184859e-21	X1
ATGCATTCAGCACGTT	4.087462841250339	1.5316450877189923e-17	4.472183802777584e-17	X0
GCAATGTTCATTGTTC	-2.807354922057604	1.2704266677461526e-16	3.218033375269829e-16	X1
CCGCAAATCAATTGGC	-1.8073549220576042	6.564907761017925e-15	1.3424970548431796e-14	X1
TACGGATTCACCAATA	-3.321928094887362	2.4127107519685975e-13	4.369011087207231e-13	X1
CTTCATCCAGGATGGC	2.0	1.6080007647833168e-05	2.0063706935607818e-05	X0
AAACGTACAGCTACGT	-2.584962500721156	3.0739033075239876e-11	4.8429849227620825e-11	X1
CACATACAGCACTAAC	2.321928094887362	6.548999325035109e-12	1.0693048396261339e-11	X0
TGACCAAGTGATGATT	3.169925001442312	9.556787680138532e-16	2.1356227092357177e-15	X0
AACATAGCAACAGGTG	1.584962500721156	0.38217671720133345	0.41102659716042955	unknown
GTTTGTTTCGAGGAAC	2.0	0.0008949651957434264	0.001056728495393278	X0
GTTTGTTTCGACAAAG	-4.0	1.3029679093280502e-12	2.239820187795613e-12	X1
TAGCCGGGTCAGGCCA	-2.0	3.925069822796835e-05	4.843013700478723e-05	X1
CCGCACACACTAGGTC	-3.169925001442312	1.6610244897268262e-18	5.822729697591934e-18	X1
GGTATTGGTTAAGCCA	-2.807354922057604	1.6610244897268262e-18	5.822729697591934e-18	X1
CCTGAGTCAGGTTCAC	-2.115477217419936	1.0029797609618065e-21	9.676970737184859e-21	X1
CGAACAAAGCTATGAC	2.584962500721156	4.1422259360400374e-14	7.91791191062939e-14	X0
CCAGACTCACCACAAC	2.807354922057604	1.363071866403019e-20	8.502363950314572e-20	X0
AGGAACGGTCCTAAGA	2.807354922057604	1.6042818341220015e-19	7.283419635012658e-19	X0
TTAGCAATCAATGACC	-2.0	3.925069822796835e-05	4.843013700478723e-05	X1
AAGGTCAAGGATAAAC	2.0	0.0004368599184561862	0.0005205215071354787	X0
TGCGCGAGTCATAGAT	2.321928094887362	9.050013106514627e-08	1.228419758647018e-07	X0
TATAGCCAGGTGTCCA	-2.0	1.6080007647833168e-05	2.0063706935607818e-05	X1
TTAGGATGTAAGTCGC	2.807354922057604	1.6610244897268262e-18	5.822729697591934e-18	X0
CTTTAGGCAATTTAGC	3.0	1.5316450877189923e-17	4.472183802777584e-17	X0
GTTTAGCAGCTATATG	-2.807354922057604	6.564907761017925e-15	1.3424970548431796e-14	X1
AAGCAAGTCGCGACAC	-2.0	3.925069822796835e-05	4.843013700478723e-05	X1
AAAGGTTAGTTACTTC	4.643856189774724	6.26162256269268e-23	1.0840156507470095e-21	X0
TGGTCCTTCTCACACC	2.807354922057604	1.2704266677461526e-16	3.218033375269829e-16	X0
TTGTGCCTCATAGACC	1.8073549220576042	1.2704266677461526e-16	3.218033375269829e-16	X0
GATTTGCAGGGTTAGA	-2.321928094887362	1.5316450877189923e-17	4.472183802777584e-17	X1
CTAATGTCAATGAATG	-4.0	6.26162256269268e-23	1.0840156507470095e-21	X1
AAACGCGCAAACGCGA	-3.4594316186372973	1.6610244897268262e-18	5.822729697591934e-18	X1
CGAGCTGGTCACCAAA	1.584962500721156	0.18410080866334788	0.2023975712117845	unknown
ATGACGAAGATTCCTT	-3.169925001442312	1.3029679093280502e-12	2.239820187795613e-12	X1
GCAGGCTTCGATTCTT	3.169925001442312	9.556787680138532e-16	2.1356227092357177e-15	X0
ACCCAACCAGCAAGAT	-2.807354922057604	1.6610244897268262e-18	5.822729697591934e-18	X1
TCCGCCATCACCATTT	-2.0	6.548999325035109e-12	1.0693048396261339e-11	X1
AACCTCACAACCGCCA	-2.807354922057604	9.556787680138532e-16	2.1356227092357177e-15	X1
GGCGTTATCTTAGGAC	-1.3219280948873622	2.756790387925026e-08	3.824929141867178e-08	X1
TCGGTTACAGTCTATG	-2.807354922057604	6.564907761017925e-15	1.3424970548431796e-14	X1
CGGTGAGAGGCAACAA	-2.584962500721156	1.5316450877189923e-17	4.472183802777584e-17	X1
ACGCCACAGCGCAATT	-1.3219280948873622	0.0004368599184561862	0.0005205215071354787	X1
GAGCTTAGTAATTAGC	-3.169925001442312	1.2704266677461526e-16	3.218033375269829e-16	X1
GACGCAACATCCCGCT	-3.0	1.6042818341220015e-19	7.283419635012658e-19	X1
GCTAACAGTTTAACCC	2.584962500721156	2.4127107519685975e-13	4.369011087207231e-13	X0
CGTCAATAGTTTCCTG	-2.807354922057604	4.1422259360400374e-14	7.91791191062939e-14	X1
GTGAGGAGTCAATGTG	2.0	0.00020438858371340761	0.0002460120970633274	X0
CACATGCCAATATACC	2.807354922057604	1.3029679093280502e-12	2.239820187795613e-12	X0
TTCCTCAAGACAGGTA	-3.4594316186372973	2.4127107519685975e-13	4.369011087207231e-13	X1
TCTCACCAGCCTGATG	1.584962500721156	0.1356265120369177	0.1499159166258639	unknown
CCTGACTTCAATGTGC	-2.584962500721156	6.548999325035109e-12	1.0693048396261339e-11	X1
CGATTATCATAGCTTG	-3.0	1.6610244897268262e-18	5.822729697591934e-18	X1
TGCTTCCAGTATGTGC	-4.169925001442312	1.6042818341220015e-19	7.283419635012658e-19	X1
AGTCGCATCCTGCGAA	-1.736965594166206	6.564907761017925e-15	1.3424970548431796e-14	X1
ACGATTCAGTAACTCA	-2.0	9.157161244117683e-05	0.00011144738539251088	X1
ACCATTAAGCTAAAGG	3.9068905956085187	1.6610244897268262e-18	5.822729697591934e-18	X0
AGGTCATTCTTACTCG	-1.584962500721156	0.46020538130641053	0.49191125489809434	unknown
ACAGGTAAGCTTAACA	-2.0	1.6080007647833168e-05	2.0063706935607818e-05	X1
CTATTCAGTTCCGCAC	-3.0	1.6042818341220015e-19	7.283419635012658e-19	X1
TTGGCTTGTACCGTTT	-2.0	2.346206306321115e-06	3.0232744644007614e-06	X1
AGTAACCTCGCTAGTG	3.0	9.556787680138532e-16	2.1356227092357177e-15	X0
GTAAGCGCACAACCTA	3.321928094887362	2.4127107519685975e-13	4.369011087207231e-13	X0
GTCTAACAGTGACCTG	3.0	2.4127107519685975e-13	4.369011087207231e-13	X0
GGCAAGCCATGTCGCG	-1.3219280948873622	2.1686833167108188e-09	3.137350440196232e-09	X1
GGTAGGAGTCTCAGCC	-3.321928094887362	1.2704266677461526e-16	3.218033375269829e-16	X1
CGACCTGCAAGCTAAA	-2.169925001442312	1.6610244897268262e-18	5.822729697591934e-18	X1
GTTTGCTGTGCACGCA	-0.3219280948873622	2.346206306321115e-06	3.0232744644007614e-06	X1
AAGAATCAGTTCCTCA	-3.321928094887362	1.6042818341220015e-19	7.283419635012658e-19	X1
TGGTTAATCGGTTCCT	2.0	0.0060164878626817395	0.0069340164649698425	X0
AAGGATCCAACAACAA	2.807354922057604	7.952664236893068e-09	1.1284123271995337e-08	X0
CGTTGCGCACTAAGTT	-3.807354922057604	6.26162256269268e-23	1.0840156507470095e-21	X1
GGCAATCGTGTCCAAA	-2.0	2.346206306321115e-06	3.0232744644007614e-06	X1
CTACTTAGTAACGAGG	-2.0	2.346206306321115e-06	3.0232744644007614e-06	X1
TCTTAGTTCTCACATT	-3.4594316186372973	1.2704266677461526e-16	3.218033375269829e-16	X1
AAGGTCAAGCTTTGTT	-2.169925001442312	1.6610244897268262e-18	5.822729697591934e-18	X1
GCTCCTTAGACAAGTG	-2.584962500721156	5.579544528625976e-10	8.284469704608276e-10	X1
GTTTACCGTGCCTCAC	-0.5849625007211561	0.0017588208614850794	0.002060775226984838	X1
AGTAAACAGCCTGAGC	2.584962500721156	7.952664236893068e-09	1.1284123271995337e-08	X0
CGAGGTGAGGAGCACG	-2.321928094887362	5.579544528625976e-10	8.284469704608276e-10	X1
TGCATGAGTTTAACCC	2.0	0.0008949651957434264	0.001056728495393278	X0
CCTATAGCACCTCAGG	1.584962500721156	0.7579407931963542	0.7938215715928063	unknown
TGGTTCCTCTAAATCG	0.0	1.0	1.0	unknown
TTAGACTCACTTACAG	-3.584962500721156	1.0029797609618065e-21	9.676970737184859e-21	X1
GATTACTCAAGTCGCT	3.169925001442312	6.26162256269268e-23	1.0840156507470095e-21	X0
CCTCCTCTCTACTAAG	1.8073549220576042	6.548999325035109e-12	1.0693048396261339e-11	X0
GGAGTCTGTCGCGCAA	-3.584962500721156	1.5316450877189923e-17	4.472183802777584e-17	X1
CCTAATCGTCGAAGTC	-0.7369655941662061	8.336813247250504e-07	1.0917468420889744e-06	X1
CCGCAAGGTCTTGCTG	-2.0	1.6610244897268262e-18	5.822729697591934e-18	X1
AGCGGACCAGGCATCT	1.584962500721156	6.548999325035109e-12	1.0693048396261339e-11	X0
AACATCATCACCAATA	4.754887502163468	3.224844447881771e-24	1.2299758276999067e-22	X0
GTTAAGCTCGCGACAC	2.321928094887362	9.556787680138532e-16	2.1356227092357177e-15	X0
CAGGTGGAGCAGGTGG	-2.0	6.564907761017925e-15	1.3424970548431796e-14	X1
ACCTGGTCATGTTTGG	-0.3219280948873622	0.9999839199923521	1.0	unknown
TTTGAGTCAACAGGAT	-3.700439718141092	1.363071866403019e-20	8.502363950314572e-20	X1
GGCGATACATGCTATG	2.807354922057604	6.564907761017925e-15	1.3424970548431796e-14	X0
ATCATGTCACACCAAC	3.700439718141092	6.26162256269268e-23	1.0840156507470095e-21	X0
TTAGGATGTACAAAGA	-3.0	1.5316450877189923e-17	4.472183802777584e-17	X1
TCTTTGTAGCTATATG	1.8073549220576042	3.0739033075239876e-11	4.8429849227620825e-11	X0
CGGAGTCTCCCTGTTA	-2.807354922057604	1.6610244897268262e-18	5.822729697591934e-18	X1
AAGCCTGTCAGTTCCC	2.321928094887362	2.818141017102701e-07	3.7604312442133894e-07	X0
CATTCATTCGCTAAGT	-2.4594316186372973	1.6610244897268262e-18	5.822729697591934e-18	X1
CATCGCTTCGGCCATA	-3.807354922057604	6.26162256269268e-23	1.0840156507470095e-21	X1
AACCCGCAGGATTTGC	1.3219280948873622	1.3513812610243942e-10	2.061271604766015e-10	X0
CCTCCTGAGAGAGGCT	1.8073549220576042	5.579544528625976e-10	8.284469704608276e-10	X0
AGCCTGGGTGGGTGAA	2.584962500721156	2.756790387925026e-08	3.824929141867178e-08	X0
GATTCAGGTTGAAGCC	-2.321928094887362	2.1686833167108188e-09	3.137350440196232e-09	X1
TTTCCTGAGGAACCAA	-1.0	1.6080007647833168e-05	2.0063706935607818e-05	X1
ACTTGTAAGGCTAATC	-2.321928094887362	8.336813247250504e-07	1.0917468420889744e-06	X1
AGGTAACCACTCAACA	3.9068905956085187	1.6042818341220015e-19	7.283419635012658e-19	X0
CCAAGTTAGCTAAAGG	-3.0	1.2704266677461526e-16	3.218033375269829e-16	X1
CAGAACCGTGATCATG	2.584962500721156	1.3513812610243942e-10	2.061271604766015e-10	X0
AGTTGGCGTCATTACC	3.0	1.3513812610243942e-10	2.061271604766015e-10	X0
CCTAAGGTCACGCCAA	-2.807354922057604	2.818141017102701e-07	3.7604312442133894e-07	X1
TGACTCCTCCAAATCA	-3.169925001442312	9.556787680138532e-16	2.1356227092357177e-15	X1
TTTACGAAGTTAACCA	-1.584962500721156	0.5397946186935895	0.573551362839982	unknown
TGCTCCGTCCTTCGTA	1.4594316186372973	4.1422259360400374e-14	7.91791191062939e-14	X0
CTAGATTCACCTACTT	-1.8073549220576042	4.1422259360400374e-14	7.91791191062939e-14	X1
GCCTTAACAGCTAATT	-2.807354922057604	1.6042818341220015e-19	7.283419635012658e-19	X1
TATCGAGGTCATAGAT	-1.584962500721156	0.24205920680364573	0.26354439063679713	unknown
GATGGACAGCCTAACG	-2.807354922057604	9.556787680138532e-16	2.1356227092357177e-15	X1
GATTGCAGTTGTTCAC	2.321928094887362	6.548999325035109e-12	1.0693048396261339e-11	X0
CGCCTGTGTGAATCGC	-2.321928094887362	1.6080007647833168e-05	2.0063706935607818e-05	X1
TCTAGCCTCATTGTCT	3.4594316186372973	1.6610244897268262e-18	5.822729697591934e-18	X0
GCCTATTGTACTGATG	2.584962500721156	3.0739033075239876e-11	4.8429849227620825e-11	X0
TTTGGTGCATTGCGTA	2.0	9.157161244117683e-05	0.00011144738539251088	X0
CCAACCAAGCTGGCTA	-2.584962500721156	6.564907761017925e-15	1.3424970548431796e-14	X1
TGGTTCTGTCCTTCAG	-2.807354922057604	1.3513812610243942e-10	2.061271604766015e-10	X1
GGAGTGAGTATTGAGT	1.584962500721156	0.7579407931963542	0.7938215715928063	unknown
CCCTAATGTCACACCC	-1.584962500721156	0.8158991913366521	0.8516005955185724	unknown
CCAAACTAGGATTTGC	-3.321928094887362	1.0029797609618065e-21	9.676970737184859e-21	X1
TGAAACTGTTTGTTGC	3.169925001442312	1.6610244897268262e-18	5.822729697591934e-18	X0
CCAACATAGGCATTAC	4.0	1.0029797609618065e-21	9.676970737184859e-21	X0
ATAGATGCAACTAGAA	-3.169925001442312	9.556787680138532e-16	2.1356227092357177e-15	X1
GGTTATATCTCAATTC	-3.9068905956085187	1.6610244897268262e-18	5.822729697591934e-18	X1
TCCTCTAAGTCTCACC	-1.584962500721156	0.6913502932053739	0.7283496183488639	unknown
CATCATGCAGTTTGTG	-2.807354922057604	1.6610244897268262e-18	5.822729697591934e-18	X1
TATCCAGCAGCTTAGC	1.584962500721156	0.7579407931963542	0.7938215715928063	unknown
CAGGCTGGTAATGGCC	-2.321928094887362	7.952664236893068e-09	1.1284123271995337e-08	X1
GTACTGGTCCGTAAAC	-2.584962500721156	9.556787680138532e-16	2.1356227092357177e-15	X1
TGCTCTCAGCATGCAT	-2.584962500721156	1.3029679093280502e-12	2.239820187795613e-12	X1
CCGTTAACACTAAGTT	-3.584962500721156	1.363071866403019e-20	8.502363950314572e-20	X1
TGTGCGCAGGTCTTGG	-3.169925001442312	1.5316450877189923e-17	4.472183802777584e-17	X1
GATGGACAGAACCTGT	-2.807354922057604	4.1422259360400374e-14	7.91791191062939e-14	X1
GCCTGAGGTCTTACTA	-2.0	1.6042818341220015e-19	7.283419635012658e-19	X1
ACATCATCATTGCGAC	-0.8073549220576042	9.157161244117683e-05	0.00011144738539251088	X1
GCGCAAACAAATTGCT	-1.8073549220576042	9.556787680138532e-16	2.1356227092357177e-15	X1
GGTGAGGTCCTAATGA	-2.807354922057604	4.1422259360400374e-14	7.91791191062939e-14	X1
CAAAGGATCCAACTGG	-1.584962500721156	6.564907761017925e-15	1.3424970548431796e-14	X1
CCGGTTAAGCTCCTTA	-2.0	1.6080007647833168e-05	2.0063706935607818e-05	X1
ACGGTACGTAACGAGG	-2.0	1.5316450877189923e-17	4.472183802777584e-17	X1
ATCCTTAGTTATCGAG	-2.807354922057604	2.4127107519685975e-13	4.369011087207231e-13	X1
GCATGAAAGGTCCTGA	-2.807354922057604	2.4127107519685975e-13	4.369011087207231e-13	X1
CTGCTCCCACGAATCC	-2.321928094887362	2.1686833167108188e-09	3.137350440196232e-09	X1
TTGGCTTGTTACATCC	2.0	3.925069822796835e-05	4.843013700478723e-05	X0
TAGCTAATCATCCTAT	-2.807354922057604	1.363071866403019e-20	8.502363950314572e-20	X1
AATGTCCAGTGAGAGC	-2.321928094887362	2.4127107519685975e-13	4.369011087207231e-13	X1
TTGTTGCGTTGCGCGA	-3.0	1.363071866403019e-20	8.502363950314572e-20	X1
TCCATATTCATGGTGT	-1.4594316186372973	3.0739033075239876e-11	4.8429849227620825e-11	X1
TCCACAACAAAGCTAA	-2.0	0.0060164878626817395	0.0069340164649698425	X1
GGCGGTTTCCCTCACG	-0.6520766965796931	8.336813247250504e-07	1.0917468420889744e-06	X1
CGAATATGTAATGGAA	-2.0	0.00020438858371340761	0.0002460120970633274	X1
CCCTCATAGCTGTACG	-2.0	0.0004368599184561862	0.0005205215071354787	X1
GATTTGCAGCTATATG	-2.807354922057604	1.5316450877189923e-17	4.472183802777584e-17	X1
CGCACCACAGCAACCT	-2.4594316186372973	1.6610244897268262e-18	5.822729697591934e-18	X1
AGGTCATTCCTAGTAA	2.321928094887362	2.756790387925026e-08	3.824929141867178e-08	X0
CGAAGCGAGGCTTAGT	-2.584962500721156	6.564907761017925e-15	1.3424970548431796e-14	X1
GCCACTAAGGGCTTAT	-2.0	0.0004368599184561862	0.0005205215071354787	X1
GCGCTTGCATGACTAT	3.247927513443585	1.0029797609618065e-21	9.676970737184859e-21	X0
GATAAAGGTTATGTGG	-2.321928094887362	1.3513812610243942e-10	2.061271604766015e-10	X1
GCTAGCCAGAGCCGGA	-3.321928094887362	1.6610244897268262e-18	5.822729697591934e-18	X1
TGTAACTCACCTATAG	-2.584962500721156	6.548999325035109e-12	1.0693048396261339e-11	X1
GCCTCGACAAATACCT	-1.584962500721156	0.6178232827986665	0.6536145478091064	unknown
GCTTCGCGTCAAAGAA	-3.0	1.5316450877189923e-17	4.472183802777584e-17	X1
AAGCTATGTTACGCAA	-2.0	0.017600100108852396	0.02004128955016733	X1
GTGCTGATCATAACGC	-1.584962500721156	0.9333946903963931	0.9604115944601358	unknown
ACTTACAAGGAGCAAC	-2.321928094887362	3.0739033075239876e-11	4.8429849227620825e-11	X1
TTCCTTGAGTCTATGA	-2.584962500721156	9.556787680138532e-16	2.1356227092357177e-15	X1
CCTGTATGTGTTGCAA	-2.584962500721156	6.564907761017925e-15	1.3424970548431796e-14	X1
GCAATCTAGTCATTGA	-3.807354922057604	6.564907761017925e-15	1.3424970548431796e-14	X1
GGTTACCCAATTATGC	-2.584962500721156	1.5316450877189923e-17	4.472183802777584e-17	X1
CAGCCTAAGCCTGATG	-0.8073549220576042	0.00020438858371340761	0.0002460120970633274	X1
GCCTACTTCTTAGCGG	-3.0	1.5316450877189923e-17	4.472183802777584e-17	X1
CGAAGGCCAAATACCT	3.0	9.556787680138532e-16	2.1356227092357177e-15	X0
TGCTTAAAGTAACCCG	-2.321928094887362	1.3513812610243942e-10	2.061271604766015e-10	X1
GTGCAAGCAGTTAGCC	-3.0	1.363071866403019e-20	8.502363950314572e-20	X1
CCTTCGTAGCGAGGTG	-2.0	1.6080007647833168e-05	2.0063706935607818e-05	X1
GGAAGCTAGCTGTAAC	-2.0	0.003318560257963064	0.003849487845566849	X1
CGACTAAGTCGCATAA	2.115477217419936	9.556787680138532e-16	2.1356227092357177e-15	X0
ATTTAGGTCGCTAAGT	-3.584962500721156	6.564907761017925e-15	1.3424970548431796e-14	X1
CAAGGCCTCCTCATGC	3.584962500721156	4.1422259360400374e-14	7.91791191062939e-14	X0
ATGCGATTCATTATGG	-2.584962500721156	6.564907761017925e-15	1.3424970548431796e-14	X1
TCATCCATCCTGGCTT	-2.321928094887362	3.0739033075239876e-11	4.8429849227620825e-11	X1
ATCCACCTCGACCTGA	-2.584962500721156	5.579544528625976e-10	8.284469704608276e-10	X1
TTTGACCGTCACGGAT	-2.0	0.0060164878626817395	0.0069340164649698425	X1
AGACTATGTCAGGAAG	-1.584962500721156	1.3029679093280502e-12	2.239820187795613e-12	X1
TAGCGGCTCTACCTAT	3.0	1.6042818341220015e-19	7.283419635012658e-19	X0
ACGAGTAAGTTGGATC	-2.0	0.044313040057033834	0.04985472305080024	X1
TTACGTTTCCTCATGC	4.0	1.3154334480650894e-25	1.437749125400097e-23	X0
AATTTGGTCAGGTCCA	-2.321928094887362	1.3029679093280502e-12	2.239820187795613e-12	X1
GTTCTCATCGCAATCG	3.321928094887362	1.2704266677461526e-16	3.218033375269829e-16	X0
AAACAGCCAGCTAACC	-2.0	9.050013106514627e-08	1.228419758647018e-07	X1
TGCTTCCAGGTCATTA	-3.9068905956085187	1.363071866403019e-20	8.502363950314572e-20	X1
CTACGAAGTCATCATC	-2.321928094887362	3.0739033075239876e-11	4.8429849227620825e-11	X1
GTCAATATCCGCCTCA	-3.584962500721156	1.6610244897268262e-18	5.822729697591934e-18	X1
CGGTGAGAGGGTGAAC	-0.5849625007211561	0.028443966820490392	0.032198974961578475	X1
TCAGGTTAGGTGCGGA	-2.807354922057604	6.564907761017925e-15	1.3424970548431796e-14	X1
GGCTCACAGTCATGCG	-1.8073549220576042	5.579544528625976e-10	8.284469704608276e-10	X1
AACTTAGTCCTTGCGT	2.807354922057604	9.556787680138532e-16	2.1356227092357177e-15	X0
TTGCAGCCAGCAACAG	2.321928094887362	9.050013106514627e-08	1.228419758647018e-07	X0
CATCAGCCATAATGAG	2.807354922057604	1.5316450877189923e-17	4.472183802777584e-17	X0
TTGTGCGAGCGGATTT	3.0	9.556787680138532e-16	2.1356227092357177e-15	X0
GATAAAGGTGGTGAGA	0.2223924213364481	0.0008949651957434264	0.001056728495393278	X0
CAAGTTATCTCAATTC	3.0	1.6042818341220015e-19	7.283419635012658e-19	X0
TAGCTTAAGTTACTTC	3.0	2.4127107519685975e-13	4.369011087207231e-13	X0
AGCATTTCATAGCTTG	-2.807354922057604	1.5316450877189923e-17	4.472183802777584e-17	X1
GGAGGTTAGCTTAGTA	-3.0	1.5316450877189923e-17	4.472183802777584e-17	X1
GAGCTAGCAAGCTTTG	-4.087462841250339	9.556787680138532e-16	2.1356227092357177e-15	X1
TATTCGTTCGTTATAG	-3.584962500721156	6.26162256269268e-23	1.0840156507470095e-21	X1
ATGATGACATGCAACC	-2.807354922057604	1.0029797609618065e-21	9.676970737184859e-21	X1
TGGCTATAGCCTCTCG	-3.700439718141092	3.224844447881771e-24	1.2299758276999067e-22	X1
CTACAACAGGAACCAA	3.4594316186372973	1.2704266677461526e-16	3.218033375269829e-16	X0
AACCTAATCTGGTCCT	4.392317422778761	1.0029797609618065e-21	9.676970737184859e-21	X0
GGACGGATCACCGGTA	3.4594316186372973	9.556787680138532e-16	2.1356227092357177e-15	X0
AAGAATCAGGTTAGAG	-2.321928094887362	2.756790387925026e-08	3.824929141867178e-08	X1
CGTAGCGGTCAAGTAT	-2.584962500721156	6.548999325035109e-12	1.0693048396261339e-11	X1
GTTCATTTCTTAGGGT	-3.0	1.6042818341220015e-19	7.283419635012658e-19	X1
GCTTTATTCACTTTAC	-1.9068905956085187	1.5316450877189923e-17	4.472183802777584e-17	X1
CAATGTGGTTAGCATG	-4.0	1.6042818341220015e-19	7.283419635012658e-19	X1
GTTTCCTCAGCGCTTG	-2.807354922057604	1.3154334480650894e-25	1.437749125400097e-23	X1
CAAGGTAAGCCTGATG	-2.584962500721156	9.556787680138532e-16	2.1356227092357177e-15	X1
CAATCGCCATAGACCC	-2.321928094887362	2.1686833167108188e-09	3.137350440196232e-09	X1
GATTCCTGTTTCCACG	-3.584962500721156	1.0029797609618065e-21	9.676970737184859e-21	X1
TTGGAGGCACCAGCAT	-2.0	0.003318560257963064	0.003849487845566849	X1
AAAGGTTAGGAAGCAC	2.0	8.336813247250504e-07	1.0917468420889744e-06	X0
CTACTTAGTATTCGTC	-3.584962500721156	1.0029797609618065e-21	9.676970737184859e-21	X1
GTCTATCGTACCCACC	2.807354922057604	1.2704266677461526e-16	3.218033375269829e-16	X0
TCGTTAGCATGCTCCC	-3.807354922057604	6.26162256269268e-23	1.0840156507470095e-21	X1
TCCATATTCAGCCAAT	2.584962500721156	6.564907761017925e-15	1.3424970548431796e-14	X0
TTACGTTTCCTGCGAA	-3.321928094887362	1.6042818341220015e-19	7.283419635012658e-19	X1
GGGTTTGTCGCACACA	-3.0	9.556787680138532e-16	2.1356227092357177e-15	X1
CATCACACAATAGCAA	-3.4594316186372973	1.0029797609618065e-21	9.676970737184859e-21	X1
TATCACGCACCCACCT	-2.584962500721156	9.556787680138532e-16	2.1356227092357177e-15	X1
CTCTAAGCAGAGGGAG	-1.584962500721156	0.18410080866334788	0.2023975712117845	unknown
TCCTGTTCATGGCCTG	2.0	8.336813247250504e-07	1.0917468420889744e-06	X0
TCACTGACAAGATTCT	-4.247927513443585	6.26162256269268e-23	1.0840156507470095e-21	X1
GGCAAATCATAAACCT	2.584962500721156	2.4127107519685975e-13	4.369011087207231e-13	X0
CCCATAACAGATTCAT	0.2630344058337939	0.0060164878626817395	0.0069340164649698425	X0
TGGCTATAGTCTGGGC	-2.321928094887362	6.548999325035109e-12	1.0693048396261339e-11	X1
CTAAAGCTCTCACTCA	-3.4594316186372973	3.224844447881771e-24	1.2299758276999067e-22	X1
CTACGAAGTTAATGAC	-3.0	1.2704266677461526e-16	3.218033375269829e-16	X1
AAACAGCCAACGTGCT	-3.321928094887362	1.6610244897268262e-18	5.822729697591934e-18	X1
CCGCTTAGTACTTAGG	-3.700439718141092	1.5316450877189923e-17	4.472183802777584e-17	X1
CACGCAATCCTGTTCA	-2.0	2.818141017102701e-07	3.7604312442133894e-07	X1
TCTCAATTCCTTCAAT	-1.0	2.1686833167108188e-09	3.137350440196232e-09	X1
CGGCTAATCGCGACAC	-0.2630344058337939	0.0060164878626817395	0.0069340164649698425	X1
CGCTAATAGGCCATCA	-2.584962500721156	9.556787680138532e-16	2.1356227092357177e-15	X1
CATAGACTCGTTAAGC	-2.169925001442312	1.3154334480650894e-25	1.437749125400097e-23	X1
GGTAGGAGTCGCAAAC	2.0	1.6080007647833168e-05	2.0063706935607818e-05	X0
GTTTCAGCACAGCCAT	-3.4594316186372973	1.5316450877189923e-17	4.472183802777584e-17	X1
AATGTCCAGTAAGGGC	-2.321928094887362	2.1686833167108188e-09	3.137350440196232e-09	X1
GGTATTTCATAAGCAA	-0.5849625007211561	0.028443966820490392	0.032198974961578475	X1
AACTAGCTCATTTGCT	-0.7369655941662061	0.017600100108852396	0.02004128955016733	X1
CTTGACGAGTCAGTAC	-2.0	9.157161244117683e-05	0.00011144738539251088	X1
TCCCGTTAGCGATAAG	-2.584962500721156	6.564907761017925e-15	1.3424970548431796e-14	X1
TTGTGAGGTGTGTCCC	-2.0	3.925069822796835e-05	4.843013700478723e-05	X1
AATTTGGTCATAAGCC	-3.807354922057604	1.0029797609618065e-21	9.676970737184859e-21	X1
TTTGTCCCAGGCTAGA	2.321928094887362	1.6042818341220015e-19	7.283419635012658e-19	X0
GGCAAATCAGAGGCTA	3.169925001442312	3.224844447881771e-24	1.2299758276999067e-22	X0
ACTAAAGCATTGTTGG	-2.584962500721156	1.363071866403019e-20	8.502363950314572e-20	X1
ATTCGTTTCATCAGTA	-3.169925001442312	1.363071866403019e-20	8.502363950314572e-20	X1
GCCTGCTGTTAATCGG	-3.4594316186372973	1.5316450877189923e-17	4.472183802777584e-17	X1
AGGTCAAAGTTTCCTG	-3.321928094887362	1.0029797609618065e-21	9.676970737184859e-21	X1
TATATCCTCGGTTTCC	-2.700439718141092	3.224844447881771e-24	1.2299758276999067e-22	X1
CGAAGCCTCAGGAACA	0.4150374992788439	0.044313040057033834	0.04985472305080024	X0
GTGCGCAGTCATAAGT	-3.0	6.564907761017925e-15	1.3424970548431796e-14	X1
TTGTTGTTCCCTTGCG	-3.0	6.564907761017925e-15	1.3424970548431796e-14	X1
GTTCTTGTCTGTGCAG	3.169925001442312	6.564907761017925e-15	1.3424970548431796e-14	X0
ACTTGCACACACTAAT	-2.0	1.6080007647833168e-05	2.0063706935607818e-05	X1
CTTATGTTCTCCATAT	-3.584962500721156	1.363071866403019e-20	8.502363950314572e-20	X1
TACTTCGTCGTTTCTG	0.5849625007211561	0.5397946186935895	0.573551362839982	unknown
TAGACCAGTTTGGCGG	-3.321928094887362	1.0029797609618065e-21	9.676970737184859e-21	X1
GGTTATATCAGCACCA	-3.4594316186372973	1.2704266677461526e-16	3.218033375269829e-16	X1
CTAAAGCTCTCAATGA	-2.807354922057604	3.0739033075239876e-11	4.8429849227620825e-11	X1
GGTCCATCAAAGGCCA	-0.5849625007211561	0.044313040057033834	0.04985472305080024	X1
AGGGCCTTCTTGTCCA	2.584962500721156	2.4127107519685975e-13	4.369011087207231e-13	X0
GGTAACTTCGTTAACA	-2.321928094887362	8.336813247250504e-07	1.0917468420889744e-06	X1
GCTCGATCAAGCCAGA	-3.0	1.6610244897268262e-18	5.822729697591934e-18	X1
GGATGAATCATCCTAT	-2.169925001442312	6.564907761017925e-15	1.3424970548431796e-14	X1
ATCTATGAGAAAGCAT	-1.3219280948873622	2.818141017102701e-07	3.7604312442133894e-07	X1
TCCTCACAGGCTTAGT	-3.4594316186372973	1.6042818341220015e-19	7.283419635012658e-19	X1
TCTAACTTCTTGCAAA	-2.0	0.0008949651957434264	0.001056728495393278	X1
TATCGCACAGAGGCTA	2.807354922057604	9.556787680138532e-16	2.1356227092357177e-15	X0
ACCTCACTCTACTAAG	4.169925001442312	1.363071866403019e-20	8.502363950314572e-20	X0
ACTTAGGGTCATTACC	4.247927513443585	1.6042818341220015e-19	7.283419635012658e-19	X0
ATATGCTCATGGCCCA	-2.584962500721156	9.556787680138532e-16	2.1356227092357177e-15	X1
CAGTATGGTCGACTCC	4.523561956057013	6.26162256269268e-23	1.0840156507470095e-21	X0
TGGTGCATCATGCTCC	-2.0	0.017600100108852396	0.02004128955016733	X1
AAGACAAGTTTGTTGC	-3.0	1.6042818341220015e-19	7.283419635012658e-19	X1
ACGACTTAGTTCCTCA	-2.321928094887362	6.548999325035109e-12	1.0693048396261339e-11	X1
GTGTTCCTCTATGACA	-3.321928094887362	1.363071866403019e-20	8.502363950314572e-20	X1
TACTAAGTCACAGGAA	-3.169925001442312	3.224844447881771e-24	1.2299758276999067e-22	X1
CGCATTTGTGCTTTAC	2.807354922057604	1.6042818341220015e-19	7.283419635012658e-19	X0
CCTACTTCATGAAATG	-3.247927513443585	1.363071866403019e-20	8.502363950314572e-20	X1
GCTGACCAGGTGTTAC	2.807354922057604	1.6610244897268262e-18	5.822729697591934e-18	X0
TGTGATCAGAGGAGGA	-3.584962500721156	1.6042818341220015e-19	7.283419635012658e-19	X1
GGAACAATCACGTTAA	-0.19264507794239583	0.9991050348042566	1.0	unknown
ATCGCCCGTTTACTTG	-3.321928094887362	1.2704266677461526e-16	3.218033375269829e-16	X1
GTTCCTTCATAAGTCT	-3.0	1.5316450877189923e-17	4.472183802777584e-17	X1
CTGGCTAAGTTGCGTG	-3.0	1.6610244897268262e-18	5.822729697591934e-18	X1
TGCACACCAAAGCCTC	-3.4594316186372973	6.564907761017925e-15	1.3424970548431796e-14	X1
AAGGATGTCACTTTAC	-2.807354922057604	6.564907761017925e-15	1.3424970548431796e-14	X1
CAAGTAACAGGTTTGC	3.169925001442312	1.6042818341220015e-19	7.283419635012658e-19	X0
AACATCATCTGTAAGC	-3.4594316186372973	1.2704266677461526e-16	3.218033375269829e-16	X1
CTCGACAAGGTAAGGC	3.169925001442312	1.2704266677461526e-16	3.218033375269829e-16	X0
CCTAAGTAGCTAGAAG	3.807354922057604	1.6610244897268262e-18	5.822729697591934e-18	X0
CTTTGAGCAACGTGCT	-2.807354922057604	6.564907761017925e-15	1.3424970548431796e-14	X1
GTTTGTAAGGCTGTCA	-3.700439718141092	1.6042818341220015e-19	7.283419635012658e-19	X1
AACCTAATCTTGAGCG	-2.584962500721156	5.579544528625976e-10	8.284469704608276e-10	X1
CATCACACACATTGCA	-2.0	9.157161244117683e-05	0.00011144738539251088	X1
GCCACAATCGGGATTT	-3.169925001442312	1.6610244897268262e-18	5.822729697591934e-18	X1
GTCATGAGTGGATTGC	-1.3219280948873622	6.289575008339427e-06	7.975507841743658e-06	X1
GCCTAATAGGCGAATA	3.0	4.1422259360400374e-14	7.91791191062939e-14	X0
GGTTTAATCAATGTGC	1.0	1.3513812610243942e-10	2.061271604766015e-10	X0
GCCTTTGGTGTGAGAG	-2.807354922057604	9.556787680138532e-16	2.1356227092357177e-15	X1
AGGCAGGTCCTAATGA	-2.321928094887362	9.556787680138532e-16	2.1356227092357177e-15	X1
TCATCCATCGCAATCG	-1.584962500721156	0.044313040057033834	0.04985472305080024	X1
AAACGCGCAGCCGCTA	-2.0	8.336813247250504e-07	1.0917468420889744e-06	X1
GTACTTCGTCGTTACT	-3.0	1.5316450877189923e-17	4.472183802777584e-17	X1
CAAACCGTCGTTAACA	-1.0	9.050013106514627e-08	1.228419758647018e-07	X1
CGGAATCGTGTCCAGG	-0.5849625007211561	6.289575008339427e-06	7.975507841743658e-06	X1
CCTTATGTCTGGCTTC	-3.807354922057604	3.224844447881771e-24	1.2299758276999067e-22	X1
ATGTGAGAGGTCTTGG	2.584962500721156	6.564907761017925e-15	1.3424970548431796e-14	X0
CCTTGCGTCTGTGCCT	-3.4594316186372973	6.26162256269268e-23	1.0840156507470095e-21	X1
GTATTGTCATGTCAAT	0.4150374992788439	1.6080007647833168e-05	2.0063706935607818e-05	X0
ACCATAATCCACCTGT	-2.807354922057604	2.4127107519685975e-13	4.369011087207231e-13	X1
TTGCCCGTCAAAGGCA	-2.321928094887362	1.3513812610243942e-10	2.061271604766015e-10	X1
CTACCTCAGGCACAGG	-2.321928094887362	0.0008949651957434264	0.001056728495393278	X1
AGAACCAAGTAACGAG	3.0	9.556787680138532e-16	2.1356227092357177e-15	X0
ACGCCACAGGCGCATC	-2.321928094887362	3.0739033075239876e-11	4.8429849227620825e-11	X1
GCCAACATCGAGCAAA	-2.584962500721156	6.548999325035109e-12	1.0693048396261339e-11	X1
AGAAACCCATTGTTGG	-0.5849625007211561	0.1356265120369177	0.1499159166258639	unknown
GTATCGCCAATGAGGT	-1.736965594166206	1.3029679093280502e-12	2.239820187795613e-12	X1
TAGTGTGGTTTAGCGA	-3.0	1.5316450877189923e-17	4.472183802777584e-17	X1
TCGATTAAGGCATGAA	3.700439718141092	3.224844447881771e-24	1.2299758276999067e-22	X0
TCACCTCAGGCTAATC	3.584962500721156	6.26162256269268e-23	1.0840156507470095e-21	X0
GGTCAAGCACCAGGTT	-3.321928094887362	1.363071866403019e-20	8.502363950314572e-20	X1
GAAGTGATCTGGCATG	-3.584962500721156	1.6610244897268262e-18	5.822729697591934e-18	X1
TAGGTGCGTTAGACCA	-3.169925001442312	1.363071866403019e-20	8.502363950314572e-20	X1
GTGCTTCTCATCCTCA	2.321928094887362	5.579544528625976e-10	8.284469704608276e-10	X0
CGCCTCATCGCATCCT	-2.321928094887362	2.4127107519685975e-13	4.369011087207231e-13	X1
CTGGACCAGTGTGATC	-3.321928094887362	1.2704266677461526e-16	3.218033375269829e-16	X1
GCTTGACCAGACAAAC	-2.584962500721156	2.4127107519685975e-13	4.369011087207231e-13	X1
AGTAAACAGTCGCTAG	2.321928094887362	3.0739033075239876e-11	4.8429849227620825e-11	X0
ATGAAGCCATCAGCAC	-3.807354922057604	5.579544528625976e-10	8.284469704608276e-10	X1
TGCACCTTCATGCTTT	-3.9068905956085187	6.26162256269268e-23	1.0840156507470095e-21	X1
GTGTGCGGTCAGGAAG	-2.0	1.6610244897268262e-18	5.822729697591934e-18	X1
GTCTAACAGCCTGGTA	-3.4594316186372973	1.0029797609618065e-21	9.676970737184859e-21	X1
TGGCCTTTCCTAGTTT	3.321928094887362	1.6610244897268262e-18	5.822729697591934e-18	X0
ACGGTTAGTTGGATCA	-2.0	8.336813247250504e-07	1.0917468420889744e-06	X1
GTTTATCTCTAGCGTG	-1.584962500721156	0.9991050348042566	1.0	unknown
GTACTTCGTAATAGCT	2.584962500721156	9.556787680138532e-16	2.1356227092357177e-15	X0
CCTAATAAGTAGCTTA	-3.584962500721156	1.363071866403019e-20	8.502363950314572e-20	X1
GCTGCACAGGGCCACT	-1.584962500721156	0.044313040057033834	0.04985472305080024	X1
CAGATTCAGGCGGATG	-1.584962500721156	0.0966739522478214	0.1074269123385123	unknown
GGTACTTAGGCATTGT	-1.584962500721156	0.017600100108852396	0.02004128955016733	X1
GATCAGGCATCAATCG	2.584962500721156	6.548999325035109e-12	1.0693048396261339e-11	X0
CCTTAGTGTGCAACTA	-2.584962500721156	6.548999325035109e-12	1.0693048396261339e-11	X1
CACTTTGTCACATTGA	1.415037499278844	1.3029679093280502e-12	2.239820187795613e-12	X0
GCTTACCTCATGACCG	-2.0	9.050013106514627e-08	1.228419758647018e-07	X1
ATCTATGAGTAGCCAT	-2.321928094887362	1.2704266677461526e-16	3.218033375269829e-16	X1
GCATTGCCATTGCGGT	-2.584962500721156	1.363071866403019e-20	8.502363950314572e-20	X1
AACAGCAAGTGAGGGT	2.584962500721156	6.548999325035109e-12	1.0693048396261339e-11	X0
TTGTCCGGTAACGTGC	-2.321928094887362	8.336813247250504e-07	1.0917468420889744e-06	X1
TTAGAAGCACTTAGGC	-2.321928094887362	1.3029679093280502e-12	2.239820187795613e-12	X1
GACTATTCATAGTCAT	-2.321928094887362	6.548999325035109e-12	1.0693048396261339e-11	X1
CGAGGTGAGATGGACA	3.584962500721156	1.0029797609618065e-21	9.676970737184859e-21	X0
CATTATCTCCCGAAGC	-2.584962500721156	1.3029679093280502e-12	2.239820187795613e-12	X1
CCTTAACGTATTGTGG	2.584962500721156	9.556787680138532e-16	2.1356227092357177e-15	X0
AGGATCCGTTTGGTTC	-2.700439718141092	1.6042818341220015e-19	7.283419635012658e-19	X1
CCCTGGACAACATAAG	0.0	1.0	1.0	unknown
ACCTTCCAGCCGGTAC	-2.115477217419936	6.26162256269268e-23	1.0840156507470095e-21	X1
GGCCTTCGTGCTTAGA	-2.0	7.952664236893068e-09	1.1284123271995337e-08	X1
TTGCAGCCATAGCGAG	-3.169925001442312	1.2704266677461526e-16	3.218033375269829e-16	X1
TGGCTATAGGTAACGA	-3.321928094887362	6.26162256269268e-23	1.0840156507470095e-21	X1
ATTAGTCCAAACATAG	3.169925001442312	1.0029797609618065e-21	9.676970737184859e-21	X0
GGTTGCTCATGTTGTG	2.807354922057604	1.3513812610243942e-10	2.061271604766015e-10	X0
GTTGTTGCAAGCGATG	3.0	1.363071866403019e-20	8.502363950314572e-20	X0
GCCTTACTCTAACCAA	2.0	9.556787680138532e-16	2.1356227092357177e-15	X0
CAGTACCCATAATTGC	-3.0	1.2704266677461526e-16	3.218033375269829e-16	X1
CTGCTATGTTGGCGTG	2.0	1.6080007647833168e-05	2.0063706935607818e-05	X0
AGCAAATAGTGAACCT	-2.321928094887362	2.818141017102701e-07	3.7604312442133894e-07	X1
GTTAAGCTCAATGTCA	-3.4594316186372973	1.0029797609618065e-21	9.676970737184859e-21	X1
GACGCAACACGCAACT	-2.321928094887362	3.0739033075239876e-11	4.8429849227620825e-11	X1
CAAGTTATCGTTATCT	-4.0	1.6610244897268262e-18	5.822729697591934e-18	X1
AGTCTTGCAGCTACGT	-2.807354922057604	1.6610244897268262e-18	5.822729697591934e-18	X1
TAATTGCCAGGAATCG	3.0	1.6610244897268262e-18	5.822729697591934e-18	X0
ACTATGTCATTGCGAC	3.169925001442312	1.363071866403019e-20	8.502363950314572e-20	X0
CCCAATTGTACGGTAC	-2.584962500721156	3.0739033075239876e-11	4.8429849227620825e-11	X1
CTGGTTTGTGCTTACT	-2.321928094887362	5.579544528625976e-10	8.284469704608276e-10	X1
TCTAACTTCGGTACGC	-1.3219280948873622	7.952664236893068e-09	1.1284123271995337e-08	X1
CTCACTCAGAGGAGGA	-3.4594316186372973	6.548999325035109e-12	1.0693048396261339e-11	X1
GTAAGCGCAGCATGGA	0.0	1.0	1.0	unknown
CAGTACCCAATCCTAG	0.0	1.0	1.0	unknown
ATCTTTGGTGCTAGAC	-3.807354922057604	1.363071866403019e-20	8.502363950314572e-20	X1
CCCTTAATCATTAGCA	2.0	3.9845364322713306e-27	1.9452506862348638e-24	X0
CGATTGAGTTTCCACG	-3.321928094887362	6.26162256269268e-23	1.0840156507470095e-21	X1
CTTGTTCCAAGCTAAA	-1.584962500721156	0.24205920680364573	0.26354439063679713	unknown
GTTCTTAGTGCTGTAA	-1.0	0.8158991913366521	0.8516005955185724	unknown
AAGGATCCAGGATGGC	-3.9068905956085187	1.363071866403019e-20	8.502363950314572e-20	X1
AAGCTTGGTTCACTGT	3.584962500721156	4.1422259360400374e-14	7.91791191062939e-14	X0
ATTAGCGGTCATAGAT	-1.584962500721156	0.9033260477521786	0.9326176015352042	unknown
GGATTATGTCTTACTA	-2.0	3.925069822796835e-05	4.843013700478723e-05	X1
GCTCGATCAACCTAAT	-1.8073549220576042	1.3029679093280502e-12	2.239820187795613e-12	X1
GATCAAGAGTCAGTAC	-2.321928094887362	3.0739033075239876e-11	4.8429849227620825e-11	X1
ATCCTTAGTTACGCGG	-1.584962500721156	0.46020538130641053	0.49191125489809434	unknown
CCTGGTAAGGACCGCT	2.0	0.0017588208614850794	0.002060775226984838	X0
GGGTCACTCCTGATGG	2.807354922057604	1.2704266677461526e-16	3.218033375269829e-16	X0
GCCACTAAGCATTTCT	-1.584962500721156	0.6913502932053739	0.7283496183488639	unknown
AGGGTTGCAGCCAGAA	-1.584962500721156	0.46020538130641053	0.49191125489809434	unknown
ACAGCCGGTTCACCAT	-2.807354922057604	1.3029679093280502e-12	2.239820187795613e-12	X1
CGAAGAATCGAAGTGA	2.807354922057604	1.2704266677461526e-16	3.218033375269829e-16	X0
AATCCGTAGACACTTA	-3.0	9.556787680138532e-16	2.1356227092357177e-15	X1
CCCTCACCATAGGCGA	-1.584962500721156	0.1356265120369177	0.1499159166258639	unknown
TGTGTGAGTGGATTGC	-2.0	3.925069822796835e-05	4.843013700478723e-05	X1
CATGCAAGTCATGCAA	-3.0	6.564907761017925e-15	1.3424970548431796e-14	X1
AGGTGAATCTACCTCA	-2.584962500721156	1.3029679093280502e-12	2.239820187795613e-12	X1
GATCGAGCAGCTCAAC	-3.700439718141092	1.0029797609618065e-21	9.676970737184859e-21	X1
CACCAACCACATAGCC	-2.0	1.6080007647833168e-05	2.0063706935607818e-05	X1
AATAGCTGTCGAAGTC	-1.584962500721156	0.24205920680364573	0.26354439063679713	unknown
GTCCAGGGTGAGGTAG	-1.584962500721156	0.044313040057033834	0.04985472305080024	X1
GAGGCAAGTAAGTCGC	-2.321928094887362	2.756790387925026e-08	3.824929141867178e-08	X1
GATTGCGTCGAAGCGG	2.807354922057604	1.3029679093280502e-12	2.239820187795613e-12	X0
AACGCCCAGGTTTACA	-2.584962500721156	6.564907761017925e-15	1.3424970548431796e-14	X1
GATAATCGTGTTTGCT	-1.8073549220576042	0.00020438858371340761	0.0002460120970633274	X1
AGGTAACCACAAGCCT	-2.0	0.0008949651957434264	0.001056728495393278	X1
ACGGGAAGTAAGCTCA	3.700439718141092	1.6042818341220015e-19	7.283419635012658e-19	X0
ATGAAGTAGCTATTGA	2.807354922057604	1.5316450877189923e-17	4.472183802777584e-17	X0
CTAACCTGTAATCACG	-3.321928094887362	1.6610244897268262e-18	5.822729697591934e-18	X1
CTTCAAGCATTGCGAC	0.0	1.0	1.0	unknown
GTTCTCATCCTCCTAA	-1.8073549220576042	6.564907761017925e-15	1.3424970548431796e-14	X1
TAACAAGCAATTGAAG	-2.169925001442312	1.2704266677461526e-16	3.218033375269829e-16	X1
TAAGGACCAAACCCTA	-2.0	0.00020438858371340761	0.0002460120970633274	X1
GCTTACCTCAACCAAC	3.700439718141092	1.0029797609618065e-21	9.676970737184859e-21	X0
CGTAGCGGTTAGCATG	-2.807354922057604	6.564907761017925e-15	1.3424970548431796e-14	X1
ACGAAGTCATCAATCG	-0.2223924213364481	0.7579407931963542	0.7938215715928063	unknown
AAGCTATGTGATCAGC	-2.584962500721156	1.363071866403019e-20	8.502363950314572e-20	X1
GGTCAAGCAGCATGAG	3.700439718141092	1.5316450877189923e-17	4.472183802777584e-17	X0
TCCTTGCAGTTGGATC	-1.584962500721156	0.0966739522478214	0.1074269123385123	unknown
AGAATCGAGAGGAAGG	-2.0	0.028443966820490392	0.032198974961578475	X1
CGCTAATAGCCGGTAC	0.5849625007211561	8.336813247250504e-07	1.0917468420889744e-06	X0
GTACTTCGTTGTCATC	-1.584962500721156	0.46020538130641053	0.49191125489809434	unknown
ACACCTTGTGTTTGAG	2.9068905956085187	3.224844447881771e-24	1.2299758276999067e-22	X0
TTTGAGTCACAGGATG	-0.19264507794239583	0.003318560257963064	0.003849487845566849	X1
TTTGTCTAGGTCGAGG	-3.700439718141092	1.363071866403019e-20	8.502363950314572e-20	X1
CGGACCTAGACCATAC	-2.0	0.0017588208614850794	0.002060775226984838	X1
CATAACGGTAGGTTGC	-3.169925001442312	4.1422259360400374e-14	7.91791191062939e-14	X1
GACCTAAGTTCTTTAG	-1.584962500721156	0.24205920680364573	0.26354439063679713	unknown
TACCTGCTCACAGACT	-3.0	1.2704266677461526e-16	3.218033375269829e-16	X1
GCAGGAAGTAAGCTTG	-2.0	1.6080007647833168e-05	2.0063706935607818e-05	X1
TTGCAATCATGGTTAT	1.0	0.01048936783892586	0.011996507993823844	X0
TAGGCTGTCATGAGCT	-2.321928094887362	1.3513812610243942e-10	2.061271604766015e-10	X1
GTTTGCTGTATTCGTC	-2.584962500721156	6.564907761017925e-15	1.3424970548431796e-14	X1
GTCCTAGAGAGGCTAA	2.0	4.1422259360400374e-14	7.91791191062939e-14	X0
CCCAAATAGGCGCTAC	-2.584962500721156	2.4127107519685975e-13	4.369011087207231e-13	X1
CTTACCGGTATTTGCC	3.0	1.5316450877189923e-17	4.472183802777584e-17	X0
CTGGTTACAGTCTATG	-2.807354922057604	6.564907761017925e-15	1.3424970548431796e-14	X1
AGTGATGAGTTTAACG	-1.3219280948873622	2.4127107519685975e-13	4.369011087207231e-13	X1
TATGACATCCTAATGA	-3.584962500721156	6.26162256269268e-23	1.0840156507470095e-21	X1
AGTAACCTCAATGTGC	2.807354922057604	1.363071866403019e-20	8.502363950314572e-20	X0
TTCGGTACAAACTGCC	-3.321928094887362	1.6610244897268262e-18	5.822729697591934e-18	X1
TTCAACCGTCCGTAGG	-2.584962500721156	3.0739033075239876e-11	4.8429849227620825e-11	X1
AGTTACATCATCCACC	-3.321928094887362	9.556787680138532e-16	2.1356227092357177e-15	X1
TCAGCCTTCAGTGAAG	2.0	2.346206306321115e-06	3.0232744644007614e-06	X0
TCCTTTACATGATTGT	3.584962500721156	1.6610244897268262e-18	5.822729697591934e-18	X0
ATTACGTCACCAAAGG	-1.0	1.3029679093280502e-12	2.239820187795613e-12	X1
CTTACTAGTGATTACG	-1.584962500721156	0.38217671720133345	0.41102659716042955	unknown
GCTGCATCATTCCTGT	3.0	1.5316450877189923e-17	4.472183802777584e-17	X0
CCAAACTAGTTAGCCG	3.169925001442312	1.363071866403019e-20	8.502363950314572e-20	X0
AATGCAACACCGGTAT	2.807354922057604	1.6042818341220015e-19	7.283419635012658e-19	X0
GAAGCCTGTTCATTTG	-3.4594316186372973	1.6042818341220015e-19	7.283419635012658e-19	X1
CTCATGACACTTAGGC	2.169925001442312	9.556787680138532e-16	2.1356227092357177e-15	X0
TCTTGACGTAGGATCC	2.321928094887362	1.3029679093280502e-12	2.239820187795613e-12	X0
CGCATTTGTAGCAGCT	3.169925001442312	1.363071866403019e-20	8.502363950314572e-20	X0
GATAATCGTTGCGGAT	-2.807354922057604	1.6610244897268262e-18	5.822729697591934e-18	X1
GAGTTACTCTCAATTC	-3.0	1.5316450877189923e-17	4.472183802777584e-17	X1
AGAAGGTGTGATTTGG	-2.321928094887362	8.336813247250504e-07	1.0917468420889744e-06	X1
GGCCTAATCCTGAGTG	-2.584962500721156	4.1422259360400374e-14	7.91791191062939e-14	X1
ACGTCAAGTGATCAGC	-1.8073549220576042	1.2704266677461526e-16	3.218033375269829e-16	X1
CGTTAGGTCTGTTCAT	-2.584962500721156	9.556787680138532e-16	2.1356227092357177e-15	X1
CTCTCACAGCCTAATA	-1.584962500721156	0.1356265120369177	0.1499159166258639	unknown
CTTTGGGAGACACCGC	-3.0	1.363071866403019e-20	8.502363950314572e-20	X1
GTTGTGAGTACCAGGT	-2.0	1.2704266677461526e-16	3.218033375269829e-16	X1
TTAGTCAAGAAAGGAA	-2.321928094887362	2.1686833167108188e-09	3.137350440196232e-09	X1
TATGCATCATAATCAC	4.0	1.6042818341220015e-19	7.283419635012658e-19	X0
GGAAGCTAGTTAGACC	-2.321928094887362	9.556787680138532e-16	2.1356227092357177e-15	X1
ATTCACTTCCCGTTTA	-0.4594316186372973	0.003318560257963064	0.003849487845566849	X1
TAATTGCCAGGCTTCG	-3.3219280948873626	1.0029797609618065e-21	9.676970737184859e-21	X1
AGCCTGGGTTAGTTGG	3.4594316186372973	1.363071866403019e-20	8.502363950314572e-20	X0
GACTTACAGCACCACA	-3.9068905956085187	1.363071866403019e-20	8.502363950314572e-20	X1
CTGGTTTGTATTGCAG	2.321928094887362	2.756790387925026e-08	3.824929141867178e-08	X0
CAGCATTAGCCTCTCG	2.4594316186372973	1.0029797609618065e-21	9.676970737184859e-21	X0
CATAGCTAGGACAATG	-2.584962500721156	6.564907761017925e-15	1.3424970548431796e-14	X1
ATTTGTGAGCTTAGCG	-3.321928094887362	1.0029797609618065e-21	9.676970737184859e-21	X1
GCGTAACGTGGAAACG	-1.584962500721156	0.7579407931963542	0.7938215715928063	unknown
GGACATAAGCTGGAAA	2.584962500721156	6.26162256269268e-23	1.0840156507470095e-21	X0
GGTTGAGCAACAACAA	-2.584962500721156	8.336813247250504e-07	1.0917468420889744e-06	X1
AGTGATGAGGACACTT	-2.0	6.289575008339427e-06	7.975507841743658e-06	X1
GTTAATGTCAAGGACA	-3.4594316186372973	6.26162256269268e-23	1.0840156507470095e-21	X1
CCTGTATGTGTGCAAC	2.700439718141092	1.6042818341220015e-19	7.283419635012658e-19	X0
GGTTGAGCAGCATGAG	2.807354922057604	1.6610244897268262e-18	5.822729697591934e-18	X0
AAGCGGGTCAAGGACA	-3.321928094887362	2.1686833167108188e-09	3.137350440196232e-09	X1
AATCATCCAAGTGTCC	-2.321928094887362	6.548999325035109e-12	1.0693048396261339e-11	X1
GGCAAATCAAACTGCC	-1.584962500721156	6.548999325035109e-12	1.0693048396261339e-11	X1
AGCTTCCTCATAACGC	-3.584962500721156	1.363071866403019e-20	8.502363950314572e-20	X1
TCTTCAAGTTCCGCAC	-3.169925001442312	1.6610244897268262e-18	5.822729697591934e-18	X1
TAAGTAGCACCATATG	-2.700439718141092	1.363071866403019e-20	8.502363950314572e-20	X1
AAACGCGCAGTTATGT	-2.584962500721156	5.579544528625976e-10	8.284469704608276e-10	X1
TCTACCTCAACCCTCC	-3.0	6.548999325035109e-12	1.0693048396261339e-11	X1
TGGCCATCAATGAGGT	2.807354922057604	6.564907761017925e-15	1.3424970548431796e-14	X0
ACTATGTCACAAAGAC	-4.321928094887363	1.2704266677461526e-16	3.218033375269829e-16	X1
TAGCTTAAGTGGCGGA	-2.321928094887362	1.3513812610243942e-10	2.061271604766015e-10	X1
CGCCACACAGAAACGT	3.321928094887362	1.6610244897268262e-18	5.822729697591934e-18	X0
CAGCTCAAGTAACCAC	1.584962500721156	0.6913502932053739	0.7283496183488639	unknown
AGCACTAGTTGTAACG	2.321928094887362	6.548999325035109e-12	1.0693048396261339e-11	X0
GCATTGCCATTCCTCG	-2.0	0.0017588208614850794	0.002060775226984838	X1
GGGCTAACACATAGCC	1.222392421336448	1.3513812610243942e-10	2.061271604766015e-10	X0
TTATGACCATTGTGCA	-2.0	0.0008949651957434264	0.001056728495393278	X1
GACCGTTCATAATCCG	-1.584962500721156	0.24205920680364573	0.26354439063679713	unknown
TTTACGAAGTTTCCTG	-2.807354922057604	2.4127107519685975e-13	4.369011087207231e-13	X1
AACCCGCAGTGTTGCG	-2.0	0.0008949651957434264	0.001056728495393278	X1
ATACCGGTCTCCTCTT	-2.0	9.157161244117683e-05	0.00011144738539251088	X1
GAGCTTAGTGTAACCA	-2.321928094887362	8.336813247250504e-07	1.0917468420889744e-06	X1
AGAACCAAGGCGGGTA	-1.1699250014423122	2.1686833167108188e-09	3.137350440196232e-09	X1
ACTTGTAAGCAACATC	-4.321928094887363	3.224844447881771e-24	1.2299758276999067e-22	X1
TGATTGCAGCATGCAT	-3.169925001442312	1.2704266677461526e-16	3.218033375269829e-16	X1
CCTAAAGGTAGCTGGT	-1.3219280948873622	5.579544528625976e-10	8.284469704608276e-10	X1
CAGGTTAGTTACGCGG	-2.807354922057604	1.5316450877189923e-17	4.472183802777584e-17	X1
CATTTGTTCCTCACTA	-1.584962500721156	0.6178232827986665	0.6536145478091064	unknown
GAACCTTAGGGCTTTG	-2.321928094887362	9.157161244117683e-05	0.00011144738539251088	X1
TCGTTATTCCACCTGT	-2.584962500721156	2.1686833167108188e-09	3.137350440196232e-09	X1
TAGCCTGAGAGGAGTC	-2.4594316186372973	1.6610244897268262e-18	5.822729697591934e-18	X1
AACATCATCGGGACCT	-3.0	6.26162256269268e-23	1.0840156507470095e-21	X1
ATTACTGAGCTAAGTC	2.321928094887362	2.346206306321115e-06	3.0232744644007614e-06	X0
TCTTGTCCAACTAGCC	-1.0	7.952664236893068e-09	1.1284123271995337e-08	X1
GCAAGTCGTTAAGGTT	-2.321928094887362	5.579544528625976e-10	8.284469704608276e-10	X1
GGTCAGGAGGAGCAAC	-0.7369655941662061	0.38217671720133345	0.41102659716042955	unknown
CGTGGTTCATGAGTTT	3.0	9.556787680138532e-16	2.1356227092357177e-15	X0
CGTTAACAGCAACAAG	-3.4594316186372973	1.6042818341220015e-19	7.283419635012658e-19	X1
AACTAGCTCCAAGTTA	-3.169925001442312	1.5316450877189923e-17	4.472183802777584e-17	X1
TCTTGACGTTACCGGG	-2.807354922057604	6.564907761017925e-15	1.3424970548431796e-14	X1
ACTCACTGTTTGCTGT	-2.0	0.0008949651957434264	0.001056728495393278	X1
CACGCTAAGGCTGGCT	-1.0	8.336813247250504e-07	1.0917468420889744e-06	X1
CAGGGTGAGGCGAAAC	-2.584962500721156	9.556787680138532e-16	2.1356227092357177e-15	X1
CGTTAGGTCCTTTACG	-3.0	9.556787680138532e-16	2.1356227092357177e-15	X1
ACGTTACAGTTGTCCC	-2.0	0.003318560257963064	0.003849487845566849	X1
GCCTTGCGTGAGCAAG	-2.0	8.336813247250504e-07	1.0917468420889744e-06	X1
ACCACACCAAGGTAAC	-1.584962500721156	0.46020538130641053	0.49191125489809434	unknown
AGGGTTGCACCGGTAT	-3.584962500721156	1.0029797609618065e-21	9.676970737184859e-21	X1
GCCTCGACAGGGAGCT	2.321928094887362	6.548999325035109e-12	1.0693048396261339e-11	X0
AATTAGCGTATTACCC	3.169925001442312	1.6610244897268262e-18	5.822729697591934e-18	X0
TACTCAAAGGACTTAC	-3.0	9.050013106514627e-08	1.228419758647018e-07	X1
ACTAACCAGCTACTGG	-3.169925001442312	1.363071866403019e-20	8.502363950314572e-20	X1
TGTGTTAAGTGAGAGC	3.169925001442312	1.2704266677461526e-16	3.218033375269829e-16	X0
AGGCGGATCCGGTTAG	-1.584962500721156	9.556787680138532e-16	2.1356227092357177e-15	X1
CGGACCTAGTCTATGA	-2.807354922057604	2.4127107519685975e-13	4.369011087207231e-13	X1
AGGAAACGTATACTGG	-2.807354922057604	2.818141017102701e-07	3.7604312442133894e-07	X1
ATGCAGGCAAGTAAGC	-3.321928094887362	1.6610244897268262e-18	5.822729697591934e-18	X1
TGCTCTCAGAAACTGG	-2.222392421336448	1.5316450877189923e-17	4.472183802777584e-17	X1
GGAGCAAGTTTGAGGC	-2.321928094887362	5.579544528625976e-10	8.284469704608276e-10	X1
TCTAGCCTCTAATCTC	-3.0	6.564907761017925e-15	1.3424970548431796e-14	X1
ACTCACCTCATAACTG	-2.321928094887362	2.1686833167108188e-09	3.137350440196232e-09	X1
CTCTAAGCAATATAGG	-2.807354922057604	6.564907761017925e-15	1.3424970548431796e-14	X1
TGTGTTAAGGTACCGC	-3.0	2.4127107519685975e-13	4.369011087207231e-13	X1
GGGCATGAGGAATAAC	-0.5849625007211561	8.336813247250504e-07	1.0917468420889744e-06	X1
CCCTCACCAAGCTTTG	3.6438561897747244	1.5316450877189923e-17	4.472183802777584e-17	X0
GGCCAACTCCCGCATT	3.169925001442312	1.6042818341220015e-19	7.283419635012658e-19	X0
ACGTTGTAGTAGAGGC	-2.807354922057604	5.579544528625976e-10	8.284469704608276e-10	X1
CTAGTAATCTTGTCTG	-1.584962500721156	0.0966739522478214	0.1074269123385123	unknown
CTAAGGTTCTAATCAG	-3.169925001442312	1.5316450877189923e-17	4.472183802777584e-17	X1
TTGCTTAGTGATGAAA	-3.0	4.1422259360400374e-14	7.91791191062939e-14	X1
CTTATGTTCAAGGACA	1.3219280948873622	9.050013106514627e-08	1.228419758647018e-07	X0
CTTGTTTAGTTAGGCT	0.0	1.0	1.0	unknown
ACTCCTCAGTTGCCTC	-3.321928094887362	1.6610244897268262e-18	5.822729697591934e-18	X1
GGCAATCGTTTCCGGC	-2.584962500721156	2.756790387925026e-08	3.824929141867178e-08	X1
GTCATGCCACCTGGTG	-0.5849625007211561	0.003318560257963064	0.003849487845566849	X1
CCCTGGACACGAATTT	-2.0	5.579544528625976e-10	8.284469704608276e-10	X1
AGCTAACTCATGTCAA	-2.807354922057604	6.564907761017925e-15	1.3424970548431796e-14	X1
CCTCAATGTGCTCCAC	2.584962500721156	1.3513812610243942e-10	2.061271604766015e-10	X0
TCCTCTAAGGTTTGAC	-2.321928094887362	2.818141017102701e-07	3.7604312442133894e-07	X1
CATAGGCGTTGCAGTA	-2.321928094887362	1.3513812610243942e-10	2.061271604766015e-10	X1
GTATGTGGTTACGCGG	-1.584962500721156	0.18410080866334788	0.2023975712117845	unknown
CATTCATTCTCACATT	-2.321928094887362	2.818141017102701e-07	3.7604312442133894e-07	X1
GTTTGTAAGCAAGATG	2.321928094887362	3.0739033075239876e-11	4.8429849227620825e-11	X0
AACTAGTGTTCAAGCA	3.700439718141092	1.0029797609618065e-21	9.676970737184859e-21	X0
TTGGCGGGTCGCAAAC	-2.807354922057604	1.6042818341220015e-19	7.283419635012658e-19	X1
TCTAGCACAATTGAAG	-2.0	2.346206306321115e-06	3.0232744644007614e-06	X1
TCGTTTCCATTGTGCA	-3.169925001442312	1.6610244897268262e-18	5.822729697591934e-18	X1
CACCAACCACAAAGGT	-0.5849625007211561	0.30864970679462606	0.33430584275359365	unknown
GGGTCAACAGTAAAGC	-2.0	8.336813247250504e-07	1.0917468420889744e-06	X1
GGAGTGAGTAATTAGC	-2.807354922057604	4.1422259360400374e-14	7.91791191062939e-14	X1
ACTTGTCGTTTCCTCC	-2.0	5.579544528625976e-10	8.284469704608276e-10	X1
GCTGGATGTTGGATAT	-2.584962500721156	4.1422259360400374e-14	7.91791191062939e-14	X1
TCCACAACAGCACGTT	-2.807354922057604	6.564907761017925e-15	1.3424970548431796e-14	X1
TGATGACTCAGGGCCT	-2.321928094887362	5.579544528625976e-10	8.284469704608276e-10	X1
CAAAGGATCGATTTAG	-3.807354922057604	1.6042818341220015e-19	7.283419635012658e-19	X1
AGCCGCTAGCGGCTGT	2.584962500721156	2.4127107519685975e-13	4.369011087207231e-13	X0
GTGCTCAAGCTTTGGG	-2.321928094887362	2.346206306321115e-06	3.0232744644007614e-06	X1
GGTCAGGAGTGAACGA	-2.321928094887362	3.0739033075239876e-11	4.8429849227620825e-11	X1
CAGGCTATCGCAGGCT	-1.3219280948873622	1.3513812610243942e-10	2.061271604766015e-10	X1
AGCCTCCGTTACGCAA	-2.807354922057604	6.564907761017925e-15	1.3424970548431796e-14	X1
GCCTGACAGGAAGCTA	-3.0	4.1422259360400374e-14	7.91791191062939e-14	X1
TGTCAGTAGTGAACCT	-1.0	0.18410080866334788	0.2023975712117845	unknown
TCAGCCTTCAAGCCTG	-3.321928094887362	1.6610244897268262e-18	5.822729697591934e-18	X1
TACCGCAAGGAGCATA	-3.0	6.564907761017925e-15	1.3424970548431796e-14	X1
AAGCTTGGTGCATCGG	-3.321928094887362	1.2704266677461526e-16	3.218033375269829e-16	X1
AGAGGATGTCCCGGAA	-2.0	1.6080007647833168e-05	2.0063706935607818e-05	X1
TTGTCCGGTGAGGTGA	2.807354922057604	1.5316450877189923e-17	4.472183802777584e-17	X0
TATTCGTTCCCGAAGC	-2.807354922057604	6.564907761017925e-15	1.3424970548431796e-14	X1
GTCTTTGTCAGTATTG	2.321928094887362	4.1422259360400374e-14	7.91791191062939e-14	X0
GACATAGAGGCATTAC	-0.5849625007211561	0.6178232827986665	0.6536145478091064	unknown
TCCCTGGTCCCTGGAA	1.584962500721156	0.0008949651957434264	0.001056728495393278	X0
GCTAAGCGTAGCCTCC	-1.584962500721156	1.6080007647833168e-05	2.0063706935607818e-05	X1
CGGATAAAGCCTGATG	2.321928094887362	2.818141017102701e-07	3.7604312442133894e-07	X0
GGATTATGTCCGTAGG	-3.4594316186372973	6.548999325035109e-12	1.0693048396261339e-11	X1
TTGGGCCAGGAAGCAC	3.321928094887362	6.564907761017925e-15	1.3424970548431796e-14	X0
AACTCACAGCTAAGTC	-3.584962500721156	9.556787680138532e-16	2.1356227092357177e-15	X1
CTGGTTTGTGTGTGGT	-2.807354922057604	3.0739033075239876e-11	4.8429849227620825e-11	X1
AAACATGCAAAGCGCA	-2.807354922057604	6.564907761017925e-15	1.3424970548431796e-14	X1
TTTCGTCCAATGCCTA	1.584962500721156	0.0966739522478214	0.1074269123385123	unknown
CAAGGTTTCACTAATG	-1.584962500721156	0.30864970679462606	0.33430584275359365	unknown
CAGTACCCAACCCTAA	-1.8073549220576042	1.3029679093280502e-12	2.239820187795613e-12	X1
GCACGAACACTGACCG	2.0	9.157161244117683e-05	0.00011144738539251088	X0
GCACGGTTCACGCATG	-4.0	3.224844447881771e-24	1.2299758276999067e-22	X1
GGGAATATCCTGATTT	3.4594316186372973	1.2704266677461526e-16	3.218033375269829e-16	X0
ATTTGCAAGGATTTGC	1.584962500721156	0.38217671720133345	0.41102659716042955	unknown
TCATAACCATAAGCAA	-1.1375035237499351	6.564907761017925e-15	1.3424970548431796e-14	X1
GAAGTGATCGCAAACT	2.807354922057604	1.2704266677461526e-16	3.218033375269829e-16	X0
AGGCTAGCACTTACAG	-3.0	1.2704266677461526e-16	3.218033375269829e-16	X1
GTTGCTGAGAAGGTGC	-3.4594316186372973	1.6610244897268262e-18	5.822729697591934e-18	X1
TGTGCAAGTACCAGGT	-3.321928094887362	9.556787680138532e-16	2.1356227092357177e-15	X1
GAGCTGCTCCCAGTAG	-2.321928094887362	1.3513812610243942e-10	2.061271604766015e-10	X1
GAACGAATCCACCCTG	-2.0	8.336813247250504e-07	1.0917468420889744e-06	X1
ATTCCTCCAAGTGTTT	-2.584962500721156	9.556787680138532e-16	2.1356227092357177e-15	X1
ACTAAAGCATAGACCC	-3.169925001442312	1.363071866403019e-20	8.502363950314572e-20	X1
AGGTATTGTACCCACC	1.8073549220576042	1.6042818341220015e-19	7.283419635012658e-19	X0
TATTAGGTCGATTTAG	-0.3219280948873622	0.7579407931963542	0.7938215715928063	unknown
GGCAATCGTGGACATC	-2.321928094887362	3.0739033075239876e-11	4.8429849227620825e-11	X1
TAAAGCCTCGAGCTAT	-3.700439718141092	1.0029797609618065e-21	9.676970737184859e-21	X1
TACGCACCATGGTTAT	3.3923174227787607	1.0029797609618065e-21	9.676970737184859e-21	X0
ATCGGCCAGTAAGTCC	-1.8073549220576042	6.289575008339427e-06	7.975507841743658e-06	X1
TATTAGCCAACAGGTG	-1.584962500721156	0.01048936783892586	0.011996507993823844	X1
CCAGCCTGTGCAACTA	-2.0	2.818141017102701e-07	3.7604312442133894e-07	X1
GATCGAGCAGTGAACG	2.584962500721156	1.5316450877189923e-17	4.472183802777584e-17	X0
GCCACAATCGCACACA	-2.584962500721156	1.3513812610243942e-10	2.061271604766015e-10	X1
CAATCTAAGGGTTATC	-3.4594316186372973	3.224844447881771e-24	1.2299758276999067e-22	X1
GCTTTACGTTGACTTC	2.321928094887362	2.1686833167108188e-09	3.137350440196232e-09	X0
CGCGGATTCACATTGA	3.169925001442312	1.363071866403019e-20	8.502363950314572e-20	X0
TCGTCAACATGCAACC	1.0	9.050013106514627e-08	1.228419758647018e-07	X0
CAACTAGGTACCGAAC	-2.807354922057604	1.363071866403019e-20	8.502363950314572e-20	X1
ACAACAACACAATGCC	-2.807354922057604	1.6042818341220015e-19	7.283419635012658e-19	X1
ACCTACCTCCGGCTAA	2.807354922057604	1.2704266677461526e-16	3.218033375269829e-16	X0
TGTGGCTCATATTGAC	3.584962500721156	1.363071866403019e-20	8.502363950314572e-20	X0
ACCACACCATTAAAGG	-3.169925001442312	1.6610244897268262e-18	5.822729697591934e-18	X1
GTCTCACTCTAGCTAA	-2.321928094887362	5.579544528625976e-10	8.284469704608276e-10	X1
ACGTCCAAGCAAGGTA	-1.584962500721156	0.01048936783892586	0.011996507993823844	X1
GGGTTATTCCGCCTCA	2.321928094887362	1.3513812610243942e-10	2.061271604766015e-10	X0
TGAGAACCAGCAAGTG	-2.807354922057604	1.2704266677461526e-16	3.218033375269829e-16	X1
GGCCTAATCCTTAGTT	-2.321928094887362	2.1686833167108188e-09	3.137350440196232e-09	X1
TTGCTTTAGCAAGATG	1.584962500721156	0.01048936783892586	0.011996507993823844	X0
AGGTCTTAGAAGCTAG	3.0	6.26162256269268e-23	1.0840156507470095e-21	X0
CTAAAGCTCCTTGTTG	-1.584962500721156	0.24205920680364573	0.26354439063679713	unknown
TGTGCACCAGTAGGTG	-3.169925001442312	3.0739033075239876e-11	4.8429849227620825e-11	X1
AATTGACGTCACTCGC	2.807354922057604	6.548999325035109e-12	1.0693048396261339e-11	X0
CCGCTAGCATTGCGTA	2.584962500721156	2.4127107519685975e-13	4.369011087207231e-13	X0
GGTTACCCATTGGGAG	-3.584962500721156	1.6042818341220015e-19	7.283419635012658e-19	X1
TTGCTTAGTTCCTCCT	-2.0	2.756790387925026e-08	3.824929141867178e-08	X1
TCTAGCACATGTTTGG	3.169925001442312	3.0739033075239876e-11	4.8429849227620825e-11	X0
CATCCTGGTGATGATT	3.321928094887362	1.0029797609618065e-21	9.676970737184859e-21	X0
GGTCCGTAGGTTACAC	-1.584962500721156	0.0966739522478214	0.1074269123385123	unknown
GCCCGTTGTACTAAAC	2.0	9.157161244117683e-05	0.00011144738539251088	X0
TAACCTAAGCATGGTT	-2.321928094887362	6.289575008339427e-06	7.975507841743658e-06	X1
GTTCCTTCAGGAATCG	-2.807354922057604	1.2704266677461526e-16	3.218033375269829e-16	X1
CCACAGGGTTAACGGC	-3.321928094887362	1.5316450877189923e-17	4.472183802777584e-17	X1
TCTTTGTAGGGCTTTG	-1.584962500721156	0.5397946186935895	0.573551362839982	unknown
TATGTGATCCTAGTCC	3.169925001442312	1.5316450877189923e-17	4.472183802777584e-17	X0
AACTTAGTCCTTTACG	0.0	1.0	1.0	unknown
GACCTAGTCCCGTTGT	1.3219280948873622	2.1686833167108188e-09	3.137350440196232e-09	X0
GCAGGCTTCATGCGTG	-2.0	9.157161244117683e-05	0.00011144738539251088	X1
CCTAGTTGTACCGGAT	-2.3219280948873626	1.5316450877189923e-17	4.472183802777584e-17	X1
GGTGAGGTCTAAGTGC	-2.0	9.157161244117683e-05	0.00011144738539251088	X1
CTCCTCACAACTCGCG	-1.584962500721156	0.38217671720133345	0.41102659716042955	unknown
CAAGACAAGTCATTAG	-2.0	1.6610244897268262e-18	5.822729697591934e-18	X1
GAACGAATCCTAAGGT	-0.4150374992788439	0.0017588208614850794	0.002060775226984838	X1
CCCAGTTTCAACAAGG	3.169925001442312	1.6610244897268262e-18	5.822729697591934e-18	X0
TTACACCGTTCGCTTG	-3.4594316186372973	6.26162256269268e-23	1.0840156507470095e-21	X1
AGGGTTGCATTCAGCA	-1.584962500721156	0.24205920680364573	0.26354439063679713	unknown
TTCAACCGTCAGGAAG	-2.807354922057604	1.0029797609618065e-21	9.676970737184859e-21	X1
ATTGCTCGTTTCCACG	-2.584962500721156	1.3029679093280502e-12	2.239820187795613e-12	X1
GAATTTGTCGATCAGT	3.807354922057604	1.0029797609618065e-21	9.676970737184859e-21	X0
ATATGCTCACTTACAG	-3.0	6.564907761017925e-15	1.3424970548431796e-14	X1
TGTGTGAGTTAGTACG	2.321928094887362	5.579544528625976e-10	8.284469704608276e-10	X0
TCTCAAGCATTAGCCA	-2.321928094887362	6.548999325035109e-12	1.0693048396261339e-11	X1
TGGACGGAGTTGGGCC	3.169925001442312	9.556787680138532e-16	2.1356227092357177e-15	X0
GTAAAGCCATTATGAC	-2.321928094887362	3.0739033075239876e-11	4.8429849227620825e-11	X1
TACTGGCCACCTACTT	2.584962500721156	1.3029679093280502e-12	2.239820187795613e-12	X0
TTGTGCCTCCATAAGC	-3.169925001442312	1.6610244897268262e-18	5.822729697591934e-18	X1
CAAAGTGAGGCAACAA	3.0	9.556787680138532e-16	2.1356227092357177e-15	X0
AATTTGCCAGGCAAGC	-2.321928094887362	8.336813247250504e-07	1.0917468420889744e-06	X1
TAGGCTTAGTCACTCC	3.4594316186372973	3.224844447881771e-24	1.2299758276999067e-22	X0
GGTCCGTAGGTCCAAT	2.321928094887362	5.579544528625976e-10	8.284469704608276e-10	X0
ATAACGACATAATTGC	1.8073549220576042	1.2704266677461526e-16	3.218033375269829e-16	X0
ACCTAAATCAGCACGC	2.584962500721156	6.548999325035109e-12	1.0693048396261339e-11	X0
TTTGCGGAGTGAACAG	-3.169925001442312	1.2704266677461526e-16	3.218033375269829e-16	X1
TCTTAGTTCCCTGTTA	-2.0	0.0060164878626817395	0.0069340164649698425	X1
CTCAGGATCCTGGTGA	-2.321928094887362	1.3029679093280502e-12	2.239820187795613e-12	X1
GCATTAGGTACCGTAA	-2.0	1.5316450877189923e-17	4.472183802777584e-17	X1
TGTTGTTTCGAGGTGG	-2.807354922057604	1.0029797609618065e-21	9.676970737184859e-21	X1
GATTCAATCCGCCTCA	3.321928094887362	9.556787680138532e-16	2.1356227092357177e-15	X0
CTCACAACATAAGTCT	-3.321928094887362	1.5316450877189923e-17	4.472183802777584e-17	X1
TTCATCCCAGGTTTGC	-2.321928094887362	8.336813247250504e-07	1.0917468420889744e-06	X1
CCTAAGCCACATTAAC	2.807354922057604	1.0029797609618065e-21	9.676970737184859e-21	X0
ATTCCGGAGGACCTGC	2.584962500721156	6.548999325035109e-12	1.0693048396261339e-11	X0
AAGAACAGTTCCTCCT	3.169925001442312	1.0029797609618065e-21	9.676970737184859e-21	X0
AATAGAGGTTCATTTG	0.0	1.0	1.0	unknown
CGCTCAGCATGTTTGG	-1.3219280948873622	1.3513812610243942e-10	2.061271604766015e-10	X1
TGAGGTGCAATAGTCT	-0.7369655941662061	2.756790387925026e-08	3.824929141867178e-08	X1
GACCTAAGTCACAGAC	2.584962500721156	6.564907761017925e-15	1.3424970548431796e-14	X0
GCCTTTGGTCAAACTG	2.807354922057604	3.0739033075239876e-11	4.8429849227620825e-11	X0
CCTTATGTCTCACACC	-2.807354922057604	9.556787680138532e-16	2.1356227092357177e-15	X1
GCGCTTGCAAATTCGT	1.3219280948873622	9.050013106514627e-08	1.228419758647018e-07	X0
CCTGGATCAGTCTAAT	3.584962500721156	6.564907761017925e-15	1.3424970548431796e-14	X0
AAGGAAGCACCTAAGC	-3.169925001442312	1.5316450877189923e-17	4.472183802777584e-17	X1
GCGGAACCAGCTAATT	-3.169925001442312	6.26162256269268e-23	1.0840156507470095e-21	X1
TGGTTCCTCATTGTCT	2.9068905956085187	1.6610244897268262e-18	5.822729697591934e-18	X0
CAATCCCTCAAATCGC	2.584962500721156	4.1422259360400374e-14	7.91791191062939e-14	X0
GCGGAACCAACAGCCT	-1.584962500721156	0.24205920680364573	0.26354439063679713	unknown
CACCGGTAGGCAACAA	-3.169925001442312	1.5316450877189923e-17	4.472183802777584e-17	X1
TACCCGGCAATGAATG	3.321928094887362	1.0029797609618065e-21	9.676970737184859e-21	X0
TACCTTTAGTCACGAT	2.807354922057604	1.2704266677461526e-16	3.218033375269829e-16	X0
TGTTAGCAGCAAGGAC	2.807354922057604	9.556787680138532e-16	2.1356227092357177e-15	X0
GAACACAAGATGCCTG	3.584962500721156	1.363071866403019e-20	8.502363950314572e-20	X0
AGATGCTTCTCAATAG	3.700439718141092	1.0029797609618065e-21	9.676970737184859e-21	X0
AAACGTACACGTGCTG	2.584962500721156	6.564907761017925e-15	1.3424970548431796e-14	X0
AGGAGCTAGTTTGGGT	-2.584962500721156	6.564907761017925e-15	1.3424970548431796e-14	X1
GCATGAGCAATGCCTA	-2.0	2.1686833167108188e-09	3.137350440196232e-09	X1
CAATGCCCAGGCTAGA	-1.584962500721156	0.0966739522478214	0.1074269123385123	unknown
TCAGCCTTCAGGAACA	-1.222392421336448	9.556787680138532e-16	2.1356227092357177e-15	X1
AATTGGGAGCTTGCTC	-0.2630344058337939	0.9333946903963931	0.9604115944601358	unknown
GGTCTTTGTTCGGGAT	-1.584962500721156	0.18410080866334788	0.2023975712117845	unknown
AGGTCAAAGGAAGCAC	2.807354922057604	1.6610244897268262e-18	5.822729697591934e-18	X0
CATCATGCACCTCACC	2.584962500721156	2.4127107519685975e-13	4.369011087207231e-13	X0
GATCCGTCATAACGGG	2.321928094887362	3.0739033075239876e-11	4.8429849227620825e-11	X0
TCAACAATCTCACACC	-2.584962500721156	9.556787680138532e-16	2.1356227092357177e-15	X1
AGGTTTATCTTCAATC	-2.321928094887362	3.0739033075239876e-11	4.8429849227620825e-11	X1
AACGCCCAGAACCTGT	-2.0	2.756790387925026e-08	3.824929141867178e-08	X1
CGGAATCGTTGTTGCT	2.584962500721156	6.548999325035109e-12	1.0693048396261339e-11	X0
GTTGGAGCATAAGTTC	2.321928094887362	9.050013106514627e-08	1.228419758647018e-07	X0
TATGGTCAGCAAACCT	2.321928094887362	6.548999325035109e-12	1.0693048396261339e-11	X0
CTAGCTTGTAATGACT	3.0	9.556787680138532e-16	2.1356227092357177e-15	X0
AGCGGATAGGGACTAA	-3.0	1.2704266677461526e-16	3.218033375269829e-16	X1
ATTACGTCAATGAAGC	-2.807354922057604	6.564907761017925e-15	1.3424970548431796e-14	X1
TACCGAAGTGCAACTA	-2.807354922057604	6.564907761017925e-15	1.3424970548431796e-14	X1
GGGCATTGTTTGAGCA	-2.584962500721156	3.0739033075239876e-11	4.8429849227620825e-11	X1
GAGGTACAGGACCGCT	-1.415037499278844	1.5316450877189923e-17	4.472183802777584e-17	X1
GTACGTAGTGTTTCAC	-2.321928094887362	6.548999325035109e-12	1.0693048396261339e-11	X1
GCCTCAAAGTTAGTGC	-3.169925001442312	6.26162256269268e-23	1.0840156507470095e-21	X1
AGCTTCCTCCCTCACG	-3.0	6.548999325035109e-12	1.0693048396261339e-11	X1
CCTCAGTTCACACAGT	-2.807354922057604	9.556787680138532e-16	2.1356227092357177e-15	X1
GTTGCGGGTATTACCC	3.0	1.0029797609618065e-21	9.676970737184859e-21	X0
AAACAGCCACAAAGAC	-3.807354922057604	1.0029797609618065e-21	9.676970737184859e-21	X1
AGGCAGGTCGATAACC	3.807354922057604	1.3154334480650894e-25	1.437749125400097e-23	X0
CCACAGGGTGCTCACC	-1.584962500721156	0.24205920680364573	0.26354439063679713	unknown
CTAAGTCAGCGTGCAC	1.3219280948873622	9.050013106514627e-08	1.228419758647018e-07	X0
CTAATCGCAGCACGTT	-3.169925001442312	1.0029797609618065e-21	9.676970737184859e-21	X1
ATGCTTAAGGGATGAC	-3.169925001442312	2.4127107519685975e-13	4.369011087207231e-13	X1
GTTAGACTCAGGCTAT	-2.807354922057604	1.2704266677461526e-16	3.218033375269829e-16	X1
GAGGTTAAGGAGGACT	2.584962500721156	1.2704266677461526e-16	3.218033375269829e-16	X0
TCGTTAGCAGTTATCG	3.169925001442312	3.224844447881771e-24	1.2299758276999067e-22	X0
ATTTGCGCATTGTGAT	-2.321928094887362	2.4127107519685975e-13	4.369011087207231e-13	X1
GTTTACCGTCATGCCC	-2.321928094887362	2.4127107519685975e-13	4.369011087207231e-13	X1
GTGTGTTAGTTATCCT	2.807354922057604	3.0739033075239876e-11	4.8429849227620825e-11	X0
GCAGGTTGTAAGGTCC	-3.584962500721156	1.0029797609618065e-21	9.676970737184859e-21	X1
GATTACGGTAATAACC	2.807354922057604	1.6042818341220015e-19	7.283419635012658e-19	X0
TTCGCAACATGAATCT	-2.807354922057604	4.1422259360400374e-14	7.91791191062939e-14	X1
GAGTAATAGTAACTCA	-3.807354922057604	1.363071866403019e-20	8.502363950314572e-20	X1
AAGCAAGTCTCACATT	2.321928094887362	3.0739033075239876e-11	4.8429849227620825e-11	X0
AAAGCCCGTTACTTCA	-3.169925001442312	1.6610244897268262e-18	5.822729697591934e-18	X1
TTCCCACAGCGATACT	0.5849625007211561	0.9033260477521786	0.9326176015352042	unknown
CGATTTGCACAAAGCG	2.584962500721156	6.289575008339427e-06	7.975507841743658e-06	X0
CAAGTTATCTAGCGAT	-1.584962500721156	0.24205920680364573	0.26354439063679713	unknown
TACCTGCTCATGCTCC	2.3219280948873626	1.6042818341220015e-19	7.283419635012658e-19	X0
GCAAACCGTGCATTAG	-3.0	1.2704266677461526e-16	3.218033375269829e-16	X1
GAGTATCTCAAGCGCC	-2.807354922057604	6.564907761017925e-15	1.3424970548431796e-14	X1
ACTTGCACAGCAGGTA	-2.321928094887362	6.26162256269268e-23	1.0840156507470095e-21	X1
AACTCACAGCTTCCCG	-4.247927513443585	6.26162256269268e-23	1.0840156507470095e-21	X1
CGTAACCCAAGGAATC	-3.169925001442312	1.5316450877189923e-17	4.472183802777584e-17	X1
AGCACTAGTCATAGAT	-2.807354922057604	1.3513812610243942e-10	2.061271604766015e-10	X1
TCCAGGATCCCGCATT	-2.0	0.00020438858371340761	0.0002460120970633274	X1
TAGTGTGGTTAGGCGT	-2.4594316186372973	9.556787680138532e-16	2.1356227092357177e-15	X1
TCAGGTCCATTGTGAT	-2.321928094887362	5.579544528625976e-10	8.284469704608276e-10	X1
CACCAACCAGTAGGAT	-3.4594316186372973	6.26162256269268e-23	1.0840156507470095e-21	X1
GTCTAGCCATCCTGAA	1.736965594166206	6.564907761017925e-15	1.3424970548431796e-14	X0
TAGCCTCTCCTTCGTA	-2.0	6.548999325035109e-12	1.0693048396261339e-11	X1
TCCTTAGTCACTCAAA	-2.321928094887362	2.1686833167108188e-09	3.137350440196232e-09	X1
ATGTAAGCAGCAACAG	3.0	1.6042818341220015e-19	7.283419635012658e-19	X0
CAGGACACACTTCATC	-2.584962500721156	1.3513812610243942e-10	2.061271604766015e-10	X1
CACAAGCGTAATCGTG	3.4594316186372973	1.6610244897268262e-18	5.822729697591934e-18	X0
AGATGCTTCCTCAGCT	-3.169925001442312	1.6042818341220015e-19	7.283419635012658e-19	X1
GGTCATTAGCAGGTTT	-2.0	6.289575008339427e-06	7.975507841743658e-06	X1
GATCCGTCACGTAATT	-2.0	3.925069822796835e-05	4.843013700478723e-05	X1
TCGCCCATCAAAGGCA	-1.584962500721156	0.24205920680364573	0.26354439063679713	unknown
TTAGCCTGTTATCGAG	-3.169925001442312	1.5316450877189923e-17	4.472183802777584e-17	X1
AGCACTTAGCTATATG	-2.584962500721156	1.2704266677461526e-16	3.218033375269829e-16	X1
AGCCGCTAGTAGCCAT	-2.321928094887362	2.4127107519685975e-13	4.369011087207231e-13	X1
CCCAAACCACCGGTAT	-2.321928094887362	2.756790387925026e-08	3.824929141867178e-08	X1
CGCTACTTCAGGCCTA	0.3219280948873622	0.06660530960360693	0.07444302231795079	unknown
TATCGCGAGGAGCATA	1.0	0.0060164878626817395	0.0069340164649698425	X0
TATTGACCACAGGAAT	-1.584962500721156	0.24205920680364573	0.26354439063679713	unknown
AAGAATCAGTGAGGTA	-3.807354922057604	1.0029797609618065e-21	9.676970737184859e-21	X1
TTAAGGTGTGGATTAT	-2.169925001442312	1.5316450877189923e-17	4.472183802777584e-17	X1
CGATTGAGTGTGTCCC	-0.84799690655495	9.050013106514627e-08	1.228419758647018e-07	X1
GTTACCTGTTTACGTC	2.0	6.289575008339427e-06	7.975507841743658e-06	X0
TGAGTGAAGTACCGCA	-2.321928094887362	6.548999325035109e-12	1.0693048396261339e-11	X1
CCGTTAACATCAGCAC	3.169925001442312	9.556787680138532e-16	2.1356227092357177e-15	X0
GCTTCGCGTACCGAAC	-0.6520766965796931	2.756790387925026e-08	3.824929141867178e-08	X1
CGGAATCGTCATTAGG	3.0	2.4127107519685975e-13	4.369011087207231e-13	X0
AGCATCCCATAGCGAG	-2.584962500721156	2.818141017102701e-07	3.7604312442133894e-07	X1
TGAAACTGTCAGTAAT	-2.321928094887362	2.1686833167108188e-09	3.137350440196232e-09	X1
CCATTGTGTTAAGCCA	2.807354922057604	4.1422259360400374e-14	7.91791191062939e-14	X0
CCATAATCAGCCAGAA	-2.0	3.925069822796835e-05	4.843013700478723e-05	X1
GTTAAGTGTGAGCGAA	-3.4594316186372973	6.564907761017925e-15	1.3424970548431796e-14	X1
GAGCTTGTCGATTTAG	-2.584962500721156	1.2704266677461526e-16	3.218033375269829e-16	X1
GTTCGCGCATCCCGCT	-2.321928094887362	1.3029679093280502e-12	2.239820187795613e-12	X1
TAATCACCAGCAAGTG	3.169925001442312	2.4127107519685975e-13	4.369011087207231e-13	X0
ACTAACCAGGGACCTC	-2.0	0.00020438858371340761	0.0002460120970633274	X1
TGCTTAAAGTCACTAA	-1.584962500721156	0.24205920680364573	0.26354439063679713	unknown
GCGTAACGTTATCCTA	3.0	6.548999325035109e-12	1.0693048396261339e-11	X0
GGATTATGTCCTAGTT	-3.4594316186372973	1.5316450877189923e-17	4.472183802777584e-17	X1
GTCTTTGTCGTTATCT	-3.807354922057604	1.3154334480650894e-25	1.437749125400097e-23	X1
CCTTAACGTAGCTGCG	-1.584962500721156	0.24205920680364573	0.26354439063679713	unknown
CCAAACTAGTTGCCTC	-2.321928094887362	7.952664236893068e-09	1.1284123271995337e-08	X1
TGCTCACTCCTGAGTG	3.9068905956085187	1.5316450877189923e-17	4.472183802777584e-17	X0
AAAGGCTCACGTAAGG	-2.807354922057604	1.2704266677461526e-16	3.218033375269829e-16	X1
GATTGCGTCGTCCTTA	-2.0	1.6080007647833168e-05	2.0063706935607818e-05	X1
CAACTAATCGTTACAA	-2.9068905956085187	1.6610244897268262e-18	5.822729697591934e-18	X1
TGGTTCCTCATTTGCT	-4.0	1.6042818341220015e-19	7.283419635012658e-19	X1
AGCGATTTCCGTGACA	-2.321928094887362	6.548999325035109e-12	1.0693048396261339e-11	X1
AGCTATATCATTAGGC	-1.584962500721156	0.24205920680364573	0.26354439063679713	unknown
GGTGTGACATAGCTTG	-2.321928094887362	2.818141017102701e-07	3.7604312442133894e-07	X1
GTATGTGGTTTATCGC	2.0	2.756790387925026e-08	3.824929141867178e-08	X0
GTAGTTATCTCCTCAA	-2.321928094887362	2.346206306321115e-06	3.0232744644007614e-06	X1
GGGTGAAGTATTGTGG	3.0	9.556787680138532e-16	2.1356227092357177e-15	X0
TGCTTTAGTTAAATGC	-3.321928094887362	1.6610244897268262e-18	5.822729697591934e-18	X1
ACTAACGGTTCCAGGG	1.584962500721156	0.24205920680364573	0.26354439063679713	unknown
TTTGTGTTCCTCCTAA	-3.169925001442312	1.0029797609618065e-21	9.676970737184859e-21	X1
GAGTCATTCTTGTCCA	-2.584962500721156	4.1422259360400374e-14	7.91791191062939e-14	X1
TTAGCCTGTCAGGCCA	-1.0	9.050013106514627e-08	1.228419758647018e-07	X1
TGTGTTAAGGCGAAAC	3.321928094887362	1.5316450877189923e-17	4.472183802777584e-17	X0
CGGATTAGTAGCCATA	-2.321928094887362	3.0739033075239876e-11	4.8429849227620825e-11	X1
TTAGCCTGTTAGAGCC	-2.584962500721156	6.548999325035109e-12	1.0693048396261339e-11	X1
CTGTAACAGCCTAATA	2.807354922057604	1.6610244897268262e-18	5.822729697591934e-18	X0
GCGCGATTCCAGGAAA	3.169925001442312	1.2704266677461526e-16	3.218033375269829e-16	X0
GTTCCTGGTCACGGAT	-3.584962500721156	3.224844447881771e-24	1.2299758276999067e-22	X1
GTTAAACGTAAAGCAA	-3.4594316186372973	6.26162256269268e-23	1.0840156507470095e-21	X1
TCAATCGCAGAAATTG	-1.584962500721156	8.336813247250504e-07	1.0917468420889744e-06	X1
CATTGTAAGAGAGGAG	-2.584962500721156	5.579544528625976e-10	8.284469704608276e-10	X1
CGTTGCGCAGCTTAGC	3.0	6.548999325035109e-12	1.0693048396261339e-11	X0
TACGTTAAGGTCCTGA	3.169925001442312	1.0029797609618065e-21	9.676970737184859e-21	X0
GTGCACGGTACGTTTC	-3.169925001442312	6.548999325035109e-12	1.0693048396261339e-11	X1
TTAACCAAGCTCAATA	3.321928094887362	1.6042818341220015e-19	7.283419635012658e-19	X0
GGGTTTGTCATTGTCT	2.584962500721156	1.3029679093280502e-12	2.239820187795613e-12	X0
AGTAAGTAGCATTATG	3.4594316186372973	1.6042818341220015e-19	7.283419635012658e-19	X0
TATCCAGCAAACTCAT	3.169925001442312	6.564907761017925e-15	1.3424970548431796e-14	X0
ACCTAAATCCTTAATC	-2.584962500721156	6.548999325035109e-12	1.0693048396261339e-11	X1
CATCGCTTCCTTTACG	-3.169925001442312	5.579544528625976e-10	8.284469704608276e-10	X1
TGCAGGCTCACTAGGT	-3.0	2.818141017102701e-07	3.7604312442133894e-07	X1
AGTAAACAGAGGAGTC	-2.584962500721156	6.564907761017925e-15	1.3424970548431796e-14	X1
AATTGGACATGGTTAT	-1.0	0.0017588208614850794	0.002060775226984838	X1
GCTCATTGTTCCTCCT	-2.0	8.336813247250504e-07	1.0917468420889744e-06	X1
CCTTATGTCAAGCTTA	-2.0	0.0008949651957434264	0.001056728495393278	X1
TCTTGTCCACAATGCC	-2.807354922057604	1.363071866403019e-20	8.502363950314572e-20	X1
GCTAAGAAGTTAGACC	-3.4594316186372973	1.3029679093280502e-12	2.239820187795613e-12	X1
GGCGGTTTCCTCATCA	-2.807354922057604	4.1422259360400374e-14	7.91791191062939e-14	X1
GGTCAGGAGGACCGCT	-1.584962500721156	0.0966739522478214	0.1074269123385123	unknown
CATCCTTCATTAGCGC	-1.584962500721156	0.044313040057033834	0.04985472305080024	X1
TCAGTAATCTAGCTAA	-2.321928094887362	9.556787680138532e-16	2.1356227092357177e-15	X1
CTTAACAAGGTAACGA	-2.807354922057604	4.1422259360400374e-14	7.91791191062939e-14	X1
TTGTTGCGTATTCGTC	-1.8073549220576042	5.579544528625976e-10	8.284469704608276e-10	X1
CAATCCTGTCCTTCAG	-3.4594316186372973	2.756790387925026e-08	3.824929141867178e-08	X1
CGTGCACAGGTGTCCA	-2.807354922057604	1.6042818341220015e-19	7.283419635012658e-19	X1
AGTACGCGTACCGGAT	-2.584962500721156	4.1422259360400374e-14	7.91791191062939e-14	X1
ATATAGGCAGCAGGTA	2.0	9.157161244117683e-05	0.00011144738539251088	X0
ATTCAACCACCATATG	1.3219280948873622	2.1686833167108188e-09	3.137350440196232e-09	X0
CGCCTGTGTAAGGTCC	-1.8073549220576042	6.548999325035109e-12	1.0693048396261339e-11	X1
TAGGTTGGTTCCATTA	-3.321928094887362	1.2704266677461526e-16	3.218033375269829e-16	X1
GAGTTACTCCAAACAC	-2.0	2.818141017102701e-07	3.7604312442133894e-07	X1
TGACTCCTCATTGCAA	3.321928094887362	1.6610244897268262e-18	5.822729697591934e-18	X0
GTTCCCAGTTGTGATG	-3.807354922057604	1.363071866403019e-20	8.502363950314572e-20	X1
ACACTTAAGGCTATGT	1.1699250014423122	2.346206306321115e-06	3.0232744644007614e-06	X0
ACGTCCTTCGCCTAAG	-1.584962500721156	0.18410080866334788	0.2023975712117845	unknown
CGCATTTGTAATCCCT	-2.321928094887362	9.050013106514627e-08	1.228419758647018e-07	X1
AGCCTCCGTGCCTCAC	-2.4594316186372973	3.9845364322713306e-27	1.9452506862348638e-24	X1
TTTGCGGAGGCTGTGC	-1.584962500721156	0.38217671720133345	0.41102659716042955	unknown
CGTATTGCAGGTTATT	-2.807354922057604	6.26162256269268e-23	1.0840156507470095e-21	X1
TTGACTAAGGTGAAGC	-3.169925001442312	6.564907761017925e-15	1.3424970548431796e-14	X1
CAAACTGGTACCGTTT	1.584962500721156	0.1356265120369177	0.1499159166258639	unknown
GTAGGAGGTAATGGCC	-1.584962500721156	0.1356265120369177	0.1499159166258639	unknown
ATTTGCGCACTAGGTC	-3.700439718141092	6.26162256269268e-23	1.0840156507470095e-21	X1
ACCGGCTAGGTGCTGC	1.584962500721156	0.5397946186935895	0.573551362839982	unknown
CTCAGGATCGAGCTAT	-2.321928094887362	3.0739033075239876e-11	4.8429849227620825e-11	X1
TTGAGCTAGTTAACCA	-3.0	1.5316450877189923e-17	4.472183802777584e-17	X1
TAGGAACCATAGCTTG	3.321928094887362	3.224844447881771e-24	1.2299758276999067e-22	X0
AAGCGGGTCTCCATAT	-2.0	1.6080007647833168e-05	2.0063706935607818e-05	X1
GTTTGTCGTCAAGTAT	-2.0	6.289575008339427e-06	7.975507841743658e-06	X1
TTGTGAGGTGTCCTGC	3.700439718141092	1.6610244897268262e-18	5.822729697591934e-18	X0
TGAAGGATCTAATCAG	2.584962500721156	1.6042818341220015e-19	7.283419635012658e-19	X0
CTCATGCTCTTGCTAT	-2.584962500721156	6.548999325035109e-12	1.0693048396261339e-11	X1
CTTGCGCGTTTAACCC	-2.584962500721156	6.564907761017925e-15	1.3424970548431796e-14	X1
ATCGAGGCATTAGCCA	-3.807354922057604	1.363071866403019e-20	8.502363950314572e-20	X1
CCGTTTGGTCCGTGAG	-2.321928094887362	8.336813247250504e-07	1.0917468420889744e-06	X1
CTCACAACAGCACGTT	-1.0	0.0004368599184561862	0.0005205215071354787	X1
CGGACCTAGCACTAAC	-2.584962500721156	0.0017588208614850794	0.002060775226984838	X1
TTATCCGTCATTACTC	-2.321928094887362	2.1686833167108188e-09	3.137350440196232e-09	X1
GTTGCCCGTCACACCC	-2.807354922057604	9.556787680138532e-16	2.1356227092357177e-15	X1
GAACCTGTCCTAGTCC	-2.321928094887362	1.3513812610243942e-10	2.061271604766015e-10	X1
TGCGATTAGGAACGGT	-1.584962500721156	0.46020538130641053	0.49191125489809434	unknown
TTAGTCAAGGATCCGC	-0.5849625007211561	0.0004368599184561862	0.0005205215071354787	X1
ACTATCCGTAAGTCGC	-2.807354922057604	6.564907761017925e-15	1.3424970548431796e-14	X1
TTTGACTTCTCCTCAA	2.321928094887362	3.0739033075239876e-11	4.8429849227620825e-11	X0
GGTTAGCGTAGGTTTG	-3.321928094887362	1.3154334480650894e-25	1.437749125400097e-23	X1
TTGATGTCAACCGCCA	-2.0	1.6080007647833168e-05	2.0063706935607818e-05	X1
TGATGAACATTGTCAG	3.700439718141092	2.1686833167108188e-09	3.137350440196232e-09	X0
AACCGCTCAGTAGCCT	-2.321928094887362	6.289575008339427e-06	7.975507841743658e-06	X1
GATCGAGCAGGGAGGA	-2.321928094887362	3.0739033075239876e-11	4.8429849227620825e-11	X1
TTCCCGCCATAAGTTC	-2.0	6.289575008339427e-06	7.975507841743658e-06	X1
TAGGTTGGTCTTGCAT	-2.807354922057604	1.6610244897268262e-18	5.822729697591934e-18	X1
ATGCAAACAGTAGGTG	-3.4594316186372973	6.26162256269268e-23	1.0840156507470095e-21	X1
TTCGTGCTCAATCTAG	-2.584962500721156	1.3029679093280502e-12	2.239820187795613e-12	X1
ACAAAGGTCCTAGTCC	3.169925001442312	1.0029797609618065e-21	9.676970737184859e-21	X0
ACTTGAATCCTTCTAG	-1.584962500721156	0.6178232827986665	0.6536145478091064	unknown
ACCACATAGTCATCCC	1.8073549220576042	1.6042818341220015e-19	7.283419635012658e-19	X0
GCGCAATGTGAAGCCT	-2.584962500721156	1.3029679093280502e-12	2.239820187795613e-12	X1
CCTTACTCAGGATGGC	0.0	1.0	1.0	unknown
GGCTCAATCGATAACC	0.5849625007211561	0.044313040057033834	0.04985472305080024	X0
CGACAAGCAAGCTTTG	-1.584962500721156	0.9715560331795096	0.9954812971839302	unknown
TAGCTTGCAATAGTCT	-0.5849625007211561	0.0060164878626817395	0.0069340164649698425	X1
CTCCAAACAGGCAAGC	-2.321928094887362	9.050013106514627e-08	1.228419758647018e-07	X1
ATGGCCGGTTGCGGAT	-2.0	6.564907761017925e-15	1.3424970548431796e-14	X1
GGTTTGTAGGTCCACA	-2.807354922057604	2.346206306321115e-06	3.0232744644007614e-06	X1
GCTTAAATCTCACATT	-3.700439718141092	1.6610244897268262e-18	5.822729697591934e-18	X1
GCGCCTTGTGTAACCA	-1.0	0.01048936783892586	0.011996507993823844	X1
GTTAAGCTCTCCATGC	-2.321928094887362	9.050013106514627e-08	1.228419758647018e-07	X1
AGACACGCAAACATAG	-3.0	1.6042818341220015e-19	7.283419635012658e-19	X1
AGAGAGGAGCAAGGAC	-2.321928094887362	6.289575008339427e-06	7.975507841743658e-06	X1
ATCATCAAGTCATCCC	-1.584962500721156	0.998241179138515	1.0	unknown
ACATCATCAGGAATCG	-1.8073549220576042	2.1686833167108188e-09	3.137350440196232e-09	X1
TGTCCTGGTGAGAAAC	2.321928094887362	6.564907761017925e-15	1.3424970548431796e-14	X0
CGAAGGCCAACTAGCC	3.321928094887362	3.224844447881771e-24	1.2299758276999067e-22	X0
GATTACTCAAGGTAAC	3.4594316186372973	1.2704266677461526e-16	3.218033375269829e-16	X0
CAATAAGCAGCACGTT	-3.4594316186372973	6.26162256269268e-23	1.0840156507470095e-21	X1
GCTTAAATCAATTACG	-1.8073549220576042	1.3513812610243942e-10	2.061271604766015e-10	X1
AACCTCACAGTATGTT	3.0	9.556787680138532e-16	2.1356227092357177e-15	X0
CTAGGACGTCAAGTGC	-2.0	0.0004368599184561862	0.0005205215071354787	X1
GTGAGGAGTTACTTGC	2.0	9.157161244117683e-05	0.00011144738539251088	X0
GTCTATGCAGTAAGTA	-0.7369655941662061	0.0060164878626817395	0.0069340164649698425	X1
ATCGAGGCAATAGCCC	-2.807354922057604	3.0739033075239876e-11	4.8429849227620825e-11	X1
CTATGTTTCAAACTCA	-2.807354922057604	9.556787680138532e-16	2.1356227092357177e-15	X1
ACGAATCTCGAAGTGA	-2.584962500721156	9.556787680138532e-16	2.1356227092357177e-15	X1
CAAACATGTAATTAGC	-2.807354922057604	6.548999325035109e-12	1.0693048396261339e-11	X1
TCTACCTCAGCAACCT	2.321928094887362	7.952664236893068e-09	1.1284123271995337e-08	X0
ACCTGTTGTACGATTG	-2.321928094887362	9.050013106514627e-08	1.228419758647018e-07	X1
CGTGTGTCACAGAAAC	-2.321928094887362	2.818141017102701e-07	3.7604312442133894e-07	X1
ACCAAGCGTAACCACA	2.321928094887362	3.0739033075239876e-11	4.8429849227620825e-11	X0
GAGAACCAGGCGCTAC	2.807354922057604	2.4127107519685975e-13	4.369011087207231e-13	X0
GTCCATTGTTTCGCCA	-3.0	1.2704266677461526e-16	3.218033375269829e-16	X1
TGATCCTGTTTGCGAA	-3.0	9.556787680138532e-16	2.1356227092357177e-15	X1
CGCACACAGTAGGATG	-1.584962500721156	0.6178232827986665	0.6536145478091064	unknown
TCCGCCATCCGTGACA	1.584962500721156	0.46020538130641053	0.49191125489809434	unknown
TAGCTTGCACATGCTA	-1.584962500721156	0.8158991913366521	0.8516005955185724	unknown
CTCATTTAGAACCTAC	-2.807354922057604	6.26162256269268e-23	1.0840156507470095e-21	X1
ATGTCCACACGAATCC	-3.0	1.363071866403019e-20	8.502363950314572e-20	X1
CTATGTTTCCTGAATA	-4.523561956057013	1.0029797609618065e-21	9.676970737184859e-21	X1
ACTTATGAGTTACTTC	3.4594316186372973	1.363071866403019e-20	8.502363950314572e-20	X0
TGAGCCGGTCCTAATC	-3.0	1.2704266677461526e-16	3.218033375269829e-16	X1
GTAGGCGAGGTGTCCA	-2.0	0.00020438858371340761	0.0002460120970633274	X1
TCACGGATCAAACCTA	2.0	6.548999325035109e-12	1.0693048396261339e-11	X0
TTAGAAGCAATTAACC	-4.0	1.363071866403019e-20	8.502363950314572e-20	X1
GCGGAACCATGAAATG	-2.321928094887362	2.1686833167108188e-09	3.137350440196232e-09	X1
TTTCCTGAGCACAGAA	-2.0	0.003318560257963064	0.003849487845566849	X1
ATGGCTGTCCTCGATC	-2.584962500721156	9.556787680138532e-16	2.1356227092357177e-15	X1
CATTCATTCTCGACCT	2.584962500721156	3.0739033075239876e-11	4.8429849227620825e-11	X0
AAGCCACGTAACCACA	-1.584962500721156	0.9823998998911476	1.0	unknown
TTGGCTACACATTAAC	2.807354922057604	1.2704266677461526e-16	3.218033375269829e-16	X0
GGTGAGCCAGGCGATA	3.321928094887362	1.6042818341220015e-19	7.283419635012658e-19	X0
GTTACGCCATTGTCCT	-3.0	6.564907761017925e-15	1.3424970548431796e-14	X1
GCGCAAACAACAGGAT	-2.0	9.050013106514627e-08	1.228419758647018e-07	X1
CGGCCATAGTTTCCGC	3.169925001442312	1.5316450877189923e-17	4.472183802777584e-17	X0
GTACTGGTCTCAATGA	-3.9068905956085187	1.3513812610243942e-10	2.061271604766015e-10	X1
TACCAAATCTTAGCGG	-3.0	1.6610244897268262e-18	5.822729697591934e-18	X1
TTCATTCAGACCATAC	3.584962500721156	1.363071866403019e-20	8.502363950314572e-20	X0
TTGTTTGGTCATTGTC	-1.415037499278844	9.556787680138532e-16	2.1356227092357177e-15	X1
CTGTACCTCCAACTGG	-2.807354922057604	1.6610244897268262e-18	5.822729697591934e-18	X1
AAGGTCAAGCAAGATG	2.169925001442312	1.5316450877189923e-17	4.472183802777584e-17	X0
ACACCTTGTCGACTCC	3.0	1.3029679093280502e-12	2.239820187795613e-12	X0
TCTAACCGTAGCAGCT	2.584962500721156	4.1422259360400374e-14	7.91791191062939e-14	X0
GCGCTTAAGGCCTAAT	2.0	6.548999325035109e-12	1.0693048396261339e-11	X0
CCAACCAAGCTTATGA	-3.169925001442312	1.5316450877189923e-17	4.472183802777584e-17	X1
TGGTCAAGTTAGGTGC	-3.169925001442312	1.6610244897268262e-18	5.822729697591934e-18	X1
GTCCATTGTTTACCGT	-1.584962500721156	3.0739033075239876e-11	4.8429849227620825e-11	X1
ATTAGGTGTTCCTGTG	2.321928094887362	4.1422259360400374e-14	7.91791191062939e-14	X0
TGGTCCTTCACGAATC	-2.321928094887362	7.952664236893068e-09	1.1284123271995337e-08	X1
ACAACAACACTTACAG	3.321928094887362	4.1422259360400374e-14	7.91791191062939e-14	X0
GGACGGATCTCTAGCC	2.584962500721156	1.6080007647833168e-05	2.0063706935607818e-05	X0
TGGGCCTAGCGGATTT	3.807354922057604	1.363071866403019e-20	8.502363950314572e-20	X0
TGCATTAAGCCACATG	3.700439718141092	1.0029797609618065e-21	9.676970737184859e-21	X0
TAGTAACGTTAGGCTA	2.321928094887362	7.952664236893068e-09	1.1284123271995337e-08	X0
CTTCACTCAGTTTCTC	3.169925001442312	1.6610244897268262e-18	5.822729697591934e-18	X0
TTTCCGGGTACCGGAT	-1.0	2.346206306321115e-06	3.0232744644007614e-06	X1
CCTGATGAGTCAATCA	-1.584962500721156	0.9556869599429662	0.981556186207902	unknown
GATTCAATCACAGCCA	-3.4594316186372973	1.5316450877189923e-17	4.472183802777584e-17	X1
CACTAGCCATTATGCG	-2.0	0.00020438858371340761	0.0002460120970633274	X1
AAGTTTGTCCGCCTAT	-1.0	9.050013106514627e-08	1.228419758647018e-07	X1
GCACTTACACCTGGTG	-2.807354922057604	7.952664236893068e-09	1.1284123271995337e-08	X1
GCGGTTATCGAGCAAA	2.807354922057604	1.2704266677461526e-16	3.218033375269829e-16	X0
CCCATAACAAACAACA	-2.807354922057604	2.4127107519685975e-13	4.369011087207231e-13	X1
ACTTAGTCAACTAACT	3.321928094887362	1.3029679093280502e-12	2.239820187795613e-12	X0
GGGATTAAGCAGCTAT	-1.584962500721156	1.5316450877189923e-17	4.472183802777584e-17	X1
TTTATGGAGCAATAGG	1.0	2.1686833167108188e-09	3.137350440196232e-09	X0
GGATGAATCTAATTGG	2.807354922057604	1.2704266677461526e-16	3.218033375269829e-16	X0
AATAGAGGTCCTAACT	3.0	1.5316450877189923e-17	4.472183802777584e-17	X0
ATATGTCCATAGACTT	3.0	6.564907761017925e-15	1.3424970548431796e-14	X0
CAACAATGTGTAATAC	-1.584962500721156	0.5397946186935895	0.573551362839982	unknown
CACAGGCTCAATAGCC	3.169925001442312	6.564907761017925e-15	1.3424970548431796e-14	X0
GTTTACCGTCGACTCC	2.807354922057604	6.564907761017925e-15	1.3424970548431796e-14	X0
AGGTAACCAACTAGAA	-3.0	1.6610244897268262e-18	5.822729697591934e-18	X1
ACAAAGGTCGGCCATA	-3.321928094887362	1.2704266677461526e-16	3.218033375269829e-16	X1
CAGGCTATCATAACCA	-2.321928094887362	6.564907761017925e-15	1.3424970548431796e-14	X1
CAGGTTAGTCAACAAT	0.5849625007211561	0.003318560257963064	0.003849487845566849	X0
AGAGATTAGAAGGTGC	1.584962500721156	0.044313040057033834	0.04985472305080024	X0
CGTTGCGCATTGTGGC	-2.807354922057604	1.2704266677461526e-16	3.218033375269829e-16	X1
ATTGAAGCACCGGCTA	-3.169925001442312	1.6042818341220015e-19	7.283419635012658e-19	X1
AGAATCTGTGCTTTAC	-2.0	1.3029679093280502e-12	2.239820187795613e-12	X1
CGTCATTGTCAAGTAT	-2.0	0.0008949651957434264	0.001056728495393278	X1
GTACTGGTCTAAGGAG	-2.0	2.818141017102701e-07	3.7604312442133894e-07	X1
GATTATGTCGTGCTAG	2.584962500721156	9.556787680138532e-16	2.1356227092357177e-15	X0
AAAGGTTAGATAACCC	-3.169925001442312	5.579544528625976e-10	8.284469704608276e-10	X1
GTAAGCTTCAAACCGT	-2.0	9.157161244117683e-05	0.00011144738539251088	X1
AGGCAATCATTAAACC	0.4150374992788439	0.0966739522478214	0.1074269123385123	unknown
GCTGAGGAGGCTTAAC	-2.321928094887362	6.289575008339427e-06	7.975507841743658e-06	X1
ATTGCTCGTTTGGGTA	-0.3219280948873622	1.6080007647833168e-05	2.0063706935607818e-05	X1
CCGACAGGTCCGCTGT	-2.0	0.0966739522478214	0.1074269123385123	unknown
CACTAGCCACAGAAAC	2.807354922057604	1.2704266677461526e-16	3.218033375269829e-16	X0
TGTGTGAGTTTGTTGC	0.4150374992788439	0.0008949651957434264	0.001056728495393278	X0
GCAAGCCTCCTAAATG	-2.584962500721156	1.2704266677461526e-16	3.218033375269829e-16	X1
ACTTGTCGTGCTGTAA	1.584962500721156	0.06660530960360693	0.07444302231795079	unknown
GGTAATTGTTGTCATC	2.9068905956085187	1.6042818341220015e-19	7.283419635012658e-19	X0
TTTGCGGAGTCTTGAA	-3.321928094887362	1.363071866403019e-20	8.502363950314572e-20	X1
CGTTGCGCAGGTTCAC	-1.584962500721156	0.38217671720133345	0.41102659716042955	unknown
AAGGTATAGTAGCTTA	-2.0	6.289575008339427e-06	7.975507841743658e-06	X1
GCAAGTGCAGTAAGTA	-3.321928094887362	1.5316450877189923e-17	4.472183802777584e-17	X1
GAGTGATCATTAGGTT	-1.584962500721156	0.5397946186935895	0.573551362839982	unknown
CAAGGCCTCCGTGACA	-3.4594316186372973	9.556787680138532e-16	2.1356227092357177e-15	X1
ACAGTATGTCGCAAAC	-2.807354922057604	6.564907761017925e-15	1.3424970548431796e-14	X1
GAAAGGCTCAGGAACA	2.321928094887362	9.050013106514627e-08	1.228419758647018e-07	X0
TTTCTTGCACAACAGG	2.321928094887362	7.952664236893068e-09	1.1284123271995337e-08	X0
TCGGTTTGTGGGTACT	-1.0	3.925069822796835e-05	4.843013700478723e-05	X1
TACTCGCTCCGCTAGA	-0.7369655941662061	9.157161244117683e-05	0.00011144738539251088	X1
CTGCTCCCAGCAACAG	0.0	1.0	1.0	unknown
ACTCACCTCACTTCAT	-1.584962500721156	0.18410080866334788	0.2023975712117845	unknown
AGTTTGCAGGTAGCTT	-3.169925001442312	4.1422259360400374e-14	7.91791191062939e-14	X1
TTGTGCCTCCAAGTTA	-0.5849625007211561	0.24205920680364573	0.26354439063679713	unknown
AGGAACCAGGACTTAC	-2.584962500721156	3.0739033075239876e-11	4.8429849227620825e-11	X1
CCGCACACAGGACCAA	-2.584962500721156	1.3029679093280502e-12	2.239820187795613e-12	X1
GAACCGCTCTCCTCTT	-3.321928094887362	1.5316450877189923e-17	4.472183802777584e-17	X1
CCTGTAACACTTCACT	-2.321928094887362	6.289575008339427e-06	7.975507841743658e-06	X1
GTTCGCGCAATGAGGT	-2.807354922057604	1.5316450877189923e-17	4.472183802777584e-17	X1
CAAGGTAAGTTAGACC	-2.807354922057604	6.564907761017925e-15	1.3424970548431796e-14	X1
TTCAGCACATGTTGGC	-2.807354922057604	3.224844447881771e-24	1.2299758276999067e-22	X1
CCTAAGTAGTCACTAA	-2.584962500721156	3.0739033075239876e-11	4.8429849227620825e-11	X1
GTCCAGGGTTACCTGT	-2.0	1.6610244897268262e-18	5.822729697591934e-18	X1
CTCGCTCCAGGTTACC	-1.584962500721156	0.8643734879630823	0.8968272956012542	unknown
GCGAAGCCACAATACT	-3.169925001442312	1.6042818341220015e-19	7.283419635012658e-19	X1
TGCATCCTCTTCAATC	-1.584962500721156	0.9033260477521786	0.9326176015352042	unknown
GGCCTCTGTAGACAAA	3.321928094887362	1.0029797609618065e-21	9.676970737184859e-21	X0
GGTCGGTTCAAGCTAC	-2.0	3.925069822796835e-05	4.843013700478723e-05	X1
GAGGAGGCATTGACAT	-2.807354922057604	1.3029679093280502e-12	2.239820187795613e-12	X1
TGACTTCGTGAGGTAG	2.807354922057604	6.548999325035109e-12	1.0693048396261339e-11	X0
CTCCCTGAGTAACGAG	-2.584962500721156	6.26162256269268e-23	1.0840156507470095e-21	X1
CTGGTAAGTAGGATTT	-2.807354922057604	9.556787680138532e-16	2.1356227092357177e-15	X1
GTACTAATCAGGATGA	-3.700439718141092	6.564907761017925e-15	1.3424970548431796e-14	X1
GTCTATCGTATTGGAT	2.584962500721156	2.346206306321115e-06	3.0232744644007614e-06	X0
ATTGCACAGCTGTCAG	-3.321928094887362	1.6610244897268262e-18	5.822729697591934e-18	X1
ATTAGTCCAGCTTAGC	3.0	6.564907761017925e-15	1.3424970548431796e-14	X0
TAGTCAATCACAAGCT	-2.321928094887362	4.1422259360400374e-14	7.91791191062939e-14	X1
GAGGTGAGTTGTGACA	-3.584962500721156	1.6610244897268262e-18	5.822729697591934e-18	X1
TCGTTACGTGTCACGG	-1.0	0.1356265120369177	0.1499159166258639	unknown
CTGACCAAGTCTGGGC	3.0	1.2704266677461526e-16	3.218033375269829e-16	X0
GAACCTGTCATGAAGG	-2.0	3.925069822796835e-05	4.843013700478723e-05	X1
AGTTGTCAGTTATGGC	-1.8073549220576042	1.2704266677461526e-16	3.218033375269829e-16	X1
CTGGACCAGTAGCGGG	-2.807354922057604	6.564907761017925e-15	1.3424970548431796e-14	X1
TTGGCTGAGCTATTAG	1.584962500721156	0.7579407931963542	0.7938215715928063	unknown
CACGCTAAGCGCTCAA	2.0	9.157161244117683e-05	0.00011144738539251088	X0
TTACACCGTGTGTCCC	-2.321928094887362	8.336813247250504e-07	1.0917468420889744e-06	X1
AGATGCTTCACAGGAA	-2.321928094887362	2.1686833167108188e-09	3.137350440196232e-09	X1
ATGACTCAGCGGATTT	1.584962500721156	0.24205920680364573	0.26354439063679713	unknown
AAAGCGGGTCATTGTC	-1.584962500721156	0.9333946903963931	0.9604115944601358	unknown
AGTGGACAGTTTCCGC	2.321928094887362	2.756790387925026e-08	3.824929141867178e-08	X0
ACGAAGTCAGTTTGGC	1.222392421336448	4.1422259360400374e-14	7.91791191062939e-14	X0
TCCGGTTTCTGTGCCT	-1.0	0.0004368599184561862	0.0005205215071354787	X1
AATTGGGAGCTCCCTG	-3.584962500721156	1.6610244897268262e-18	5.822729697591934e-18	X1
CATCGCTTCGAGCAAA	-1.584962500721156	0.24205920680364573	0.26354439063679713	unknown
AGCCTCCGTGAAGCCT	-3.169925001442312	6.564907761017925e-15	1.3424970548431796e-14	X1
CCCTCATAGTTTGGTA	2.584962500721156	1.3029679093280502e-12	2.239820187795613e-12	X0
CGCATTTGTGGTTAGC	-1.584962500721156	0.30864970679462606	0.33430584275359365	unknown
GATTGATGTGCTCACC	1.3219280948873622	0.0060164878626817395	0.0069340164649698425	X0
ATTTGCGCATGATTGT	-3.584962500721156	5.579544528625976e-10	8.284469704608276e-10	X1
CTAGGCGGTTGCTTCG	-2.0	6.564907761017925e-15	1.3424970548431796e-14	X1
TACAACATCCAGGAAA	-3.169925001442312	1.5316450877189923e-17	4.472183802777584e-17	X1
CAGGTGGAGCTCAATA	-3.0	2.1686833167108188e-09	3.137350440196232e-09	X1
ATAGCATGTGTTGTAG	-2.9068905956085187	1.6610244897268262e-18	5.822729697591934e-18	X1
AAGTTACGTGCATTAG	2.0	2.756790387925026e-08	3.824929141867178e-08	X0
CTAGCGGGTACTTCAC	-2.321928094887362	2.1686833167108188e-09	3.137350440196232e-09	X1
AAACATGCAGCCTTGG	-2.584962500721156	1.6080007647833168e-05	2.0063706935607818e-05	X1
ACTTGCACATTAAACC	-0.5849625007211561	0.8158991913366521	0.8516005955185724	unknown
TGAGGAGGTCACCAAA	-2.807354922057604	3.0739033075239876e-11	4.8429849227620825e-11	X1
CCGTTACTCATGCATA	0.0	1.0	1.0	unknown
AAAGCGGGTTGTGATG	-3.584962500721156	1.6610244897268262e-18	5.822729697591934e-18	X1
GAACCGCTCTAATCAG	3.4594316186372973	1.6610244897268262e-18	5.822729697591934e-18	X0
CCTATTTAGTAGCGCC	-1.584962500721156	0.38217671720133345	0.41102659716042955	unknown
AACGGTAAGGCCTTAG	-2.584962500721156	2.1686833167108188e-09	3.137350440196232e-09	X1
ACGAGTAAGCACGTTG	2.0	2.1686833167108188e-09	3.137350440196232e-09	X0
TAAGCTATCATAGACC	2.321928094887362	6.548999325035109e-12	1.0693048396261339e-11	X0
AGTACGCGTTTATCGC	-2.321928094887362	3.0739033075239876e-11	4.8429849227620825e-11	X1
GATAAGCCAAGGTGCA	-3.4594316186372973	1.0029797609618065e-21	9.676970737184859e-21	X1
GACCTGATCCTTGCAC	-2.0	9.157161244117683e-05	0.00011144738539251088	X1
TCCGGAATCAGCAAAG	-2.321928094887362	5.579544528625976e-10	8.284469704608276e-10	X1
TCCTCACAGTTAGTGC	-3.169925001442312	9.556787680138532e-16	2.1356227092357177e-15	X1
AATAGCTGTACGCGCA	-2.584962500721156	6.548999325035109e-12	1.0693048396261339e-11	X1
TAAACAGCACAACAGG	-2.321928094887362	6.548999325035109e-12	1.0693048396261339e-11	X1
GTCGCAATCTCCTCAA	1.584962500721156	0.18410080866334788	0.2023975712117845	unknown
CTCAGGATCGGTTACG	-2.0	0.00020438858371340761	0.0002460120970633274	X1
CATCCTCAGCATTAGC	-2.584962500721156	6.548999325035109e-12	1.0693048396261339e-11	X1
CTTAGGAGTAGTTACG	-3.0	1.2704266677461526e-16	3.218033375269829e-16	X1
GTTAAGCTCCTAGTCC	-2.584962500721156	6.548999325035109e-12	1.0693048396261339e-11	X1
GTTTGCTGTTTGGCGG	-2.0	2.346206306321115e-06	3.0232744644007614e-06	X1
GCCTTAACAATGCGCT	-1.8073549220576042	1.3029679093280502e-12	2.239820187795613e-12	X1
CCAATATCATAAGTTC	-2.0	2.4127107519685975e-13	4.369011087207231e-13	X1
CAACAGGCAGGCCATT	-2.321928094887362	2.818141017102701e-07	3.7604312442133894e-07	X1
ACACTAATCTGTGAGT	4.169925001442312	1.5316450877189923e-17	4.472183802777584e-17	X0
GCTAAGCGTGTGTCCC	2.584962500721156	6.548999325035109e-12	1.0693048396261339e-11	X0
TATGACTCAATAATCC	-2.169925001442312	6.26162256269268e-23	1.0840156507470095e-21	X1
TCTCAATTCTTTAAGG	-1.584962500721156	0.8643734879630823	0.8968272956012542	unknown
TAGTGTGGTAGGTGTC	1.584962500721156	2.4127107519685975e-13	4.369011087207231e-13	X0
CTCACACTCGTCCTTA	-1.584962500721156	0.0004368599184561862	0.0005205215071354787	X1
CGATTATCAATCATGT	-4.807354922057604	0.0008949651957434264	0.001056728495393278	X1
ACTCAGTAGTTTGGGT	-0.8073549220576042	2.346206306321115e-06	3.0232744644007614e-06	X1
TTGCTTTAGTCAGGCC	-1.584962500721156	0.9966814397420369	1.0	unknown
ATTTGTGAGGCCAATT	2.4594316186372973	6.548999325035109e-12	1.0693048396261339e-11	X0
GGTCCATCAGGTATTT	2.584962500721156	1.3513812610243942e-10	2.061271604766015e-10	X0
ATCACCCTCCTCCTAA	-0.4150374992788439	0.06660530960360693	0.07444302231795079	unknown
TTAGGAACACCAGGTT	-3.700439718141092	1.5316450877189923e-17	4.472183802777584e-17	X1
ACCTAAATCTAAGGTC	-1.7004397181410922	1.6042818341220015e-19	7.283419635012658e-19	X1
TATGACTCATAAGTCT	2.169925001442312	1.2704266677461526e-16	3.218033375269829e-16	X0
GCGATTTAGAGGAAGG	2.807354922057604	1.6042818341220015e-19	7.283419635012658e-19	X0
TAGCGGCTCACAGCGC	2.0	2.346206306321115e-06	3.0232744644007614e-06	X0
ATGCCTGAGCCTGTTC	2.0	0.0017588208614850794	0.002060775226984838	X0
GTCTTTGTCAAGCTAC	2.0	2.346206306321115e-06	3.0232744644007614e-06	X0
AAGCGCTGTGCAATAT	-1.584962500721156	0.044313040057033834	0.04985472305080024	X1
GCTATAGGTCACTCGC	-2.321928094887362	6.548999325035109e-12	1.0693048396261339e-11	X1
AGCTACGTCAAGCTTA	-1.584962500721156	0.30864970679462606	0.33430584275359365	unknown
CCAACCAAGTCCTGAG	1.584962500721156	0.8158991913366521	0.8516005955185724	unknown
ATGTCAATCACTAATG	3.0	1.363071866403019e-20	8.502363950314572e-20	X0
GTGCACGGTAATCGGC	-2.584962500721156	9.157161244117683e-05	0.00011144738539251088	X1
AATAGAGGTAACCACA	2.807354922057604	4.1422259360400374e-14	7.91791191062939e-14	X0
TATGACATCCGGGACT	-2.700439718141092	1.6042818341220015e-19	7.283419635012658e-19	X1
ACTAACGGTAATTAGC	-3.087462841250339	1.6042818341220015e-19	7.283419635012658e-19	X1
CGTTATTTCAGTTCCC	-2.807354922057604	1.5316450877189923e-17	4.472183802777584e-17	X1
GTTAATGTCGGTACGC	-2.0	1.6080007647833168e-05	2.0063706935607818e-05	X1
GGCTCAATCGCATCCT	-2.321928094887362	1.3029679093280502e-12	2.239820187795613e-12	X1
AGTCAGGCAGCACGTT	1.584962500721156	0.30864970679462606	0.33430584275359365	unknown
CGCGATTCATAGCTTG	-3.4594316186372973	1.0029797609618065e-21	9.676970737184859e-21	X1
GGAAACTCATTGTGGC	-2.807354922057604	1.6610244897268262e-18	5.822729697591934e-18	X1
AGTTTGCAGTCACCAG	-1.736965594166206	1.363071866403019e-20	8.502363950314572e-20	X1
GAACTTATCTAACTGA	-2.584962500721156	6.548999325035109e-12	1.0693048396261339e-11	X1
TTTAAGGTCCAAATCA	1.584962500721156	0.46020538130641053	0.49191125489809434	unknown
ACACTAATCGTGCCTT	-2.584962500721156	2.4127107519685975e-13	4.369011087207231e-13	X1
AATGAAGGTGATCAGC	-3.321928094887362	1.6042818341220015e-19	7.283419635012658e-19	X1
CGCTGTGCAGGCTTGT	1.584962500721156	0.18410080866334788	0.2023975712117845	unknown
CGGCCATAGGTGAGAC	-1.3219280948873622	1.3513812610243942e-10	2.061271604766015e-10	X1
AGAAACTAGTGAACAG	-2.321928094887362	7.952664236893068e-09	1.1284123271995337e-08	X1
TACTCGCTCACAGGAA	-0.2630344058337939	8.336813247250504e-07	1.0917468420889744e-06	X1
CTCATTTAGTGAACAG	2.321928094887362	9.050013106514627e-08	1.228419758647018e-07	X0
CGGATTAGTTGTAAAC	-1.584962500721156	0.7579407931963542	0.7938215715928063	unknown
AAGCGTTTCAGAAACG	-2.807354922057604	2.1686833167108188e-09	3.137350440196232e-09	X1
TCACCTGGTCAGGCAT	2.584962500721156	1.3029679093280502e-12	2.239820187795613e-12	X0
TTTCTTGCACCTGGTG	-2.321928094887362	8.336813247250504e-07	1.0917468420889744e-06	X1
TCTATGTTCAGGGCCT	-2.807354922057604	4.1422259360400374e-14	7.91791191062939e-14	X1
CTCTCACAGGAGTCGG	-2.584962500721156	1.3513812610243942e-10	2.061271604766015e-10	X1
CCGTTGCGTCCTGATT	2.0	2.818141017102701e-07	3.7604312442133894e-07	X0
GGCGGTTTCAGGAAGC	-2.321928094887362	1.363071866403019e-20	8.502363950314572e-20	X1
TACGTACAGTAAACCC	3.0	6.548999325035109e-12	1.0693048396261339e-11	X0
ACCAGGCTCCAGGTTG	3.0	1.3513812610243942e-10	2.061271604766015e-10	X0
ACGCTTGAGCAAGGTA	-2.584962500721156	9.050013106514627e-08	1.228419758647018e-07	X1
AGCTTCCTCGGTTACG	-3.169925001442312	3.224844447881771e-24	1.2299758276999067e-22	X1
AGCTATATCCCGTTGT	-3.807354922057604	1.6042818341220015e-19	7.283419635012658e-19	X1
CGTAATGGTTAAGCGC	-1.8073549220576042	9.556787680138532e-16	2.1356227092357177e-15	X1
AGCGGACCAGGCTGTT	1.584962500721156	0.24205920680364573	0.26354439063679713	unknown
GGATAACCAGCCTGCA	2.0	9.157161244117683e-05	0.00011144738539251088	X0
CCTTCGTAGTCCTGAG	-3.0	1.6610244897268262e-18	5.822729697591934e-18	X1
GGCGCTAGTTACGCAA	2.0	0.00020438858371340761	0.0002460120970633274	X0
GTCTATCGTGCGCATG	-2.321928094887362	1.3029679093280502e-12	2.239820187795613e-12	X1
CAAGAACCACCTGGTG	-2.0	3.925069822796835e-05	4.843013700478723e-05	X1
AAGGTCAAGCCTGATG	3.700439718141092	1.5316450877189923e-17	4.472183802777584e-17	X0
AGCTCATAGTCGCTAG	-3.321928094887362	6.26162256269268e-23	1.0840156507470095e-21	X1
CTTAAGGGTAAACAAG	-3.321928094887362	4.1422259360400374e-14	7.91791191062939e-14	X1
CGGAATCGTTTGACCT	-2.0	3.925069822796835e-05	4.843013700478723e-05	X1
CGACTAAGTTTGAGCA	-1.3219280948873622	2.346206306321115e-06	3.0232744644007614e-06	X1
GGTAAGGGTCGTAAAT	-3.700439718141092	6.26162256269268e-23	1.0840156507470095e-21	X1
TGCAATATCTTTAAGG	-2.321928094887362	2.346206306321115e-06	3.0232744644007614e-06	X1
CCGTTAACAGCTTAGC	2.807354922057604	6.564907761017925e-15	1.3424970548431796e-14	X0
ATGCCTGAGTAACGAG	-2.321928094887362	6.289575008339427e-06	7.975507841743658e-06	X1
CGTTTGGAGGCGCATC	-0.3219280948873622	0.0060164878626817395	0.0069340164649698425	X1
TCAAGGTTCGATTCTT	-3.4594316186372973	1.6042818341220015e-19	7.283419635012658e-19	X1
AGGCCCAGTGTGCAAC	3.700439718141092	1.3154334480650894e-25	1.437749125400097e-23	X0
TAAGCCAGTGTTGTAG	2.807354922057604	4.1422259360400374e-14	7.91791191062939e-14	X0
ACGCCTTTCTAATCCT	-2.807354922057604	1.363071866403019e-20	8.502363950314572e-20	X1
TAGCAGGCATGACTAT	-3.169925001442312	1.2704266677461526e-16	3.218033375269829e-16	X1
ATGCCTGAGTCCTTTG	-2.321928094887362	1.3513812610243942e-10	2.061271604766015e-10	X1
TTGGATCAGACCATAC	-1.584962500721156	0.0966739522478214	0.1074269123385123	unknown
ATAGCATGTTGTCCAT	3.169925001442312	9.556787680138532e-16	2.1356227092357177e-15	X0
TCCATCATCAGGATGA	-2.0	8.336813247250504e-07	1.0917468420889744e-06	X1
GCTAAGCGTGCATCGG	2.0	1.6080007647833168e-05	2.0063706935607818e-05	X0
TCCAGCAAGTCTTGAA	2.584962500721156	4.1422259360400374e-14	7.91791191062939e-14	X0
TTTGAGTCAGCACCAT	-3.0	1.0029797609618065e-21	9.676970737184859e-21	X1
CGTTATCGTTACGCGG	2.584962500721156	1.2704266677461526e-16	3.218033375269829e-16	X0
ATTCAACCAGCAAGTG	2.321928094887362	6.548999325035109e-12	1.0693048396261339e-11	X0
GTCGCAATCGGCCAGT	0.5849625007211561	0.7579407931963542	0.7938215715928063	unknown
TCATTTGGTTCCGGCT	2.0	1.6042818341220015e-19	7.283419635012658e-19	X0
GTCTTGCTCCAAACAC	-1.8073549220576042	1.3513812610243942e-10	2.061271604766015e-10	X1
CAGCTCAAGAACCTAC	-2.321928094887362	1.3029679093280502e-12	2.239820187795613e-12	X1
TCCCGGACAGCAACCT	3.9068905956085187	6.26162256269268e-23	1.0840156507470095e-21	X0
GGGCATTGTTACCTGT	-2.321928094887362	9.556787680138532e-16	2.1356227092357177e-15	X1
ATGTCAATCATGAAGG	3.0	1.6610244897268262e-18	5.822729697591934e-18	X0
TGAGCACGTGCATCGG	1.584962500721156	0.0966739522478214	0.1074269123385123	unknown
ATTGGCTAGTACCGCA	1.9068905956085187	1.6610244897268262e-18	5.822729697591934e-18	X0
GGACCTCAGCTATTAG	1.1375035237499351	2.4127107519685975e-13	4.369011087207231e-13	X0
CGTGCTTTCATGACCG	-3.169925001442312	1.5316450877189923e-17	4.472183802777584e-17	X1
GCGTAACGTCCGCTGT	-2.584962500721156	1.363071866403019e-20	8.502363950314572e-20	X1
CTTTAGGCAGGAACCA	-3.9068905956085187	1.6042818341220015e-19	7.283419635012658e-19	X1
CAACCCGCATCTTGAG	2.807354922057604	2.4127107519685975e-13	4.369011087207231e-13	X0
GTAGTTATCCGCCTCA	2.807354922057604	1.2704266677461526e-16	3.218033375269829e-16	X0
GTCATGCCATTAAAGG	-2.807354922057604	1.2704266677461526e-16	3.218033375269829e-16	X1
GTCATGAGTCAAGACC	-3.321928094887362	1.6610244897268262e-18	5.822729697591934e-18	X1
GCACGCTAGGAGGTTA	3.321928094887362	6.564907761017925e-15	1.3424970548431796e-14	X0
CCTTACTCACCTATAG	-2.584962500721156	6.548999325035109e-12	1.0693048396261339e-11	X1
GCGATATTCCCTGTTA	1.3219280948873622	3.925069822796835e-05	4.843013700478723e-05	X0
GTCGAAGCACTGGCCA	3.169925001442312	1.2704266677461526e-16	3.218033375269829e-16	X0
GGTGTGACACCGTTCC	0.4150374992788439	0.8643734879630823	0.8968272956012542	unknown
CTTGGACCAGACAAAC	-2.0	0.017600100108852396	0.02004128955016733	X1
CAAAGTGAGCGAGTAA	2.807354922057604	1.3513812610243942e-10	2.061271604766015e-10	X0
CGTAACCCAACCGCCA	3.584962500721156	1.6042818341220015e-19	7.283419635012658e-19	X0
AAACCGGCAAAGCTAA	-4.0	1.2704266677461526e-16	3.218033375269829e-16	X1
GCTTTATTCAGCATTA	2.807354922057604	3.0739033075239876e-11	4.8429849227620825e-11	X0
TTCAGCACAAACCTAT	2.807354922057604	4.1422259360400374e-14	7.91791191062939e-14	X0
GATCAGGCAGCAACCT	-2.807354922057604	9.556787680138532e-16	2.1356227092357177e-15	X1
TGGCCTGCAGGCTTGT	-2.169925001442312	1.6610244897268262e-18	5.822729697591934e-18	X1
GGAAGCTAGTGAGGGT	-0.5849625007211561	0.028443966820490392	0.032198974961578475	X1
CTGCTCCCAGAGGGAG	2.0	0.017600100108852396	0.02004128955016733	X0
TTGGGCGGTTGAAGCC	-3.321928094887362	1.6042818341220015e-19	7.283419635012658e-19	X1
CCTCCTGAGTCAGTAC	3.700439718141092	1.363071866403019e-20	8.502363950314572e-20	X0
CTAAAGCTCGGCTATG	-2.321928094887362	6.548999325035109e-12	1.0693048396261339e-11	X1
GCTCCTTAGCCGCAGT	-2.584962500721156	2.4127107519685975e-13	4.369011087207231e-13	X1
CATATCGCAGGAAGCC	-2.0	2.346206306321115e-06	3.0232744644007614e-06	X1
TGTTCATTCATTATGG	-1.584962500721156	0.8643734879630823	0.8968272956012542	unknown
GCTGGATGTGTTTGTC	2.321928094887362	2.346206306321115e-06	3.0232744644007614e-06	X0
AACATCATCATTGCAA	-2.584962500721156	0.00020438858371340761	0.0002460120970633274	X1
GGTTCCCGTGATTACG	-1.584962500721156	6.564907761017925e-15	1.3424970548431796e-14	X1
GGATTGCGTTAAGCGC	-1.3219280948873622	3.0739033075239876e-11	4.8429849227620825e-11	X1
GGCAATCGTGCTAGCG	-2.321928094887362	2.1686833167108188e-09	3.137350440196232e-09	X1
ATTGACTCATGTTGCA	1.3219280948873622	0.8643734879630823	0.8968272956012542	unknown
CTAACCACAATAGCCC	1.584962500721156	0.38217671720133345	0.41102659716042955	unknown
GAGGCCTTCGACAAAG	2.0	0.00020438858371340761	0.0002460120970633274	X0
GGTAACCGTTTACCGT	1.0	2.818141017102701e-07	3.7604312442133894e-07	X0
CAGTACCCATATTGAC	-1.584962500721156	1.2704266677461526e-16	3.218033375269829e-16	X1
CAAACATGTTGCGCGA	-2.807354922057604	5.579544528625976e-10	8.284469704608276e-10	X1
GTAAGGTCATGAGCAG	-3.169925001442312	1.5316450877189923e-17	4.472183802777584e-17	X1
TCGTCAACAGCCAGAA	-2.0	9.157161244117683e-05	0.00011144738539251088	X1
CTAGCTTGTGAGCGAA	-2.807354922057604	4.1422259360400374e-14	7.91791191062939e-14	X1
AACCTCCTCGCTAAAC	-1.584962500721156	0.6178232827986665	0.6536145478091064	unknown
GTTGGAGCAAGTGTTT	-3.321928094887362	1.5316450877189923e-17	4.472183802777584e-17	X1
TGTGATCAGGATTGAG	-2.321928094887362	2.1686833167108188e-09	3.137350440196232e-09	X1
CCTATATTCATCGTTT	-3.700439718141092	1.5316450877189923e-17	4.472183802777584e-17	X1
GGGTTACGTATCTGGA	1.3219280948873622	9.157161244117683e-05	0.00011144738539251088	X0
AGCTTTAAGTAGCGCC	1.584962500721156	0.6178232827986665	0.6536145478091064	unknown
TACGTTAAGCGCCTTT	-2.584962500721156	5.579544528625976e-10	8.284469704608276e-10	X1
ACGACTTAGTTAGACC	2.584962500721156	6.548999325035109e-12	1.0693048396261339e-11	X0
GCTTGTTGTAGGATCC	-2.584962500721156	1.2704266677461526e-16	3.218033375269829e-16	X1
CTTTAGTTCACTAAGC	-1.3219280948873622	5.579544528625976e-10	8.284469704608276e-10	X1
AAGACATAGCAAGACA	-2.0	1.6080007647833168e-05	2.0063706935607818e-05	X1
TTCCTCAAGATAGACG	-3.9068905956085187	6.26162256269268e-23	1.0840156507470095e-21	X1
ATAGATGCATTATGAC	-3.321928094887362	1.6042818341220015e-19	7.283419635012658e-19	X1
TTAGCTGCAGGTTAAA	-3.0	1.3029679093280502e-12	2.239820187795613e-12	X1
AACAGGATCGTAATCA	2.0	0.0004368599184561862	0.0005205215071354787	X0
TGACCAAGTACCGAAC	-3.700439718141092	1.0029797609618065e-21	9.676970737184859e-21	X1
ACCAAGTTCATTGCGG	-1.584962500721156	0.6913502932053739	0.7283496183488639	unknown
TTTCCACCAGCGCTTG	0.0	1.0	1.0	unknown
CATCCCAGTAGGATCC	-1.584962500721156	0.38217671720133345	0.41102659716042955	unknown
AATTTCCTCGGTTTCC	-2.584962500721156	9.556787680138532e-16	2.1356227092357177e-15	X1
GGTGATTTCAAACCTA	2.321928094887362	1.3029679093280502e-12	2.239820187795613e-12	X0
CCTTGCGTCTAAGTCA	-3.169925001442312	1.6042818341220015e-19	7.283419635012658e-19	X1
AGGCAATCAGGCCAAA	-1.584962500721156	0.9823998998911476	1.0	unknown
AGCTAGTTCGTTTCTG	2.4594316186372973	1.2704266677461526e-16	3.218033375269829e-16	X0
CATAGCTAGTCATTGA	-2.0	0.003318560257963064	0.003849487845566849	X1
CCAAGGCTCGTTAACA	1.584962500721156	0.9999839199923521	1.0	unknown
CAGGTTTAGGTCGAGG	-3.807354922057604	6.564907761017925e-15	1.3424970548431796e-14	X1
TGCTTTAGTGGTTAGC	-1.8073549220576042	6.564907761017925e-15	1.3424970548431796e-14	X1
TGAGGCACACTCGCTC	-2.0	6.289575008339427e-06	7.975507841743658e-06	X1
CCATTGTGTCATGCAA	-2.584962500721156	2.1686833167108188e-09	3.137350440196232e-09	X1
AATAGCTGTTGCAATG	-0.5849625007211561	0.38217671720133345	0.41102659716042955	unknown
GAGTAATAGAACAAGT	1.584962500721156	0.24205920680364573	0.26354439063679713	unknown
CACATTAAGCCGCTAA	2.807354922057604	4.1422259360400374e-14	7.91791191062939e-14	X0
ACAACAACAAACGGGC	2.0	0.003318560257963064	0.003849487845566849	X0
GCTGACCAGCTTAACA	-2.584962500721156	2.4127107519685975e-13	4.369011087207231e-13	X1
TCAAGTATCCCAGTAG	4.087462841250339	1.363071866403019e-20	8.502363950314572e-20	X0
GTCCTCAGTAATAGCT	0.5849625007211561	1.6080007647833168e-05	2.0063706935607818e-05	X0
ACATCATCAGCTACGT	-3.0	1.2704266677461526e-16	3.218033375269829e-16	X1
CCAGCTAAGTAACAGG	-2.0	1.6080007647833168e-05	2.0063706935607818e-05	X1
GCCTCGACACCGGCTA	3.169925001442312	1.6610244897268262e-18	5.822729697591934e-18	X0
GGTTACTAGGCTAAGA	-1.584962500721156	0.9033260477521786	0.9326176015352042	unknown
GAGCTTAGTGGTGAGA	2.807354922057604	6.548999325035109e-12	1.0693048396261339e-11	X0
ACGAGTAAGTTAGTTG	3.4594316186372973	6.26162256269268e-23	1.0840156507470095e-21	X0
TTGCGTCTCGTAACGT	-2.0	0.01048936783892586	0.011996507993823844	X1
GTGCTGATCTTGCAAA	-1.0	0.003318560257963064	0.003849487845566849	X1
TTTCCTGAGAAACTGG	3.321928094887362	1.6042818341220015e-19	7.283419635012658e-19	X0
ACCAGGGAGAACCTGT	-2.0	2.346206306321115e-06	3.0232744644007614e-06	X1
TTTGACCGTCACAGAC	-2.321928094887362	3.0739033075239876e-11	4.8429849227620825e-11	X1
GCACCTAAGTTAGCTA	-2.584962500721156	9.556787680138532e-16	2.1356227092357177e-15	X1
GAGAGGCGTGGATGTC	-2.584962500721156	6.564907761017925e-15	1.3424970548431796e-14	X1
TTCGTGCTCATTGTTC	-2.321928094887362	0.0004368599184561862	0.0005205215071354787	X1
TCTCCTCGTGATTACG	-3.169925001442312	6.564907761017925e-15	1.3424970548431796e-14	X1
GGTCCTGCAAGGTACG	0.2630344058337939	0.1356265120369177	0.1499159166258639	unknown
GTTTCTAGTCCGCTGT	-2.0	0.01048936783892586	0.011996507993823844	X1
ACGCACGGTGAGCGAA	2.0	2.818141017102701e-07	3.7604312442133894e-07	X0
TCATACTTCTTAAGTG	-2.807354922057604	2.4127107519685975e-13	4.369011087207231e-13	X1
TTGTGAGGTTGGTTCT	2.807354922057604	1.2704266677461526e-16	3.218033375269829e-16	X0
AGTGATGAGGCTGGCT	-2.584962500721156	1.6042818341220015e-19	7.283419635012658e-19	X1
CGGCAATGTAATAGCT	-1.584962500721156	0.24205920680364573	0.26354439063679713	unknown
GCAATAGAGAGCAAGC	1.584962500721156	0.9033260477521786	0.9326176015352042	unknown
AAGGAAGCAAACCTAT	2.169925001442312	0.5397946186935895	0.573551362839982	unknown
TTTCACCCAACAGCCT	1.222392421336448	2.1686833167108188e-09	3.137350440196232e-09	X0
GGGAATATCGTGCCTT	-1.584962500721156	0.24205920680364573	0.26354439063679713	unknown
GCTTGTTGTAAAGCGG	-2.321928094887362	1.3513812610243942e-10	2.061271604766015e-10	X1
CTTAACAAGTTAGAGG	-4.0	1.6042818341220015e-19	7.283419635012658e-19	X1
AGAGAGGAGACTATTG	3.0	1.5316450877189923e-17	4.472183802777584e-17	X0
GTGAACAAGATGCCTG	-3.169925001442312	1.0029797609618065e-21	9.676970737184859e-21	X1
TCCGGTTTCAAGCGCC	-3.700439718141092	1.6042818341220015e-19	7.283419635012658e-19	X1
AATGAAGGTAACGAGG	1.584962500721156	0.8158991913366521	0.8516005955185724	unknown
GACCGAACATATTGAC	-2.0	3.925069822796835e-05	4.843013700478723e-05	X1
GCTGAGGAGGTTTGCG	-2.0	1.3513812610243942e-10	2.061271604766015e-10	X1
GCTATTGCAAAGCGCA	-2.321928094887362	2.346206306321115e-06	3.0232744644007614e-06	X1
CCCAGTTTCTCCATGC	-1.584962500721156	1.6042818341220015e-19	7.283419635012658e-19	X1
CCTCAATGTGGATGTC	-3.0	1.2704266677461526e-16	3.218033375269829e-16	X1
CTGTAACAGCACAGGG	-2.807354922057604	2.4127107519685975e-13	4.369011087207231e-13	X1
TGGTCCTTCATGTCAA	3.807354922057604	1.0029797609618065e-21	9.676970737184859e-21	X0
TTAAGTGTCCTCCTAA	2.0	1.5316450877189923e-17	4.472183802777584e-17	X0
GTTAAACGTGTGAGAG	-3.321928094887362	1.6042818341220015e-19	7.283419635012658e-19	X1
CTACCGGCACCTCGCT	1.0	2.756790387925026e-08	3.824929141867178e-08	X0
AGCTAAACAGGAACCA	-3.0	9.556787680138532e-16	2.1356227092357177e-15	X1
ATACCTGCAGGCGATA	2.584962500721156	2.4127107519685975e-13	4.369011087207231e-13	X0
GAGTGTTTCTAGCGTG	-2.0	0.30864970679462606	0.33430584275359365	unknown
GATCGCTCATTATGGT	-1.584962500721156	0.044313040057033834	0.04985472305080024	X1
GATGCAGCAGCTTAGC	-1.0	0.0004368599184561862	0.0005205215071354787	X1
AATCGCCCAAACCCTA	-2.0	1.6080007647833168e-05	2.0063706935607818e-05	X1
TGTCCTGGTAGGTTTG	-2.0	1.3029679093280502e-12	2.239820187795613e-12	X1
AGAAGGTGTCACGGAT	3.169925001442312	1.2704266677461526e-16	3.218033375269829e-16	X0
ACAGGAATCGCGCTAA	1.3219280948873622	2.818141017102701e-07	3.7604312442133894e-07	X0
GGATATTGTCCTTTAA	3.4594316186372973	1.6042818341220015e-19	7.283419635012658e-19	X0
CGTGTTACAAAGCGGC	2.0	0.01048936783892586	0.011996507993823844	X0
TTGGCTACAGCACGTT	2.0	1.3029679093280502e-12	2.239820187795613e-12	X0
GGTTACTAGGCTTAAC	-1.584962500721156	5.579544528625976e-10	8.284469704608276e-10	X1
AAGCGAATCGTGCTAG	2.321928094887362	3.0739033075239876e-11	4.8429849227620825e-11	X0
GCAAACCGTGCGCAAT	-3.169925001442312	1.0029797609618065e-21	9.676970737184859e-21	X1
CGTTGCAAGGCCTAAT	-2.807354922057604	2.4127107519685975e-13	4.369011087207231e-13	X1
CTATTCAGTGATTACG	-2.321928094887362	2.1686833167108188e-09	3.137350440196232e-09	X1
ACCAGGCTCTTGAGCG	1.584962500721156	0.38217671720133345	0.41102659716042955	unknown
GGTGTCCAGGCGTAAA	2.0	0.0017588208614850794	0.002060775226984838	X0
TGTTCATTCACGTTAA	-1.0	6.548999325035109e-12	1.0693048396261339e-11	X1
TTCACTGTCTTTGACT	-2.584962500721156	1.2704266677461526e-16	3.218033375269829e-16	X1
CTGTTTAGTTACTTCA	-2.321928094887362	6.548999325035109e-12	1.0693048396261339e-11	X1
TCCATAAAGCTTTGTT	-2.321928094887362	5.579544528625976e-10	8.284469704608276e-10	X1
GTGTTCCTCAAACCTA	-1.584962500721156	0.1356265120369177	0.1499159166258639	unknown
TGTGGCTCAGGCATGA	1.584962500721156	0.5397946186935895	0.573551362839982	unknown
AGTCGCATCGGCTATG	-3.584962500721156	1.0029797609618065e-21	9.676970737184859e-21	X1
GCCACACAGTTAGTGC	2.321928094887362	1.3029679093280502e-12	2.239820187795613e-12	X0
CCTACTGGTCGTAAAT	2.0	2.818141017102701e-07	3.7604312442133894e-07	X0
AGCTACTAGTAGCTTA	2.321928094887362	3.0739033075239876e-11	4.8429849227620825e-11	X0
ACTAATCCATAAGCAA	-1.0	8.336813247250504e-07	1.0917468420889744e-06	X1
AATTTGCCAAGGACCA	-1.584962500721156	0.46020538130641053	0.49191125489809434	unknown
TCCTTCAAGTTCCCGT	-1.0	6.289575008339427e-06	7.975507841743658e-06	X1
GCTAACAGTTAAGGCC	-2.0	0.0008949651957434264	0.001056728495393278	X1
GTGAATCTCACTAATG	-2.0	0.017600100108852396	0.02004128955016733	X1
AGAAACTAGCCTGTTC	-0.5849625007211561	0.8158991913366521	0.8516005955185724	unknown
CAAGAACCATAATCGT	-0.5849625007211561	0.9715560331795096	0.9954812971839302	unknown
GCTGTGATCGCGACAC	-3.4594316186372973	1.2704266677461526e-16	3.218033375269829e-16	X1
TACAAGCTCCGGCTAA	-1.8073549220576042	4.1422259360400374e-14	7.91791191062939e-14	X1
GGCTAGTGTAGCTAGC	1.3219280948873622	9.050013106514627e-08	1.228419758647018e-07	X0
GGCTATGTCAATGTGC	-3.169925001442312	1.0029797609618065e-21	9.676970737184859e-21	X1
CCTGCTCCAACCCTCC	-2.0	0.0017588208614850794	0.002060775226984838	X1
TAACCGGTCCGCTAGA	2.807354922057604	4.1422259360400374e-14	7.91791191062939e-14	X0
TGCACTTGTTAACAGT	1.222392421336448	5.579544528625976e-10	8.284469704608276e-10	X0
TGAGTTTCAATTGACT	-1.584962500721156	0.7579407931963542	0.7938215715928063	unknown
TGGTTCTGTAAACAAG	-2.584962500721156	3.0739033075239876e-11	4.8429849227620825e-11	X1
CCAAGTTAGGACGTAA	-3.700439718141092	9.556787680138532e-16	2.1356227092357177e-15	X1
GATTAGTGTCAATAGT	-3.169925001442312	6.564907761017925e-15	1.3424970548431796e-14	X1
GTTAAGTGTTTACTTG	-3.321928094887362	1.6610244897268262e-18	5.822729697591934e-18	X1
AGGTCTTAGACCATAC	-2.807354922057604	2.4127107519685975e-13	4.369011087207231e-13	X1
GATGCTTAGTTATGGC	2.0	0.0017588208614850794	0.002060775226984838	X0
GCTTAACAGAAGGTGC	2.0	3.925069822796835e-05	4.843013700478723e-05	X0
GTCCTCAGTTGTTGTC	-3.584962500721156	1.3029679093280502e-12	2.239820187795613e-12	X1
TGAAGTGAGTAAGGGC	-2.321928094887362	1.3513812610243942e-10	2.061271604766015e-10	X1
GGGTGAAGTAATGGCC	-3.0	9.050013106514627e-08	1.228419758647018e-07	X1
CTGGTCAAGCAACAAG	-3.321928094887362	6.26162256269268e-23	1.0840156507470095e-21	X1
GAGGGAGCAAATACCT	-2.807354922057604	9.556787680138532e-16	2.1356227092357177e-15	X1
TATGGTCAGCCGCAGT	-2.584962500721156	1.2704266677461526e-16	3.218033375269829e-16	X1
TTCAACCGTTGGCGTG	-2.584962500721156	6.548999325035109e-12	1.0693048396261339e-11	X1
AGGTATTGTCTAACAG	-3.0	2.1686833167108188e-09	3.137350440196232e-09	X1
GAGCTTAGTTCGGTAA	-2.807354922057604	1.363071866403019e-20	8.502363950314572e-20	X1
GTTAAACGTACTGAAT	-3.4594316186372973	1.6610244897268262e-18	5.822729697591934e-18	X1
TGACTTCGTCAGGCAT	2.0	0.0004368599184561862	0.0005205215071354787	X0
CGGTTCCGTTTGGCTT	2.584962500721156	9.556787680138532e-16	2.1356227092357177e-15	X0
ATGCAAACATAAGTTC	-0.7369655941662061	9.157161244117683e-05	0.00011144738539251088	X1
CAACTAATCGTTTCTG	2.807354922057604	1.2704266677461526e-16	3.218033375269829e-16	X0
CAGTACCCACCTGCTC	2.0	0.0008949651957434264	0.001056728495393278	X0
TGTGCGGGTTTAACGG	-2.321928094887362	6.289575008339427e-06	7.975507841743658e-06	X1
ATGTAACGTCGTTATC	-1.3219280948873622	1.3029679093280502e-12	2.239820187795613e-12	X1
TGGACTAGTTGCGTAA	-2.807354922057604	4.1422259360400374e-14	7.91791191062939e-14	X1
CAAACCGTCTAAATCG	2.321928094887362	3.0739033075239876e-11	4.8429849227620825e-11	X0
TGATCACAGCCGCAAC	-2.584962500721156	2.4127107519685975e-13	4.369011087207231e-13	X1
TTAGAAGCAATGCGCT	-2.321928094887362	2.1686833167108188e-09	3.137350440196232e-09	X1
TAGTAAGCAAGGTCCT	-2.0	0.18410080866334788	0.2023975712117845	unknown
ACTTAGGGTTACGCAA	-2.807354922057604	1.2704266677461526e-16	3.218033375269829e-16	X1
GTTAAGCTCGTTTCGC	-1.584962500721156	0.7579407931963542	0.7938215715928063	unknown
TAGGCTAGTGGAGCAA	-2.807354922057604	1.2704266677461526e-16	3.218033375269829e-16	X1
GGCTCACAGACACTTA	-2.807354922057604	1.6042818341220015e-19	7.283419635012658e-19	X1
TGATGATGTTAGCGTA	3.700439718141092	1.6042818341220015e-19	7.283419635012658e-19	X0
CATTTGTTCGGTTCCT	2.321928094887362	3.0739033075239876e-11	4.8429849227620825e-11	X0
AGGGTTGCACTAGCGT	-3.169925001442312	1.6042818341220015e-19	7.283419635012658e-19	X1
AAGGCCCTCACACAGT	2.700439718141092	1.5316450877189923e-17	4.472183802777584e-17	X0
ATAAGTCGTCTCAGCC	2.807354922057604	1.2704266677461526e-16	3.218033375269829e-16	X0
CTGGTAAGTACCAGGT	2.321928094887362	9.050013106514627e-08	1.228419758647018e-07	X0
AAGCTAGAGGTCCACA	-2.584962500721156	9.556787680138532e-16	2.1356227092357177e-15	X1
GATAGACCAGCATGAG	3.321928094887362	1.6042818341220015e-19	7.283419635012658e-19	X0
AATTGTGTCCCGTTGT	2.807354922057604	1.6042818341220015e-19	7.283419635012658e-19	X0
TAATCCGCAGTAGGAT	2.321928094887362	2.756790387925026e-08	3.824929141867178e-08	X0
CGGTTTGAGTCACCTC	2.0	6.548999325035109e-12	1.0693048396261339e-11	X0
AGTTTGATCCAAGTTA	-2.0	0.0008949651957434264	0.001056728495393278	X1
ACTAACCAGGCGTAAA	-1.584962500721156	0.6178232827986665	0.6536145478091064	unknown
GTTGCATAGTGAGCGG	-2.0	2.818141017102701e-07	3.7604312442133894e-07	X1
TGTTATGAGGCGCTAC	2.321928094887362	1.3513812610243942e-10	2.061271604766015e-10	X0
CTGGTTTGTGAGCAAG	1.0	0.01048936783892586	0.011996507993823844	X0
CATAAGCTCGCATCCT	1.584962500721156	0.38217671720133345	0.41102659716042955	unknown
GTCCTAGAGCTTCTCA	2.807354922057604	9.556787680138532e-16	2.1356227092357177e-15	X0
AGCTTTAAGCTATATG	2.0	0.00020438858371340761	0.0002460120970633274	X0
ATGGCCGGTCCGTGAG	3.0	1.5316450877189923e-17	4.472183802777584e-17	X0
TAAAGCCTCATAGACC	1.584962500721156	0.9556869599429662	0.981556186207902	unknown
GTTCCTTCAATTGACT	-3.169925001442312	1.0029797609618065e-21	9.676970737184859e-21	X1
TAGTAAGCAATGAATG	-3.321928094887362	1.0029797609618065e-21	9.676970737184859e-21	X1
GGCGGTTTCATTAGTG	-2.584962500721156	6.548999325035109e-12	1.0693048396261339e-11	X1
AAATGGCCATCCATCT	2.700439718141092	0.01048936783892586	0.011996507993823844	X0
AGTCTTGCAACTAACT	-2.0	6.289575008339427e-06	7.975507841743658e-06	X1
CAAGGTTTCTCCTCAA	-2.0	3.925069822796835e-05	4.843013700478723e-05	X1
GATTACGGTACAAAGA	-3.0	2.346206306321115e-06	3.0232744644007614e-06	X1
TCATTACTCGACAAAG	1.0	0.0008949651957434264	0.001056728495393278	X0
AATGCATGTTACCTGT	-1.584962500721156	0.8643734879630823	0.8968272956012542	unknown
CGGAATCGTCTATCGT	-0.7369655941662061	2.818141017102701e-07	3.7604312442133894e-07	X1
TGGTTCCTCTAATTGG	-2.321928094887362	2.346206306321115e-06	3.0232744644007614e-06	X1
CGAAGAATCGTCCTTA	3.0	1.6042818341220015e-19	7.283419635012658e-19	X0
CCTAAAGGTAAACAAG	2.0	2.756790387925026e-08	3.824929141867178e-08	X0
AGCGTGCTCAGGAACA	-2.584962500721156	1.6610244897268262e-18	5.822729697591934e-18	X1
GTGCTCAAGTCTATGA	-2.321928094887362	3.0739033075239876e-11	4.8429849227620825e-11	X1
AAGACCAAGGTGAAGC	-1.0	6.289575008339427e-06	7.975507841743658e-06	X1
AAAGCCCGTTAGGCTA	-2.584962500721156	9.556787680138532e-16	2.1356227092357177e-15	X1
GGACGGATCGTTTCTG	-2.807354922057604	1.6042818341220015e-19	7.283419635012658e-19	X1
ACGGTTAGTTGGGTTA	-2.584962500721156	1.5316450877189923e-17	4.472183802777584e-17	X1
TAGGCTAGTGCCGCAA	-3.4594316186372973	1.3029679093280502e-12	2.239820187795613e-12	X1
CGCTATGAGGATAAAC	3.169925001442312	1.6042818341220015e-19	7.283419635012658e-19	X0
TCGGTTTGTCCAAGAC	2.807354922057604	1.5316450877189923e-17	4.472183802777584e-17	X0
AGAGAAGCAAGGTAAC	-2.807354922057604	1.0029797609618065e-21	9.676970737184859e-21	X1
ACTTGAATCTGCAAAC	-4.087462841250339	1.6042818341220015e-19	7.283419635012658e-19	X1
TTGGCGGGTTTGCAGA	-2.584962500721156	6.564907761017925e-15	1.3424970548431796e-14	X1
CGCTGTGCATATTGAC	0.0	1.0	1.0	unknown
ACGAATCTCACTCAAA	2.584962500721156	9.556787680138532e-16	2.1356227092357177e-15	X0
GACATTATCTGCAAAC	-2.321928094887362	6.548999325035109e-12	1.0693048396261339e-11	X1
GGACCTCAGTCAATTG	-3.0	1.6042818341220015e-19	7.283419635012658e-19	X1
GCTAACCCACCTATAG	-3.4594316186372973	8.336813247250504e-07	1.0917468420889744e-06	X1
GCAAACCGTTGTTGCT	1.0	2.346206306321115e-06	3.0232744644007614e-06	X0
CTAATCCGTGACCTGG	-3.584962500721156	1.0029797609618065e-21	9.676970737184859e-21	X1
GCGCAAACAACCTAAT	-2.321928094887362	6.289575008339427e-06	7.975507841743658e-06	X1
GCTGTGATCGATCAGT	-2.807354922057604	2.4127107519685975e-13	4.369011087207231e-13	X1
CGATATTCACAACAGG	-1.8744691179161412	4.1422259360400374e-14	7.91791191062939e-14	X1
TCGATTAAGTTTCCGC	-2.321928094887362	1.3513812610243942e-10	2.061271604766015e-10	X1
TTGGCTGAGTTCCTGC	1.584962500721156	0.24205920680364573	0.26354439063679713	unknown
AAGCGAATCCCTCACG	1.584962500721156	0.0966739522478214	0.1074269123385123	unknown
TTTGTCCCAAGGACCA	-4.392317422778761	0.0017588208614850794	0.002060775226984838	X1
CACCTCAGTAACCTAG	2.584962500721156	6.564907761017925e-15	1.3424970548431796e-14	X0
AATTGCTCAGGACCAA	2.321928094887362	9.050013106514627e-08	1.228419758647018e-07	X0
GTTGGAGCAGCCTGCA	-2.321928094887362	4.1422259360400374e-14	7.91791191062939e-14	X1
GGACTAAAGGCTACTG	-3.4594316186372973	1.5316450877189923e-17	4.472183802777584e-17	X1
GTCCTCAGTGTTAAAC	-2.321928094887362	3.0739033075239876e-11	4.8429849227620825e-11	X1
AGTTGCAGTTTCGCGC	-3.169925001442312	1.2704266677461526e-16	3.218033375269829e-16	X1
ACCAGCTCAACACTTG	2.584962500721156	3.0739033075239876e-11	4.8429849227620825e-11	X0
AGCTAACTCATGGCCA	-3.0	5.579544528625976e-10	8.284469704608276e-10	X1
CTATGTTTCATGCATA	-2.169925001442312	1.0029797609618065e-21	9.676970737184859e-21	X1
CAAACGCGTCACCTAT	-0.5849625007211561	0.003318560257963064	0.003849487845566849	X1
CTGTGTGAGTGTTGCG	-2.0	9.556787680138532e-16	2.1356227092357177e-15	X1
AATCAGGAGTGAGAGC	-2.0	0.01048936783892586	0.011996507993823844	X1
TTGGATTCAACCGCCA	-2.807354922057604	6.564907761017925e-15	1.3424970548431796e-14	X1
TCAAGGTTCCTGATGG	1.3219280948873622	9.157161244117683e-05	0.00011144738539251088	X0
GAGAACCAGTGGCGGA	-1.584962500721156	3.925069822796835e-05	4.843013700478723e-05	X1
TTAGGCGTCAGTGAAG	-2.321928094887362	1.3513812610243942e-10	2.061271604766015e-10	X1
CTGATCACAGTAGGTG	2.0	0.0008949651957434264	0.001056728495393278	X0
GGTCGGTTCCTAAATG	-1.584962500721156	0.5397946186935895	0.573551362839982	unknown
CAGCTATAGTTATCTC	2.0	2.346206306321115e-06	3.0232744644007614e-06	X0
AGCGATTTCGACAAAG	1.584962500721156	0.6913502932053739	0.7283496183488639	unknown
GAGCTAGCACACTAAT	2.0	0.38217671720133345	0.41102659716042955	unknown
GTGCTGGGTGCTTACT	2.0	6.564907761017925e-15	1.3424970548431796e-14	X0
GCTGTAAGTTTATCGC	2.321928094887362	1.3513812610243942e-10	2.061271604766015e-10	X0
TGATCAATCCATCAGG	1.584962500721156	0.24205920680364573	0.26354439063679713	unknown
TGAGGGCCAGAGGCTA	0.3219280948873622	0.9997956114162866	1.0	unknown
CATCCCAGTTGCATCT	-2.807354922057604	1.5316450877189923e-17	4.472183802777584e-17	X1
GCGCTAGGTGTGCAAC	-1.3219280948873622	9.157161244117683e-05	0.00011144738539251088	X1
AGAACCAAGTAACCCG	-2.584962500721156	6.564907761017925e-15	1.3424970548431796e-14	X1
AAGTTTGTCACCAATA	3.321928094887362	1.2704266677461526e-16	3.218033375269829e-16	X0
GATGACTTCCTAATGA	3.0	1.3029679093280502e-12	2.239820187795613e-12	X0
AAGGTCAAGGACCGCT	2.807354922057604	9.556787680138532e-16	2.1356227092357177e-15	X0
GAAGGCTAGTTATTCC	2.584962500721156	6.564907761017925e-15	1.3424970548431796e-14	X0
AACAGATAGGCTCATG	-1.584962500721156	0.1356265120369177	0.1499159166258639	unknown
TATGTGATCATTAGCA	3.0	3.224844447881771e-24	1.2299758276999067e-22	X0
CAAACATGTGCTTAGA	-1.584962500721156	0.8643734879630823	0.8968272956012542	unknown
GAAACTGAGCCGGTAC	-2.584962500721156	2.1686833167108188e-09	3.137350440196232e-09	X1
CCTATTGTCTAGCGAT	-3.0	1.2704266677461526e-16	3.218033375269829e-16	X1
GGAATCTTCCGCAAAT	-3.169925001442312	0.0008949651957434264	0.001056728495393278	X1
ATAACGACATGTTGCA	-3.321928094887362	1.6610244897268262e-18	5.822729697591934e-18	X1
TAACCTAAGAGGATAT	-2.807354922057604	1.3029679093280502e-12	2.239820187795613e-12	X1
GAAGTAAGTTAGCTGA	-1.736965594166206	2.4127107519685975e-13	4.369011087207231e-13	X1
TAGCTAATCGCATTAA	-3.321928094887362	1.6042818341220015e-19	7.283419635012658e-19	X1
TCGATTAAGGTTTGAC	-2.0	3.925069822796835e-05	4.843013700478723e-05	X1
AATTGGGAGTTGGATC	-2.584962500721156	1.3029679093280502e-12	2.239820187795613e-12	X1
CATAGGTTCTCGACCT	-2.321928094887362	4.1422259360400374e-14	7.91791191062939e-14	X1
AGCTCATAGGCGCATC	-2.584962500721156	1.3029679093280502e-12	2.239820187795613e-12	X1
GGTGTTGTCGAAGTAG	1.584962500721156	0.028443966820490392	0.032198974961578475	X0
TTACCGTGTTTATGGG	-2.321928094887362	2.1686833167108188e-09	3.137350440196232e-09	X1
ACATCAATCGGGCCAT	-2.0	0.003318560257963064	0.003849487845566849	X1
TGGCCATCATGAATCT	2.807354922057604	2.1686833167108188e-09	3.137350440196232e-09	X0
ACTTGCACATGAGCAG	2.584962500721156	3.0739033075239876e-11	4.8429849227620825e-11	X0
TCCAGGTCATTCAGCA	3.0	1.6610244897268262e-18	5.822729697591934e-18	X0
TTCCTCAAGGAAACTG	-2.0	0.003318560257963064	0.003849487845566849	X1
AGCACAGCAACAGCCT	1.415037499278844	6.548999325035109e-12	1.0693048396261339e-11	X0
TATCGCACAAGTGTCC	2.807354922057604	1.5316450877189923e-17	4.472183802777584e-17	X0
GAAGGATGTTTGAGCA	1.736965594166206	1.6042818341220015e-19	7.283419635012658e-19	X0
CCCTCAGTCGCCTAAG	-2.0	2.756790387925026e-08	3.824929141867178e-08	X1
GCTAGCTCACCAGGTT	-2.584962500721156	1.2704266677461526e-16	3.218033375269829e-16	X1
TGAGAACCAACATAAG	-3.4594316186372973	1.363071866403019e-20	8.502363950314572e-20	X1
TTTGGTAAGTTTGTCT	-2.321928094887362	8.336813247250504e-07	1.0917468420889744e-06	X1
ACACTTAAGGAGGCAT	-1.584962500721156	2.756790387925026e-08	3.824929141867178e-08	X1
CTTGCATGTTGACTTC	-2.321928094887362	9.050013106514627e-08	1.228419758647018e-07	X1
TCTCAATTCAGGAAGC	2.321928094887362	2.4127107519685975e-13	4.369011087207231e-13	X0
GTTGGCCAGTGAGCGG	-2.321928094887362	2.4127107519685975e-13	4.369011087207231e-13	X1
CACTTTGTCATTAGTG	-2.321928094887362	1.3029679093280502e-12	2.239820187795613e-12	X1
GTCATGCCACACCAAC	-2.0	3.925069822796835e-05	4.843013700478723e-05	X1
ACGATTCAGGTCCTAG	-2.584962500721156	1.3513812610243942e-10	2.061271604766015e-10	X1
TCGTTAAAGCAAACCT	2.321928094887362	6.548999325035109e-12	1.0693048396261339e-11	X0
ACGGTTTAGTAACTCA	1.584962500721156	0.044313040057033834	0.04985472305080024	X0
TGAAGTGAGCATGCAT	2.321928094887362	1.3513812610243942e-10	2.061271604766015e-10	X0
TATTGACCATTTAAGC	-3.169925001442312	1.363071866403019e-20	8.502363950314572e-20	X1
AGATGCTTCTTAGTGA	2.807354922057604	4.1422259360400374e-14	7.91791191062939e-14	X0
TCCTGGTTCCCGCATT	2.321928094887362	1.363071866403019e-20	8.502363950314572e-20	X0
GTGTTACAGTGAACCT	-2.321928094887362	5.579544528625976e-10	8.284469704608276e-10	X1
GTCATCCTCGTCAAGT	3.0	1.363071866403019e-20	8.502363950314572e-20	X0
CTAGTAATCCTGTTCA	-2.0	0.30864970679462606	0.33430584275359365	unknown
TACAATGTCTCACACC	-2.0	2.346206306321115e-06	3.0232744644007614e-06	X1
GGACAGCCAAGGAATC	-2.0	3.925069822796835e-05	4.843013700478723e-05	X1
GATGCATTCACACAGT	-2.0	2.818141017102701e-07	3.7604312442133894e-07	X1
TGATCAATCCGTTATT	-3.0	1.3154334480650894e-25	1.437749125400097e-23	X1
ACTTATGAGCTAAAGG	-2.807354922057604	1.5316450877189923e-17	4.472183802777584e-17	X1
AGGAAACGTCAAGTAT	-4.807354922057604	0.0008949651957434264	0.001056728495393278	X1
GCAGGTGAGCTCCTAC	-2.807354922057604	1.6042818341220015e-19	7.283419635012658e-19	X1
CCAAATCAGACTTACA	3.169925001442312	1.6042818341220015e-19	7.283419635012658e-19	X0
CGTTTGTGTTCTTTAG	-3.0	2.4127107519685975e-13	4.369011087207231e-13	X1
CGTTTGTGTTAGGATT	-2.321928094887362	2.818141017102701e-07	3.7604312442133894e-07	X1
CAAACGCGTGGGTACT	3.321928094887362	1.2704266677461526e-16	3.218033375269829e-16	X0
TAATCACCAAAGCGGC	-2.0	0.017600100108852396	0.02004128955016733	X1
TCCTCACAGCGCTCAA	-4.0	0.003318560257963064	0.003849487845566849	X1
ATTGGTTCAGCAAATA	-2.807354922057604	9.157161244117683e-05	0.00011144738539251088	X1
AAGCCTGTCCTTCGTA	-2.807354922057604	4.1422259360400374e-14	7.91791191062939e-14	X1
CCAGCTGCAGCATGGA	2.807354922057604	1.3029679093280502e-12	2.239820187795613e-12	X0
TGCGCAGGTGCTCCAC	3.4594316186372973	6.564907761017925e-15	1.3424970548431796e-14	X0
ATCAAGACAAGGTATA	-3.0	1.0029797609618065e-21	9.676970737184859e-21	X1
ACATTGCAGTGTGATC	-2.807354922057604	1.3029679093280502e-12	2.239820187795613e-12	X1
GGGTCACTCTGGCAAT	3.169925001442312	4.1422259360400374e-14	7.91791191062939e-14	X0
TGAGTTTCAAACGGGC	-1.584962500721156	0.9556869599429662	0.981556186207902	unknown
GAGTGATCAGCTTAAT	1.584962500721156	0.5397946186935895	0.573551362839982	unknown
CCCTCATAGTTAGAGG	1.584962500721156	0.5397946186935895	0.573551362839982	unknown
GCTTGACCACGAATCC	-2.584962500721156	7.952664236893068e-09	1.1284123271995337e-08	X1
GAAAGGCTCGAGGTGG	3.4594316186372973	1.6610244897268262e-18	5.822729697591934e-18	X0
TGTCCTGGTCACGAAC	-1.584962500721156	0.38217671720133345	0.41102659716042955	unknown
GTCTTTGTCCGCACAA	-3.0	1.363071866403019e-20	8.502363950314572e-20	X1
GGATTCAGTCCTTCAG	-1.0	2.1686833167108188e-09	3.137350440196232e-09	X1
GGACCTCAGCAGCTCA	-2.321928094887362	5.579544528625976e-10	8.284469704608276e-10	X1
TTTCCACCACAAACTT	-1.584962500721156	0.044313040057033834	0.04985472305080024	X1
GGTTTGTAGTGAACGA	-2.807354922057604	4.1422259360400374e-14	7.91791191062939e-14	X1
CTGGTAAGTATTGGTG	-3.321928094887362	6.26162256269268e-23	1.0840156507470095e-21	X1
GTAAAGCCAGGATGGC	3.4594316186372973	1.6042818341220015e-19	7.283419635012658e-19	X0
TAGGAGGGTTAAGGCC	1.584962500721156	0.18410080866334788	0.2023975712117845	unknown
GGCCGTTAGTGAACGA	2.321928094887362	1.3513812610243942e-10	2.061271604766015e-10	X0
ATTAACCCATCGCTCC	-2.0	0.044313040057033834	0.04985472305080024	X1
CGAAGGCCAGTTTACG	-2.0	0.01048936783892586	0.011996507993823844	X1
CTGTTGGAGTCACCAG	-1.584962500721156	0.5397946186935895	0.573551362839982	unknown
CTGTATTTCACAGCCA	2.321928094887362	9.157161244117683e-05	0.00011144738539251088	X0
GATTGGCGTGGAGCAA	2.321928094887362	2.818141017102701e-07	3.7604312442133894e-07	X0
ACCAGGGAGTTGCGTG	-0.485426827170242	0.01048936783892586	0.011996507993823844	X1
ATGGTCTAGATAACCC	-2.584962500721156	1.2704266677461526e-16	3.218033375269829e-16	X1
GCCTAATAGGTCATTA	-3.0	2.1686833167108188e-09	3.137350440196232e-09	X1
CTTACTAGTATTTGCC	1.584962500721156	0.9033260477521786	0.9326176015352042	unknown
CGTAGTTAGTTAGTTG	-0.3219280948873622	0.06660530960360693	0.07444302231795079	unknown
AGCAATACACCTCACC	2.584962500721156	1.3029679093280502e-12	2.239820187795613e-12	X0
CCTGTATGTGAGGTAG	-2.321928094887362	9.050013106514627e-08	1.228419758647018e-07	X1
TAATGGTGTTGTTCAC	-3.4594316186372973	2.4127107519685975e-13	4.369011087207231e-13	X1
ATGTTCAAGTTGCCTC	-3.807354922057604	1.6610244897268262e-18	5.822729697591934e-18	X1
GATCGAGCACGTTACA	-3.169925001442312	1.3513812610243942e-10	2.061271604766015e-10	X1
TCAAACCAGCTGGAAA	-2.807354922057604	4.1422259360400374e-14	7.91791191062939e-14	X1
GTGCTTCTCGGTCAGC	2.807354922057604	3.0739033075239876e-11	4.8429849227620825e-11	X0
TCGTTATTCTTGGACG	-2.584962500721156	2.818141017102701e-07	3.7604312442133894e-07	X1
GAGATAAGTTATGTGG	3.700439718141092	4.1422259360400374e-14	7.91791191062939e-14	X0
GATGGACAGTGAACAG	2.0	3.0739033075239876e-11	4.8429849227620825e-11	X0
ATGGCTGTCATTACGA	2.584962500721156	5.579544528625976e-10	8.284469704608276e-10	X0
AGGAACCAGACAAACG	-3.0	1.3029679093280502e-12	2.239820187795613e-12	X1
CAGCCTAAGTAGCCAT	-2.321928094887362	1.6080007647833168e-05	2.0063706935607818e-05	X1
GCCTTTATCCCGAACA	3.4594316186372973	1.363071866403019e-20	8.502363950314572e-20	X0
CCTTGCGTCGAGGAAC	1.3219280948873622	0.003318560257963064	0.003849487845566849	X0
TTGGATCAGGCGCACT	-2.584962500721156	1.3029679093280502e-12	2.239820187795613e-12	X1
TGTATCGCAGGGAGGA	0.0	1.0	1.0	unknown
CTTGACGAGGAACGCG	2.807354922057604	6.564907761017925e-15	1.3424970548431796e-14	X0
TTTCCTGAGTAGGCGG	1.584962500721156	1.3513812610243942e-10	2.061271604766015e-10	X0
TGCTCACTCGTGCCTT	-1.584962500721156	0.7579407931963542	0.7938215715928063	unknown
GCTCATTGTTAGGTGC	2.0	4.1422259360400374e-14	7.91791191062939e-14	X0
ATGGCCCAGCACTAAC	-2.584962500721156	6.548999325035109e-12	1.0693048396261339e-11	X1
GGTGTGACACATACTG	-1.0	0.0008949651957434264	0.001056728495393278	X1
GCTAAGAAGGAGCACG	-3.700439718141092	1.2704266677461526e-16	3.218033375269829e-16	X1
CCAAACTAGGCTTAGT	-2.321928094887362	3.0739033075239876e-11	4.8429849227620825e-11	X1
GGTTACCCACCCACCT	-2.321928094887362	1.3029679093280502e-12	2.239820187795613e-12	X1
AGACACGCATAAAGCA	-2.807354922057604	1.6610244897268262e-18	5.822729697591934e-18	X1
GCGATATTCCTGGTGA	-1.8073549220576042	6.564907761017925e-15	1.3424970548431796e-14	X1
TCATTGCGTACGGTAC	2.807354922057604	2.1686833167108188e-09	3.137350440196232e-09	X0
ATTTGCAAGCCTTAAA	-2.321928094887362	6.548999325035109e-12	1.0693048396261339e-11	X1
TAGTCAATCACCTGTC	2.584962500721156	6.564907761017925e-15	1.3424970548431796e-14	X0
GTACTAATCTCACTAT	1.584962500721156	0.0060164878626817395	0.0069340164649698425	X0
GGATTGCGTTTGTTGC	-2.584962500721156	1.5316450877189923e-17	4.472183802777584e-17	X1
AATGTCATCGGGATTT	-2.584962500721156	1.5316450877189923e-17	4.472183802777584e-17	X1
ACCAAACTCGGTTACG	-1.584962500721156	0.044313040057033834	0.04985472305080024	X1
AGGTCCGGTATTGGTG	-2.0	1.6080007647833168e-05	2.0063706935607818e-05	X1
TACCGAAGTACCTTAC	3.169925001442312	4.1422259360400374e-14	7.91791191062939e-14	X0
TTGGTGAGTGGACCTG	-1.0	6.548999325035109e-12	1.0693048396261339e-11	X1
CGGACCTAGTTGTCTT	-1.584962500721156	0.028443966820490392	0.032198974961578475	X1
CGGATTAGTTCATTTG	-2.321928094887362	6.564907761017925e-15	1.3424970548431796e-14	X1
AGTGTGGCAATAACGA	-2.321928094887362	6.548999325035109e-12	1.0693048396261339e-11	X1
CAACAGGCAATAACCT	-1.584962500721156	0.028443966820490392	0.032198974961578475	X1
GTGGCTTCACGCAACT	-1.584962500721156	0.06660530960360693	0.07444302231795079	unknown
AAGCCTTAGCCTGATG	-2.0	6.289575008339427e-06	7.975507841743658e-06	X1
TCATAACCAAGGTGCA	-3.169925001442312	9.556787680138532e-16	2.1356227092357177e-15	X1
TGATTCAAGTTGGCCA	-1.584962500721156	0.0966739522478214	0.1074269123385123	unknown
CCAATATCATAAGGAC	2.584962500721156	7.952664236893068e-09	1.1284123271995337e-08	X0
CGGCCATAGGCTAATC	0.0	1.0	1.0	unknown
GCATTGCCAATAGCCC	-2.321928094887362	2.818141017102701e-07	3.7604312442133894e-07	X1
CGTCAATAGGAAACTG	-2.321928094887362	3.0739033075239876e-11	4.8429849227620825e-11	X1
AGTACGCGTAGTTACG	1.584962500721156	0.7579407931963542	0.7938215715928063	unknown
ACGTACCCAATAGTCT	-2.584962500721156	4.1422259360400374e-14	7.91791191062939e-14	X1
AGACCCGGTTTACTTG	1.584962500721156	0.6913502932053739	0.7283496183488639	unknown
GGTTTCTGTGAAACAA	2.700439718141092	1.6042818341220015e-19	7.283419635012658e-19	X0
AGGACTAAGGGACTAA	-1.584962500721156	0.028443966820490392	0.032198974961578475	X1
GCTCATTGTAGGATCC	2.584962500721156	2.4127107519685975e-13	4.369011087207231e-13	X0
CTCCTCACACGGTTTA	2.4594316186372973	1.0029797609618065e-21	9.676970737184859e-21	X0
TTTAAGGTCCCTCACG	2.0	0.0004368599184561862	0.0005205215071354787	X0
GACACTAGTTTGTTGC	-3.0	1.6042818341220015e-19	7.283419635012658e-19	X1
CCCTGGACAACGTGCT	-1.584962500721156	6.564907761017925e-15	1.3424970548431796e-14	X1
AGGAACGGTGCTCACC	-2.0	3.925069822796835e-05	4.843013700478723e-05	X1
TTAGCTGCAGATAGAC	2.938599455335857	1.3154334480650894e-25	1.437749125400097e-23	X0
GCCCAAATCGTTACAA	0.0	1.0	1.0	unknown
CGAGGCAAGGGCTTAT	-2.584962500721156	3.0739033075239876e-11	4.8429849227620825e-11	X1
ACCATTAAGCACAGCC	-3.0	0.00020438858371340761	0.0002460120970633274	X1
ACACGGACAACTCGCG	2.807354922057604	1.5316450877189923e-17	4.472183802777584e-17	X0
TACTTCGTCCAATAGC	-2.321928094887362	1.3513812610243942e-10	2.061271604766015e-10	X1
TGGCCATCAGCAAGTG	-2.321928094887362	3.0739033075239876e-11	4.8429849227620825e-11	X1
AAGCGAATCCCGTTTA	-2.584962500721156	5.579544528625976e-10	8.284469704608276e-10	X1
GTTTCAGCAGGCATGA	0.5849625007211561	0.9991050348042566	1.0	unknown
ACTTATCTCTGTGCAG	-1.584962500721156	3.0739033075239876e-11	4.8429849227620825e-11	X1
ATTCACTTCGCTTGCT	-1.584962500721156	0.30864970679462606	0.33430584275359365	unknown
GCTATTGCACTTAGGC	-1.584962500721156	0.30864970679462606	0.33430584275359365	unknown
GTAGGATCAAGCGATG	2.0	3.925069822796835e-05	4.843013700478723e-05	X0
GCAAACTTCTGGCAAT	-2.321928094887362	1.3029679093280502e-12	2.239820187795613e-12	X1
CAATCCTGTGGACCTG	3.0	1.0029797609618065e-21	9.676970737184859e-21	X0
CGCTCCATCCCTCACG	2.321928094887362	1.3029679093280502e-12	2.239820187795613e-12	X0
GGACGAAGTATTCGTC	-2.584962500721156	2.756790387925026e-08	3.824929141867178e-08	X1
CAAACATGTGAGACTC	-3.169925001442312	1.3513812610243942e-10	2.061271604766015e-10	X1
TCATTACTCCCGCATT	1.0	0.9823998998911476	1.0	unknown
ATGACGAAGCGCATTG	-2.584962500721156	1.5316450877189923e-17	4.472183802777584e-17	X1
GCCCTCATCATCAGTA	1.0	5.579544528625976e-10	8.284469704608276e-10	X0
ACGAACAAGTTCCTGC	-2.807354922057604	6.564907761017925e-15	1.3424970548431796e-14	X1
TACTAAGTCTATCGCC	2.0	9.050013106514627e-08	1.228419758647018e-07	X0
TTAAGCCAGGTTAGCT	-1.584962500721156	0.38217671720133345	0.41102659716042955	unknown
GACCTAGTCCTACCTA	-1.584962500721156	0.0966739522478214	0.1074269123385123	unknown
AGGGCTACATTGTGTG	-2.807354922057604	7.952664236893068e-09	1.1284123271995337e-08	X1
TCCTTCAAGGTACCGC	-3.0	9.556787680138532e-16	2.1356227092357177e-15	X1
TAGGAGGGTTTCGCGC	2.321928094887362	7.952664236893068e-09	1.1284123271995337e-08	X0
CAACTAATCGTTAGCG	2.0	2.818141017102701e-07	3.7604312442133894e-07	X0
GATTGCGTCCATAAGC	-2.0	6.289575008339427e-06	7.975507841743658e-06	X1
GTAAGCTTCACTAAGC	-2.584962500721156	3.0739033075239876e-11	4.8429849227620825e-11	X1
CGCTTGCGTTGTCATC	-2.0	3.925069822796835e-05	4.843013700478723e-05	X1
TTAGAAGCACTTACAG	3.0	1.2704266677461526e-16	3.218033375269829e-16	X0
TATCACAAGGCGTAAA	2.0	2.756790387925026e-08	3.824929141867178e-08	X0
ATAGGTACAATAATCC	-1.8073549220576042	1.6610244897268262e-18	5.822729697591934e-18	X1
AAGCGTTTCCTGTTCA	-2.0	0.0004368599184561862	0.0005205215071354787	X1
CCGTTGCGTGAATCGC	-1.584962500721156	0.1356265120369177	0.1499159166258639	unknown
CTGCAATAGGAGGTTA	1.584962500721156	0.30864970679462606	0.33430584275359365	unknown
CGTGCTTTCGCTCCAT	-2.0	8.336813247250504e-07	1.0917468420889744e-06	X1
TTCAACCGTTGCAATG	-1.584962500721156	0.30864970679462606	0.33430584275359365	unknown
CACGCAATCGGCTAGC	-3.584962500721156	1.0029797609618065e-21	9.676970737184859e-21	X1
GCGTAACGTGCAATGC	-3.584962500721156	1.6610244897268262e-18	5.822729697591934e-18	X1
GGGTATTTCTGTAAGC	-1.584962500721156	0.38217671720133345	0.41102659716042955	unknown
GTCTAACAGACACTTA	-3.169925001442312	1.5316450877189923e-17	4.472183802777584e-17	X1
AGCAAGGGTATTCGCT	2.0	0.00020438858371340761	0.0002460120970633274	X0
CACAATATCATTGCGG	-2.0	3.925069822796835e-05	4.843013700478723e-05	X1
TTGGCTGAGTTATTCC	-2.321928094887362	5.579544528625976e-10	8.284469704608276e-10	X1
TCAACAATCAGTTCCC	0.4150374992788439	0.9995631400815438	1.0	unknown
CTCTCACAGAGGAGTC	-4.584962500721156	0.00020438858371340761	0.0002460120970633274	X1
ACCAATATCCCTGGAA	2.321928094887362	1.3513812610243942e-10	2.061271604766015e-10	X0
CGCTGTGCATTAGCCA	-2.0	6.289575008339427e-06	7.975507841743658e-06	X1
TGATCAGGTGCTCCAC	-2.0	0.06660530960360693	0.07444302231795079	unknown
TAACAAGCAGGGAGGA	1.584962500721156	0.028443966820490392	0.032198974961578475	X0
AGCTAAACATTAGGTT	-3.169925001442312	1.5316450877189923e-17	4.472183802777584e-17	X1
GAAGTATAGACAAGTG	-3.169925001442312	9.556787680138532e-16	2.1356227092357177e-15	X1
TTCTTAGGTGAGAAAC	2.807354922057604	1.5316450877189923e-17	4.472183802777584e-17	X0
GCTTACCTCGGTTACG	-2.0	3.925069822796835e-05	4.843013700478723e-05	X1
GGGAGTAGTTTACCGT	1.584962500721156	0.24205920680364573	0.26354439063679713	unknown
GAGCTAGCATTCAGCA	0.0	1.0	1.0	unknown
GGCCTCTGTCACCTAT	-2.807354922057604	2.756790387925026e-08	3.824929141867178e-08	X1
GTTAGACTCCGCAACA	-2.584962500721156	4.1422259360400374e-14	7.91791191062939e-14	X1
CTATTGAAGGTGAAAT	-2.584962500721156	1.363071866403019e-20	8.502363950314572e-20	X1
ACTTTGTTCATGTGGT	-2.807354922057604	4.1422259360400374e-14	7.91791191062939e-14	X1
CCGCTTAGTCCTTCAG	-2.321928094887362	8.336813247250504e-07	1.0917468420889744e-06	X1
CCATTATTCGCTATAA	-2.807354922057604	1.5316450877189923e-17	4.472183802777584e-17	X1
CTGGTAAGTCCCGGAA	0.0	1.0	1.0	unknown
CATGAGGCATAGCTTG	-2.0	2.818141017102701e-07	3.7604312442133894e-07	X1
CTGGCTAAGTTTAACG	1.3219280948873622	0.6178232827986665	0.6536145478091064	unknown
GAGTTGCGTAACGGGA	-2.321928094887362	1.3513812610243942e-10	2.061271604766015e-10	X1
GTGCTGATCAGCCAAT	-2.807354922057604	9.556787680138532e-16	2.1356227092357177e-15	X1
TGAGCACGTCTTGCAT	-1.584962500721156	0.1356265120369177	0.1499159166258639	unknown
GCTTGACCACTTAACG	-2.0	5.579544528625976e-10	8.284469704608276e-10	X1
GCACGAACACATAGCC	-2.807354922057604	4.1422259360400374e-14	7.91791191062939e-14	X1
GTCATGAGTCATAGAT	-0.5849625007211561	0.30864970679462606	0.33430584275359365	unknown
GTTCATTTCCTCATCA	-2.321928094887362	2.756790387925026e-08	3.824929141867178e-08	X1
AGGATTGAGCAACATC	0.5849625007211561	0.5397946186935895	0.573551362839982	unknown
CTCATTGTCACACAGT	-2.321928094887362	9.157161244117683e-05	0.00011144738539251088	X1
AGTAGGATCCAGGTCA	-1.584962500721156	0.9033260477521786	0.9326176015352042	unknown
CAATCCCTCCAGGTCA	1.584962500721156	0.9033260477521786	0.9326176015352042	unknown
CTAAAGCTCTTGCTAT	-2.321928094887362	3.0739033075239876e-11	4.8429849227620825e-11	X1
GCTAGCGGTTAAGCGC	2.584962500721156	9.050013106514627e-08	1.228419758647018e-07	X0
ACAACAGAGGTCATTA	1.584962500721156	0.46020538130641053	0.49191125489809434	unknown
TGCTTCATCTAAGTCA	-2.807354922057604	1.0029797609618065e-21	9.676970737184859e-21	X1
CGTGCTGCATTATGGT	3.0	1.6042818341220015e-19	7.283419635012658e-19	X0
GTCGAGGAGGTTAGAG	2.807354922057604	9.556787680138532e-16	2.1356227092357177e-15	X0
GAGGAGGCAGGTTCAC	-1.8073549220576042	1.2704266677461526e-16	3.218033375269829e-16	X1
TAAAGCCTCGGCCAGT	-2.0	8.336813247250504e-07	1.0917468420889744e-06	X1
GCTCGATCATAGCTTG	2.584962500721156	1.3513812610243942e-10	2.061271604766015e-10	X0
CGTTTGGAGCTGTCAG	1.584962500721156	0.028443966820490392	0.032198974961578475	X0
AGCGGACCAGCATGTC	-2.321928094887362	1.3513812610243942e-10	2.061271604766015e-10	X1
TTTGGTAAGATAAAGC	3.321928094887362	1.5316450877189923e-17	4.472183802777584e-17	X0
GGATGGCCAGGCATCT	-2.807354922057604	4.1422259360400374e-14	7.91791191062939e-14	X1
TGCACCTTCGTGCTAG	-1.584962500721156	0.9333946903963931	0.9604115944601358	unknown
CTTTGTCCAATAATCC	1.584962500721156	0.9715560331795096	0.9954812971839302	unknown
TCCCTCACAATCATGT	-2.0	9.157161244117683e-05	0.00011144738539251088	X1
GTTAGGCGTGGACCTG	-1.0	2.818141017102701e-07	3.7604312442133894e-07	X1
AGGGCCTTCCTAAGTA	2.0	0.003318560257963064	0.003849487845566849	X0
GGTTCCCGTGCTGGTG	-1.584962500721156	0.9715560331795096	0.9954812971839302	unknown
TTGGCGGGTTTCCACG	-2.321928094887362	2.1686833167108188e-09	3.137350440196232e-09	X1
CGAACAAAGAGGAAGG	-2.807354922057604	9.556787680138532e-16	2.1356227092357177e-15	X1
AGCTTCCTCGTCAAGT	-1.584962500721156	0.1356265120369177	0.1499159166258639	unknown
AGGTTTGGTCTCACTG	-1.584962500721156	0.8643734879630823	0.8968272956012542	unknown
CAACCCTTCATTAGTG	-2.0	0.5397946186935895	0.573551362839982	unknown
AGTCAGGCAGCAACAG	-1.584962500721156	0.38217671720133345	0.41102659716042955	unknown
GCTCCTTAGAAGGTGC	2.807354922057604	6.548999325035109e-12	1.0693048396261339e-11	X0
CTCCCTGAGCTATGAC	1.3219280948873622	1.2704266677461526e-16	3.218033375269829e-16	X0
ATTGCTCGTTTGGCTT	0.0	1.0	1.0	unknown
CCGGTAGGTTTGACCT	1.584962500721156	0.30864970679462606	0.33430584275359365	unknown
GGCCAACTCTTGCATT	-2.0	0.00020438858371340761	0.0002460120970633274	X1
CTATGACAGTGAAGTG	-3.0	6.564907761017925e-15	1.3424970548431796e-14	X1
CACTGACCAGTCTAAT	-2.0	8.336813247250504e-07	1.0917468420889744e-06	X1
GTTTACCGTCCTTCAG	-2.0	1.6080007647833168e-05	2.0063706935607818e-05	X1
ACCTACCTCATGGCCA	-2.584962500721156	9.556787680138532e-16	2.1356227092357177e-15	X1
GTTTCCTCACTTCACT	-2.584962500721156	6.564907761017925e-15	1.3424970548431796e-14	X1
GGGCTAACAAATTCGT	-2.0	1.6080007647833168e-05	2.0063706935607818e-05	X1
GCGGGTTTCGAAGTAG	2.321928094887362	6.548999325035109e-12	1.0693048396261339e-11	X0
GTTTCTAGTTAACACG	1.584962500721156	0.8158991913366521	0.8516005955185724	unknown
ATTGGCTAGAAACTGG	1.584962500721156	0.18410080866334788	0.2023975712117845	unknown
GTTACCTGTCTAGCTT	2.0	9.157161244117683e-05	0.00011144738539251088	X0
CCTCCTGAGGCAACAA	-3.0	1.363071866403019e-20	8.502363950314572e-20	X1
TTGTCCCAGTATTGGC	-2.321928094887362	2.756790387925026e-08	3.824929141867178e-08	X1
ATTGGCTAGGCCTGGT	-1.3219280948873622	0.0060164878626817395	0.0069340164649698425	X1
GGCCAACTCACTAGGT	-0.5849625007211561	0.00020438858371340761	0.0002460120970633274	X1
GATTGGTTCGCTTGCT	3.0	1.6042818341220015e-19	7.283419635012658e-19	X0
CAGAATCTCCTCAGCT	-3.0	1.3029679093280502e-12	2.239820187795613e-12	X1
AGTCTTGCACAATTAC	-2.807354922057604	1.5316450877189923e-17	4.472183802777584e-17	X1
ATTGCAGGTACCGTAA	-1.584962500721156	0.24205920680364573	0.26354439063679713	unknown
CAAAGCGCACTTAACG	-2.0	1.6080007647833168e-05	2.0063706935607818e-05	X1
CTAAATGTCATCGTTT	-2.584962500721156	1.6610244897268262e-18	5.822729697591934e-18	X1
CCATTATTCCTCAGTC	-1.584962500721156	0.5397946186935895	0.573551362839982	unknown
TCGTGCTTCCTGTTCA	-2.0	6.289575008339427e-06	7.975507841743658e-06	X1
CAAGACAAGCATCCAG	-3.169925001442312	1.363071866403019e-20	8.502363950314572e-20	X1
TCTTGACGTTACGCAA	-2.0	0.00020438858371340761	0.0002460120970633274	X1
GTTTGTCGTGCATTTC	0.5849625007211561	9.157161244117683e-05	0.00011144738539251088	X0
AAAGCCGCAATCCCTT	1.584962500721156	0.9999839199923521	1.0	unknown
CAGAACCGTTAGACCA	-2.321928094887362	9.050013106514627e-08	1.228419758647018e-07	X1
TGGTCAGTCGCGCTAA	-2.0	8.336813247250504e-07	1.0917468420889744e-06	X1
TGGTTCTGTGAACAAA	2.321928094887362	6.548999325035109e-12	1.0693048396261339e-11	X0
GCGGATACAATTAGGA	-2.584962500721156	3.0739033075239876e-11	4.8429849227620825e-11	X1
CCGTGCTGTGTAATAC	-2.0	8.336813247250504e-07	1.0917468420889744e-06	X1
TTTGTGGCAGGATAAC	3.0	1.6610244897268262e-18	5.822729697591934e-18	X0
CCCAATTGTGATTACG	-0.8073549220576042	1.3029679093280502e-12	2.239820187795613e-12	X1
AGCAAGGGTCTAGCTT	-1.584962500721156	0.0966739522478214	0.1074269123385123	unknown
CGCCTCATCTTTGAGA	-2.584962500721156	7.952664236893068e-09	1.1284123271995337e-08	X1
GCGCTTAAGTAGCCAT	-2.0	3.925069822796835e-05	4.843013700478723e-05	X1
AGGTTAGAGGTTTGAC	-2.321928094887362	5.579544528625976e-10	8.284469704608276e-10	X1
GGATTCAGTCACACCC	-1.584962500721156	0.9033260477521786	0.9326176015352042	unknown
GGGATTAAGGACACTT	1.584962500721156	0.46020538130641053	0.49191125489809434	unknown
GCAAGTGCAGGATTAA	2.321928094887362	0.0008949651957434264	0.001056728495393278	X0
TTTGCGGAGGCAATAG	-2.321928094887362	1.3029679093280502e-12	2.239820187795613e-12	X1
CGTAATGGTTGTCCAT	3.3219280948873626	0.003318560257963064	0.003849487845566849	X0
ATTAACCCACCATATG	3.169925001442312	1.6610244897268262e-18	5.822729697591934e-18	X0
CATAACGGTGCATTAG	-2.0	0.00020438858371340761	0.0002460120970633274	X1
GGTGATTTCAAAGGCA	2.0	0.00020438858371340761	0.0002460120970633274	X0
ACCAGGGAGCAGGTGG	-1.584962500721156	0.0966739522478214	0.1074269123385123	unknown
TGGGCCTAGCTTAGTA	1.584962500721156	0.7579407931963542	0.7938215715928063	unknown
CACGCAATCCTTCAAT	-2.807354922057604	6.564907761017925e-15	1.3424970548431796e-14	X1
GCAGCAACATCGTTCT	0.4150374992788439	0.9715560331795096	0.9954812971839302	unknown
GTAAGCTTCTCTAGCC	-2.0	7.952664236893068e-09	1.1284123271995337e-08	X1
TCAAGCTAGCGGCTGT	3.169925001442312	1.6610244897268262e-18	5.822729697591934e-18	X0
ACCCTGTTCATTGTTC	2.321928094887362	0.06660530960360693	0.07444302231795079	unknown
ATGGCCCAGCTGTACG	1.8073549220576042	6.564907761017925e-15	1.3424970548431796e-14	X0
GCTCCTTAGGAACACA	-2.0	3.925069822796835e-05	4.843013700478723e-05	X1
CGCTTACTCCAAACAC	2.0	0.0004368599184561862	0.0005205215071354787	X0
GCGCTTGCATCCGTAA	2.0	8.336813247250504e-07	1.0917468420889744e-06	X0
AGTACGCGTATTGAGT	-1.584962500721156	0.5397946186935895	0.573551362839982	unknown
CTTGCATGTGCTGGTG	-1.0	4.1422259360400374e-14	7.91791191062939e-14	X1
GCTGTGATCGGGCCAT	-2.0	9.050013106514627e-08	1.228419758647018e-07	X1
GGGTGTTGTACGCGCA	-2.0	1.6080007647833168e-05	2.0063706935607818e-05	X1
CCACAATAGCATTAGC	-2.169925001442312	1.5316450877189923e-17	4.472183802777584e-17	X1
TCAGTAGGTCGCGCAA	-2.807354922057604	1.5316450877189923e-17	4.472183802777584e-17	X1
TCGGTTACAACTGGCT	-3.169925001442312	1.363071866403019e-20	8.502363950314572e-20	X1
ACTTGTAAGGCACAGG	2.0	8.336813247250504e-07	1.0917468420889744e-06	X0
TAGCATATCGGTCATG	-2.321928094887362	3.0739033075239876e-11	4.8429849227620825e-11	X1
ATGAATGCAAACAACA	2.807354922057604	1.363071866403019e-20	8.502363950314572e-20	X0
AGGCCCAGTGATCATG	-2.584962500721156	6.564907761017925e-15	1.3424970548431796e-14	X1
GTAGGCGAGCCACAAT	1.584962500721156	6.564907761017925e-15	1.3424970548431796e-14	X0
AGGCCCAGTAAACAAG	-2.321928094887362	6.564907761017925e-15	1.3424970548431796e-14	X1
GCATGAGCATCGCTCC	-3.169925001442312	1.2704266677461526e-16	3.218033375269829e-16	X1
GCTGCACAGACAGGTA	3.321928094887362	1.2704266677461526e-16	3.218033375269829e-16	X0
TGGCTAAGTGAGCAAG	-2.0	6.289575008339427e-06	7.975507841743658e-06	X1
GCGTTTCTCATCAGTA	1.584962500721156	0.18410080866334788	0.2023975712117845	unknown
TGTGCAAGTTGTAACG	2.807354922057604	1.5316450877189923e-17	4.472183802777584e-17	X0
TCCTAGTGTGTCCAAA	-2.321928094887362	8.336813247250504e-07	1.0917468420889744e-06	X1
GTTAATGTCTCGCCCA	-0.3219280948873622	0.017600100108852396	0.02004128955016733	X1
CGAAGCCTCATGAGCT	-2.0	0.24205920680364573	0.26354439063679713	unknown
AGTCGCATCGTTATAG	-2.807354922057604	1.6610244897268262e-18	5.822729697591934e-18	X1
GGCAGGATCGCACAAT	2.0	6.289575008339427e-06	7.975507841743658e-06	X0
CGGTTTGAGTATTGGC	-1.584962500721156	0.1356265120369177	0.1499159166258639	unknown
CATCCCAGTGGAAACG	1.3219280948873622	0.0966739522478214	0.1074269123385123	unknown
CGCCACACACCCACAG	-2.0	8.336813247250504e-07	1.0917468420889744e-06	X1
GACACCGGTATGTGGC	2.584962500721156	6.564907761017925e-15	1.3424970548431796e-14	X0
AATAGCTGTTATTGCC	-1.584962500721156	0.0966739522478214	0.1074269123385123	unknown
CTAGATTCATAAGCAA	-2.321928094887362	0.0008949651957434264	0.001056728495393278	X1
CACTTAAAGCTCAAAC	-2.0	0.044313040057033834	0.04985472305080024	X1
GCACGGTTCAATGACC	-1.584962500721156	0.9999084283875588	1.0	unknown
TGACTCCTCTTAGCGG	-2.0	9.157161244117683e-05	0.00011144738539251088	X1
GTGCATTAGAAGGTGC	-1.584962500721156	0.7579407931963542	0.7938215715928063	unknown
GCCTGCTGTCCTAATC	-1.584962500721156	0.1356265120369177	0.1499159166258639	unknown
TAGTAAGCACAAAGCG	1.584962500721156	0.7579407931963542	0.7938215715928063	unknown
CTTTATGGTTACGCGG	-1.584962500721156	0.1356265120369177	0.1499159166258639	unknown
GACCTTTGTATTCGTC	-2.584962500721156	6.564907761017925e-15	1.3424970548431796e-14	X1
GTACTGGTCAGCACGC	-2.321928094887362	9.556787680138532e-16	2.1356227092357177e-15	X1
GTAGGCGAGGCAGGTG	2.0	6.289575008339427e-06	7.975507841743658e-06	X0
GATGGCTGTCGTAAAT	2.321928094887362	2.346206306321115e-06	3.0232744644007614e-06	X0
GGGCGAATCTAGCGTG	-2.584962500721156	0.003318560257963064	0.003849487845566849	X1
ATCGGCCAGCAGCTAT	-2.584962500721156	1.3513812610243942e-10	2.061271604766015e-10	X1
CGTATTGCAGGCGAGT	2.0	0.028443966820490392	0.032198974961578475	X0
CAAGTTATCATGGCTG	2.0	0.06660530960360693	0.07444302231795079	unknown
TTTAAGGTCACGCATG	-2.0	3.925069822796835e-05	4.843013700478723e-05	X1
GAGCGGTCAACAGGAT	-1.584962500721156	0.38217671720133345	0.41102659716042955	unknown
AGTTTGATCATAATCG	-2.0	9.157161244117683e-05	0.00011144738539251088	X1
GAAGGCCCAGCATGAG	-2.584962500721156	6.564907761017925e-15	1.3424970548431796e-14	X1
CAGTACCCATCGCTTT	-2.0	0.028443966820490392	0.032198974961578475	X1
GTACTAATCGCTAGTG	-1.584962500721156	0.5397946186935895	0.573551362839982	unknown
AGCCGGTTCAAGTGTC	-1.584962500721156	0.6913502932053739	0.7283496183488639	unknown
CTGGTTACACAATGCC	-2.169925001442312	1.6042818341220015e-19	7.283419635012658e-19	X1
GTTACTAAGGACCTGC	-2.321928094887362	2.1686833167108188e-09	3.137350440196232e-09	X1
TCCATGCTCCTGGTGA	-1.584962500721156	0.18410080866334788	0.2023975712117845	unknown
CGGAGCAAGTACCGCA	-2.807354922057604	1.5316450877189923e-17	4.472183802777584e-17	X1
GAGTTGCGTTTACCGT	-1.584962500721156	0.8643734879630823	0.8968272956012542	unknown
TCGTGCTTCGATTATG	-1.584962500721156	0.0966739522478214	0.1074269123385123	unknown
GATGCATTCTAATTGG	-2.807354922057604	1.5316450877189923e-17	4.472183802777584e-17	X1
GGTTGCATCCAGGAAA	-1.0	0.0060164878626817395	0.0069340164649698425	X1
TGTCAGTAGTTTGAGC	-1.584962500721156	0.24205920680364573	0.26354439063679713	unknown
AGCCTGGGTTGGCGTG	2.584962500721156	6.548999325035109e-12	1.0693048396261339e-11	X0
GGGTGAAGTTAGAGGG	-2.0	2.818141017102701e-07	3.7604312442133894e-07	X1
GAAGGAACAAGACTCC	-3.0	6.564907761017925e-15	1.3424970548431796e-14	X1
TCAAGGTTCATAACCA	2.584962500721156	4.1422259360400374e-14	7.91791191062939e-14	X0
TTTCTCACATGTCGCG	-2.0	2.818141017102701e-07	3.7604312442133894e-07	X1
GTGCCTTTCCTTCTAG	-2.321928094887362	2.4127107519685975e-13	4.369011087207231e-13	X1
GTTACAGGTTAGCTGA	3.321928094887362	9.556787680138532e-16	2.1356227092357177e-15	X0
GCTGCACAGGAAGTAT	-2.584962500721156	6.548999325035109e-12	1.0693048396261339e-11	X1
GAGTGAGGTGAGGTAG	-2.584962500721156	4.1422259360400374e-14	7.91791191062939e-14	X1
TCCGCCATCCCTGGAA	-2.807354922057604	1.2704266677461526e-16	3.218033375269829e-16	X1
ATTAGCGGTGCGCGTA	-2.584962500721156	6.564907761017925e-15	1.3424970548431796e-14	X1
CATCCTGGTCACAAAT	-1.584962500721156	0.9991050348042566	1.0	unknown
CTTGCGCGTGGGTACT	-2.0	2.346206306321115e-06	3.0232744644007614e-06	X1
TGTTGCACAAGGTACG	-1.584962500721156	0.24205920680364573	0.26354439063679713	unknown
GGAACCTGTGTTTCAC	-2.0	2.818141017102701e-07	3.7604312442133894e-07	X1
TCTCACCAGGAATAAC	-2.584962500721156	1.3029679093280502e-12	2.239820187795613e-12	X1
CCAAATCAGTTAGCTA	-1.584962500721156	0.6178232827986665	0.6536145478091064	unknown
ACCTAAGGTGGAAACG	-2.321928094887362	2.756790387925026e-08	3.824929141867178e-08	X1
GATTGCGTCTGTGCCT	-3.169925001442312	3.224844447881771e-24	1.2299758276999067e-22	X1
AGTCCTTGTAGCTGGT	-1.584962500721156	0.028443966820490392	0.032198974961578475	X1
TGGCTTTGTACGGGTT	-2.321928094887362	9.050013106514627e-08	1.228419758647018e-07	X1
TACAGGTTCGCAACAT	-2.0	0.0017588208614850794	0.002060775226984838	X1
CTTGTAAAGTTATTCC	-2.0	1.6080007647833168e-05	2.0063706935607818e-05	X1
CAAGTTATCCTAATAG	-2.321928094887362	1.3513812610243942e-10	2.061271604766015e-10	X1
CTTGAATCAGTTAGCC	-0.8073549220576042	0.6178232827986665	0.6536145478091064	unknown
TCAGCGATCGTCATTT	0.0	1.0	1.0	unknown
AAGAATCAGCTCAATA	2.584962500721156	1.363071866403019e-20	8.502363950314572e-20	X0
GGTTACTAGGAACCGG	2.0	6.289575008339427e-06	7.975507841743658e-06	X0
GGTAGGAGTACGGGTT	0.0	1.0	1.0	unknown
ATGGTTATCATTACTC	-2.0	3.925069822796835e-05	4.843013700478723e-05	X1
TAGTCAATCCCTCATA	-0.5849625007211561	0.0060164878626817395	0.0069340164649698425	X1
GTTTCCTCACTTGTTC	-2.321928094887362	1.3513812610243942e-10	2.061271604766015e-10	X1
CAAGGTAAGGCCTGGT	-2.584962500721156	9.556787680138532e-16	2.1356227092357177e-15	X1
CTAATAGTCGCTAGTG	-2.584962500721156	1.3513812610243942e-10	2.061271604766015e-10	X1
CGTAACTAGTTAGACC	0.4150374992788439	0.8158991913366521	0.8516005955185724	unknown
CATGAGGCATGAGTTT	-1.415037499278844	0.00020438858371340761	0.0002460120970633274	X1
TTGTCAAAGTTGTCCC	2.321928094887362	0.7579407931963542	0.7938215715928063	unknown
TCTTCAAGTATTTGGG	0.0	1.0	1.0	unknown
GATTATGTCTTACTCG	-2.169925001442312	1.363071866403019e-20	8.502363950314572e-20	X1
ACTAATCCAAGGTAAC	-0.5849625007211561	0.0004368599184561862	0.0005205215071354787	X1
TCCTAGTGTCATGCAA	-0.5849625007211561	0.028443966820490392	0.032198974961578475	X1
GTGTTACAGAAAGGAA	1.584962500721156	0.9997956114162866	1.0	unknown
TAGTTTGAGTCACTCC	-0.5849625007211561	0.003318560257963064	0.003849487845566849	X1
GACGCAACATGATTGT	0.0	1.0	1.0	unknown
TGAACAACAGCCTAAC	3.4594316186372973	0.017600100108852396	0.02004128955016733	X0
GTGCAAGCATTCCTCG	0.0	1.0	1.0	unknown
GTGTGCGGTGAAACAA	-0.5849625007211561	0.044313040057033834	0.04985472305080024	X1
CGCATTTGTTAATGAC	-1.0	2.818141017102701e-07	3.7604312442133894e-07	X1
AAGCTTGGTCACAAAT	-2.700439718141092	0.0004368599184561862	0.0005205215071354787	X1
TACGTAATCTAACTGA	-0.84799690655495	2.756790387925026e-08	3.824929141867178e-08	X1
AGTAAGTAGGCCGGAA	2.584962500721156	7.952664236893068e-09	1.1284123271995337e-08	X0
AACAGGATCGCAATCG	-2.0	9.157161244117683e-05	0.00011144738539251088	X1
AGTCAGGCATCAGTAT	-2.321928094887362	7.952664236893068e-09	1.1284123271995337e-08	X1
CTGTTCATCCACCCTG	-1.584962500721156	0.8643734879630823	0.8968272956012542	unknown
GACACTAGTTATAGCG	1.584962500721156	0.24205920680364573	0.26354439063679713	unknown
AGTGTTTCAAACTCAT	-3.321928094887362	1.6042818341220015e-19	7.283419635012658e-19	X1
GAGCGAAGTTACGCAA	-1.485426827170242	0.1356265120369177	0.1499159166258639	unknown
ATGTTCAAGGCATGTT	-2.584962500721156	7.952664236893068e-09	1.1284123271995337e-08	X1
GTGCACGGTGTTTGAG	-1.584962500721156	0.24205920680364573	0.26354439063679713	unknown
ATGATGGAGGACCAGG	-2.0	2.346206306321115e-06	3.0232744644007614e-06	X1
TTGGGTTAGGAGGGTT	-2.321928094887362	5.579544528625976e-10	8.284469704608276e-10	X1
GGAGCAAGTGGAGCAA	-1.584962500721156	1.2704266677461526e-16	3.218033375269829e-16	X1
GTGCCTTTCGCTAAGT	2.169925001442312	1.6042818341220015e-19	7.283419635012658e-19	X0
AAGCTTGGTGCGCATG	0.5849625007211561	0.9895106321610742	1.0	unknown
GATGAGGGTGATGATT	2.0	0.028443966820490392	0.032198974961578475	X0
GTCATCACAGCCTTGG	-1.584962500721156	0.9033260477521786	0.9326176015352042	unknown
TCATGTTTCACATTGA	-2.321928094887362	3.0739033075239876e-11	4.8429849227620825e-11	X1
CCTTCAATCAGCACGC	-0.2630344058337939	0.0060164878626817395	0.0069340164649698425	X1
GATAACGAGGCGGATG	-1.584962500721156	0.6913502932053739	0.7283496183488639	unknown
AGCTAGTTCAATCTAG	2.0	3.925069822796835e-05	4.843013700478723e-05	X0
TAGTCAATCTTGCTAT	1.8073549220576042	3.0739033075239876e-11	4.8429849227620825e-11	X0
TGGATTCAGTTGGATC	1.584962500721156	0.9715560331795096	0.9954812971839302	unknown
GGACTAAAGAAAGGAA	1.584962500721156	1.3513812610243942e-10	2.061271604766015e-10	X0
CGACAAGCATCGCTTT	-2.0	2.818141017102701e-07	3.7604312442133894e-07	X1
CAACTAATCAAACACC	-2.584962500721156	2.4127107519685975e-13	4.369011087207231e-13	X1
GATTGGCGTATTTGGG	2.0	7.952664236893068e-09	1.1284123271995337e-08	X0
CTAATCGCACAAAGAC	-2.0	8.336813247250504e-07	1.0917468420889744e-06	X1
CTGCTCCCATTAGCCA	-2.0	2.346206306321115e-06	3.0232744644007614e-06	X1
TTTAGGATCTTAGGAC	2.584962500721156	2.346206306321115e-06	3.0232744644007614e-06	X0
TAGTGTGGTGGATTCA	-1.584962500721156	0.38217671720133345	0.41102659716042955	unknown
TATAGCTCATCCGTAA	-1.584962500721156	0.6178232827986665	0.6536145478091064	unknown
CAAGGCTGTTAATGAC	-2.584962500721156	2.1686833167108188e-09	3.137350440196232e-09	X1
TGTCATAAGGATCACT	-1.584962500721156	0.003318560257963064	0.003849487845566849	X1
CTATTACTCACTCGCT	-2.807354922057604	2.756790387925026e-08	3.824929141867178e-08	X1
ACCATTAAGGTTTACA	-2.321928094887362	4.1422259360400374e-14	7.91791191062939e-14	X1
CCCGCTTCATTATGCG	-1.584962500721156	0.06660530960360693	0.07444302231795079	unknown
ATTGGTTCATCCCTCA	-5.087462841250339	0.0008949651957434264	0.001056728495393278	X1
GAGTTGCGTTAAGCCA	-1.584962500721156	0.9333946903963931	0.9604115944601358	unknown
CAGCCAATCCCATAAA	-2.0	2.346206306321115e-06	3.0232744644007614e-06	X1
AATTGACGTGAATCGC	-2.0	3.925069822796835e-05	4.843013700478723e-05	X1
AAGTTTGTCGGTACGC	-1.584962500721156	0.8158991913366521	0.8516005955185724	unknown
GATCACTAGCACAGAA	-3.0	1.6042818341220015e-19	7.283419635012658e-19	X1
TAAGCCAGTGGAAACG	-2.0	0.01048936783892586	0.011996507993823844	X1
TTTCCTGAGAGCCGCT	2.0	9.157161244117683e-05	0.00011144738539251088	X0
GTGATCAGTTTCGCGC	-0.5849625007211561	0.46020538130641053	0.49191125489809434	unknown
GTTCTTGTCATGTCAA	-2.321928094887362	6.289575008339427e-06	7.975507841743658e-06	X1
ACGCACGGTGATGGCT	-1.584962500721156	0.6178232827986665	0.6536145478091064	unknown
CGTTTGGAGGTTACGT	0.0	1.0	1.0	unknown
TAGCGGACATTAGGTT	2.321928094887362	3.0739033075239876e-11	4.8429849227620825e-11	X0
GCTCGATCAACCCTAA	1.584962500721156	0.38217671720133345	0.41102659716042955	unknown
CATAGACTCAAGTGAG	-2.584962500721156	9.556787680138532e-16	2.1356227092357177e-15	X1
ACGAATCTCTACCTAT	1.3219280948873622	0.0966739522478214	0.1074269123385123	unknown
TGGACCGGTGAGCACT	-2.0	6.289575008339427e-06	7.975507841743658e-06	X1
ATCATCAAGCTGAGGG	2.584962500721156	1.3513812610243942e-10	2.061271604766015e-10	X0
GCTCAACCACTAAGAA	2.584962500721156	4.1422259360400374e-14	7.91791191062939e-14	X0
TATGACTCATCCATCT	-2.584962500721156	0.017600100108852396	0.02004128955016733	X1
CATCCTGGTTGCTTCG	-1.584962500721156	0.5397946186935895	0.573551362839982	unknown
CTCCTGAGTCATTGTC	1.584962500721156	0.6913502932053739	0.7283496183488639	unknown
CTGTTAAAGGTTAGAG	-1.0	6.548999325035109e-12	1.0693048396261339e-11	X1
CTGCTATGTATGGTGC	-2.0	0.0004368599184561862	0.0005205215071354787	X1
TTTGTGGCATGTCAAT	-3.9068905956085187	0.0060164878626817395	0.0069340164649698425	X1
TGAGTTTCATGATTGT	-3.0	4.1422259360400374e-14	7.91791191062939e-14	X1
ATCTTTGGTAAATTGC	-2.584962500721156	1.2704266677461526e-16	3.218033375269829e-16	X1
AGCCAGTGTAGCTAGC	-1.584962500721156	0.9033260477521786	0.9326176015352042	unknown
AACTAGCTCACTTTAC	1.584962500721156	0.8643734879630823	0.8968272956012542	unknown
GCCAGGTTCAGGTCCA	2.321928094887362	6.289575008339427e-06	7.975507841743658e-06	X0
GGGCATGAGTTAGTTG	0.0	1.0	1.0	unknown
TTCTTAGGTTAGAGCC	-2.584962500721156	1.6042818341220015e-19	7.283419635012658e-19	X1
CACCTCAGTAAGGTCC	1.584962500721156	0.5397946186935895	0.573551362839982	unknown
TGGCCTGCAGTTTCTC	2.0	2.818141017102701e-07	3.7604312442133894e-07	X0
GTGAGCGAGGAGCATA	-2.0	2.756790387925026e-08	3.824929141867178e-08	X1
GACACTAGTGGGAACA	-2.0	6.289575008339427e-06	7.975507841743658e-06	X1
AAACCAACATTAGGTT	-2.0	9.050013106514627e-08	1.228419758647018e-07	X1
GGTTACCCAAGTAAGC	2.321928094887362	6.289575008339427e-06	7.975507841743658e-06	X0
GCAGCTATCAAATCGC	-1.584962500721156	0.003318560257963064	0.003849487845566849	X1
ATTACCGCAAGGTCCT	3.807354922057604	0.0060164878626817395	0.0069340164649698425	X0
TTAGCCTGTGCAATGC	-2.0	9.050013106514627e-08	1.228419758647018e-07	X1
CGTTGCAAGGCGGATG	-1.584962500721156	0.46020538130641053	0.49191125489809434	unknown
TATGGGCGTTTGCTGT	-1.584962500721156	0.46020538130641053	0.49191125489809434	unknown
ACCTGTTGTATACTGG	2.321928094887362	2.1686833167108188e-09	3.137350440196232e-09	X0
ATTCCTAGTCCCGGAA	2.0	8.336813247250504e-07	1.0917468420889744e-06	X0
TGTGGCCAGGACTTAC	-2.0	5.579544528625976e-10	8.284469704608276e-10	X1
TTGGCTGAGCACGATT	-2.321928094887362	1.3029679093280502e-12	2.239820187795613e-12	X1
CCAAACTAGTAACGAG	-1.584962500721156	0.01048936783892586	0.011996507993823844	X1
CGCTCAGCACCTGTAA	-1.584962500721156	0.1356265120369177	0.1499159166258639	unknown
GACATAGAGGGCTTTG	0.0	1.0	1.0	unknown
TTATAGCCATGCTATG	-1.584962500721156	0.6913502932053739	0.7283496183488639	unknown
AAGTGCAAGGAACGCG	-1.584962500721156	0.028443966820490392	0.032198974961578475	X1
AGGATATAGAAAGGAA	-2.0	6.289575008339427e-06	7.975507841743658e-06	X1
CGAAATGAGCGAGGTG	2.584962500721156	2.4127107519685975e-13	4.369011087207231e-13	X0
GTACGTAGTACTGATG	-1.0	9.157161244117683e-05	0.00011144738539251088	X1
CGGTAACGTGTTGCAA	2.807354922057604	1.2704266677461526e-16	3.218033375269829e-16	X0
GGAGCATAGGCGCACT	0.0	1.0	1.0	unknown
GCCACAATCAGCTAAC	-2.321928094887362	1.3513812610243942e-10	2.061271604766015e-10	X1
GCCCTCATCTTTGAGA	-2.0	0.0004368599184561862	0.0005205215071354787	X1
TCGTTTCCAGGTTACC	-2.0	9.157161244117683e-05	0.00011144738539251088	X1
CGTGCTGCATTATGCG	2.321928094887362	3.0739033075239876e-11	4.8429849227620825e-11	X0
GCTTACCTCAATTACG	-1.0	0.0004368599184561862	0.0005205215071354787	X1
TACCTTAGTATTGAGT	-0.7369655941662061	6.289575008339427e-06	7.975507841743658e-06	X1
TGCTCCGTCAATCATG	2.807354922057604	2.4127107519685975e-13	4.369011087207231e-13	X0
TGAGCCGGTATTCGCT	2.0	0.0008949651957434264	0.001056728495393278	X0
CTGTTGGAGTAATCCA	-1.584962500721156	0.6178232827986665	0.6536145478091064	unknown
GAACTTATCAAGTGAG	-2.807354922057604	3.0739033075239876e-11	4.8429849227620825e-11	X1
AGCGTGCTCCGTGACA	-2.0	5.579544528625976e-10	8.284469704608276e-10	X1
CGGAGCAAGCTGAGGG	2.0	9.157161244117683e-05	0.00011144738539251088	X0
GCGGTTATCATGCGTG	1.584962500721156	0.30864970679462606	0.33430584275359365	unknown
GTTGTGAGTGAGCAAG	-2.584962500721156	6.548999325035109e-12	1.0693048396261339e-11	X1
TATCGAGGTAACCACA	1.8073549220576042	2.4127107519685975e-13	4.369011087207231e-13	X0
TCGTAATCACATAGCC	-2.584962500721156	6.564907761017925e-15	1.3424970548431796e-14	X1
CCATAAGGTCACTCGC	-2.0	0.0004368599184561862	0.0005205215071354787	X1
GCAATATGTTGCACAA	2.0	6.289575008339427e-06	7.975507841743658e-06	X0
GTTCTTGTCTCGACCT	-2.0	0.01048936783892586	0.011996507993823844	X1
TCGATTAAGAAGGTGC	2.321928094887362	1.3513812610243942e-10	2.061271604766015e-10	X0
CCCAAACCAGGTCCTG	0.7369655941662061	0.028443966820490392	0.032198974961578475	X0
TCATACTTCCCGTTAC	-1.584962500721156	0.6913502932053739	0.7283496183488639	unknown
GACCGTTCATTAGGCC	-1.584962500721156	0.6913502932053739	0.7283496183488639	unknown
GGTTGCTCAACAGCCT	0.5849625007211561	0.9556869599429662	0.981556186207902	unknown
CCTAAGCCAACCTGGT	-1.584962500721156	0.5397946186935895	0.573551362839982	unknown
TAGCCTTGTGCGCGTA	-2.584962500721156	1.3029679093280502e-12	2.239820187795613e-12	X1
CCTTCGTAGCTCGCTT	1.584962500721156	9.556787680138532e-16	2.1356227092357177e-15	X0
GCAAACCGTAGGTGTC	-2.0	0.24205920680364573	0.26354439063679713	unknown
CATGGATTCTTGAGGT	-1.584962500721156	0.6913502932053739	0.7283496183488639	unknown
GAACGAATCACGCATG	1.584962500721156	0.38217671720133345	0.41102659716042955	unknown
GTCATGAGTGTCCAGG	2.584962500721156	1.3513812610243942e-10	2.061271604766015e-10	X0
TGAGGGCCATTTGCTC	-1.0	0.24205920680364573	0.26354439063679713	unknown
ACCGAAGCAGGCTAGA	2.0	0.003318560257963064	0.003849487845566849	X0
GTCCGTAAGTTAGACC	1.584962500721156	0.24205920680364573	0.26354439063679713	unknown
AAAGGCTCATAGGCGA	1.584962500721156	0.9033260477521786	0.9326176015352042	unknown
ATGAAGCCAAATGCCC	-2.0	0.0017588208614850794	0.002060775226984838	X1
GACAATACAGGATTAA	1.584962500721156	0.6913502932053739	0.7283496183488639	unknown
CCTGTTGGTGGGTGAA	-2.321928094887362	1.5316450877189923e-17	4.472183802777584e-17	X1
CGTGAGGAGGCATTGT	2.0	8.336813247250504e-07	1.0917468420889744e-06	X0
ATGTTGTCATGTTTGG	-2.0	0.00020438858371340761	0.0002460120970633274	X1
CGTTTCTCATGGCCTG	-2.321928094887362	2.346206306321115e-06	3.0232744644007614e-06	X1
GGAATCTTCTTTGACT	-1.0	2.346206306321115e-06	3.0232744644007614e-06	X1
CATCCTGGTGCAATAT	0.7369655941662061	0.0060164878626817395	0.0069340164649698425	X0
CACCAACCACAGCCTG	-1.584962500721156	0.0966739522478214	0.1074269123385123	unknown
ACTCACTGTTTGTCTA	-1.584962500721156	0.38217671720133345	0.41102659716042955	unknown
GCATTAGGTTGCTTCG	2.0	2.346206306321115e-06	3.0232744644007614e-06	X0
CGGAATCGTTGGGTTA	-1.584962500721156	0.38217671720133345	0.41102659716042955	unknown
CAAACACTCACGCATG	-1.584962500721156	0.8158991913366521	0.8516005955185724	unknown
GTTTGCTGTGTCCAAA	-2.0	6.289575008339427e-06	7.975507841743658e-06	X1
CAAGCTAGTAGCTAGC	1.584962500721156	0.9333946903963931	0.9604115944601358	unknown
GAGTCATTCCGTTATT	2.0	2.346206306321115e-06	3.0232744644007614e-06	X0
ACGGTACGTTCCTGTG	-0.5849625007211561	0.6178232827986665	0.6536145478091064	unknown
AGTAACACAACCTAAT	-2.321928094887362	1.3513812610243942e-10	2.061271604766015e-10	X1
GTAGCTGTCCAGGGAG	1.584962500721156	0.028443966820490392	0.032198974961578475	X0
TCTTAGCGTGTTGTAG	1.584962500721156	0.18410080866334788	0.2023975712117845	unknown
TCCTAGTGTAGGATCC	0.0	1.0	1.0	unknown
GGCGCTAGTTAGCATG	1.584962500721156	0.9556869599429662	0.981556186207902	unknown
AAACCAACAAGCCAGA	1.3219280948873622	0.30864970679462606	0.33430584275359365	unknown
GGAATCTTCCACAATA	-1.584962500721156	0.9333946903963931	0.9604115944601358	unknown
CCAACCCGTTTATCGC	0.0	1.0	1.0	unknown
GCTCCTTAGCACGTTG	0.0	1.0	1.0	unknown
CCAAACTAGGAGGCAT	-1.584962500721156	0.46020538130641053	0.49191125489809434	unknown
CGAGTCGGTCATGCCC	0.0	1.0	1.0	unknown
GACCTGCAGGCTGGCT	-1.584962500721156	0.24205920680364573	0.26354439063679713	unknown
CCGCAAATCCAGGAAA	1.584962500721156	0.46020538130641053	0.49191125489809434	unknown
TTCAACCGTACGTTTC	2.321928094887362	3.0739033075239876e-11	4.8429849227620825e-11	X0
GGTATGTTCTGTAAGC	-2.321928094887362	4.1422259360400374e-14	7.91791191062939e-14	X1
GAACCAAAGCATGTCG	-2.0	0.00020438858371340761	0.0002460120970633274	X1
CAGGTGGAGTAATCCA	-2.0	9.050013106514627e-08	1.228419758647018e-07	X1
TGAAGCAAGAGGAAGG	-1.584962500721156	0.06660530960360693	0.07444302231795079	unknown
AGGTCAAAGGTGAAGC	0.0	1.0	1.0	unknown
GATTACGGTGTGCACG	-2.0	2.818141017102701e-07	3.7604312442133894e-07	X1
CTTGCGCGTTTGCTGT	1.584962500721156	0.5397946186935895	0.573551362839982	unknown
GCTATAGGTCTTGCAT	2.584962500721156	6.548999325035109e-12	1.0693048396261339e-11	X0
CTGCTATGTGTTAAAC	-2.0	6.289575008339427e-06	7.975507841743658e-06	X1
GGCTGAGAGGAACACA	-2.584962500721156	4.1422259360400374e-14	7.91791191062939e-14	X1
GCCAATAGTGGATTGC	-2.0	0.0017588208614850794	0.002060775226984838	X1
TGCTCCGTCTCAATGA	2.0	0.00020438858371340761	0.0002460120970633274	X0
CGCTTAACAATACTGT	0.0	1.0	1.0	unknown
CACCGGTAGGCCCAGT	3.321928094887362	2.756790387925026e-08	3.824929141867178e-08	X0
GATAGACCAGCATTAT	1.0	0.01048936783892586	0.011996507993823844	X0
GCTGTAAGTCGCAAAC	-2.584962500721156	2.1686833167108188e-09	3.137350440196232e-09	X1
AATTGGACACGTAAGG	2.807354922057604	1.3029679093280502e-12	2.239820187795613e-12	X0
ATCGCCCGTTCGGGAT	-2.321928094887362	6.564907761017925e-15	1.3424970548431796e-14	X1
CAATGTGGTTGTTGCT	-1.584962500721156	0.044313040057033834	0.04985472305080024	X1
ATAAGCCTCGAAGCGG	1.584962500721156	0.06660530960360693	0.07444302231795079	unknown
TAGCGGCTCAAGCTAC	-1.3219280948873622	9.556787680138532e-16	2.1356227092357177e-15	X1
ACTTGAATCGATTTAG	1.584962500721156	0.7579407931963542	0.7938215715928063	unknown
GAAGGAACACAACAAA	1.584962500721156	0.01048936783892586	0.011996507993823844	X0
GCAGGTTGTTTATCTG	2.807354922057604	1.6610244897268262e-18	5.822729697591934e-18	X0
CCTTATGTCGAGGTGG	-1.584962500721156	0.06660530960360693	0.07444302231795079	unknown
GTGCAAGCACTTGTTC	-1.584962500721156	0.46020538130641053	0.49191125489809434	unknown
CAGCCTAAGTTAGGCT	-3.169925001442312	1.6610244897268262e-18	5.822729697591934e-18	X1
GTGCGCAGTTCAAGCA	1.584962500721156	0.9999839199923521	1.0	unknown
GCTAGCTCATAAGTTC	-3.4594316186372973	0.0017588208614850794	0.002060775226984838	X1
CAAATCATCGCTAGTG	1.584962500721156	0.9715560331795096	0.9954812971839302	unknown
CATCGCTTCGCAACAT	1.584962500721156	0.8643734879630823	0.8968272956012542	unknown
GCTAAGAAGCTGGCTA	1.584962500721156	0.999960749301772	1.0	unknown
GATTGATGTCCTGATT	1.584962500721156	0.6178232827986665	0.6536145478091064	unknown
GGGTCAACAGCATTAT	1.584962500721156	0.9033260477521786	0.9326176015352042	unknown
AGTTGCGTCCGTCCAT	-2.584962500721156	4.1422259360400374e-14	7.91791191062939e-14	X1
AAGGATTAGGTTAGAG	-1.584962500721156	0.1356265120369177	0.1499159166258639	unknown
GTTGTTGCACTAAATC	1.584962500721156	0.18410080866334788	0.2023975712117845	unknown
ATTGTGATCGTCATTT	-1.584962500721156	0.18410080866334788	0.2023975712117845	unknown
TTTAAGGTCTTAATGG	-1.584962500721156	0.0017588208614850794	0.002060775226984838	X1
GGTACAAAGTTCCCAC	2.0	0.0008949651957434264	0.001056728495393278	X0
CTGTAACAGGTTTGAC	-2.321928094887362	7.952664236893068e-09	1.1284123271995337e-08	X1
ATGATGGAGGCATTGT	-2.584962500721156	6.548999325035109e-12	1.0693048396261339e-11	X1
TTGCCCGTCTAAATCG	1.584962500721156	0.8643734879630823	0.8968272956012542	unknown
CGTAATGGTACGGGTT	1.584962500721156	0.8643734879630823	0.8968272956012542	unknown
AAGCGAATCGTTCACC	-1.584962500721156	0.30864970679462606	0.33430584275359365	unknown
AGTCAATGTTAAATGC	0.0	1.0	1.0	unknown
GTCTTTGTCGGTCAAT	3.321928094887362	1.6042818341220015e-19	7.283419635012658e-19	X0
GTCTATCGTCACGGAT	-1.584962500721156	0.6178232827986665	0.6536145478091064	unknown
GCCTGTGCATTGTGCA	2.0	1.6080007647833168e-05	2.0063706935607818e-05	X0
TATGACATCATAACCA	-1.584962500721156	0.028443966820490392	0.032198974961578475	X1
GTTCCTGGTCGCGCAA	-1.584962500721156	0.06660530960360693	0.07444302231795079	unknown
ACGTCCTTCAAGCTTA	1.584962500721156	0.028443966820490392	0.032198974961578475	X0
GTGCTTACATTAAAGG	-2.0	2.346206306321115e-06	3.0232744644007614e-06	X1
CCAAATCAGCCGCTAA	3.807354922057604	0.0008949651957434264	0.001056728495393278	X0
TGCAAGCGTCTAACCT	2.0	0.46020538130641053	0.49191125489809434	unknown
CCTTAACGTCCTCCAA	2.321928094887362	0.0966739522478214	0.1074269123385123	unknown
CATAATCCAGATTCAT	-1.0	0.46020538130641053	0.49191125489809434	unknown
TATCCAGCAAATTCGT	-3.584962500721156	0.0004368599184561862	0.0005205215071354787	X1
CTAGCGGGTACGCGCA	0.0	1.0	1.0	unknown
GAATTTGTCCCTCGCA	3.169925001442312	0.0008949651957434264	0.001056728495393278	X0
GTATTCAAGACAAACG	4.169925001442312	0.017600100108852396	0.02004128955016733	X0
GGCATTGTCCTAATAG	-2.0	0.0017588208614850794	0.002060775226984838	X1
AGAGAGGAGAATCGCT	-2.584962500721156	0.00020438858371340761	0.0002460120970633274	X1
GGACCTCAGCTAAGTC	1.584962500721156	0.9556869599429662	0.981556186207902	unknown
TCCATAAAGCACGTTG	1.0	0.6178232827986665	0.6536145478091064	unknown
GCAAACAAGCTTTGGG	3.584962500721156	0.01048936783892586	0.011996507993823844	X0
TCGGTTCTCCTTGCAC	-4.0	0.0060164878626817395	0.0069340164649698425	X1
TTGCGTCTCAGGTTTA	2.321928094887362	0.1356265120369177	0.1499159166258639	unknown
TTTGACCGTTTGCTGT	-2.321928094887362	0.24205920680364573	0.26354439063679713	unknown
TGTGCACCACCTCGCT	-2.0	0.7579407931963542	0.7938215715928063	unknown
CAGGTGGAGGCGCTTA	-1.584962500721156	0.9715560331795096	0.9954812971839302	unknown
TTGGCTTGTAATCCCT	-3.4594316186372973	0.01048936783892586	0.011996507993823844	X1
GCACGCTAGTCATCCC	-2.584962500721156	0.06660530960360693	0.07444302231795079	unknown
GTACTAGGTCCTTCTC	1.584962500721156	0.9715560331795096	0.9954812971839302	unknown
ATGGTTATCACAGCGC	1.0	0.9033260477521786	0.9326176015352042	unknown
GCGCAAACAGTATGTT	-2.0	0.8158991913366521	0.8516005955185724	unknown
GGGATTAAGTTGCCTC	0.0	1.0	1.0	unknown
CATAGCTAGGGACCTC	1.584962500721156	0.06660530960360693	0.07444302231795079	unknown
GGGATAATCATGCTCC	-1.584962500721156	0.46020538130641053	0.49191125489809434	unknown
GGCGGTAAGGAGTCGG	-1.584962500721156	0.1356265120369177	0.1499159166258639	unknown
GAAACCCGTGAGCAAG	-2.0	3.925069822796835e-05	4.843013700478723e-05	X1
GGTTATGGTGTAACCA	-1.584962500721156	0.6178232827986665	0.6536145478091064	unknown
CGCATTTGTAGTCAAT	-1.584962500721156	0.46020538130641053	0.49191125489809434	unknown
TGGTCAAGTAGCTGCG	1.584962500721156	0.1356265120369177	0.1499159166258639	unknown
GGTACTTAGTTATCTC	0.0	1.0	1.0	unknown
TACCTCATCGGGCCAT	1.584962500721156	0.38217671720133345	0.41102659716042955	unknown
CGCTATGAGCAGCTCA	-1.584962500721156	0.18410080866334788	0.2023975712117845	unknown
CCGGTTAAGGCCCAGT	1.584962500721156	0.01048936783892586	0.011996507993823844	X0
CTATGAGGTTCCTCCT	-1.584962500721156	0.18410080866334788	0.2023975712117845	unknown
ATGGCTAGTACCCACC	2.321928094887362	5.579544528625976e-10	8.284469704608276e-10	X0
CTGGTCAAGTAACGAG	2.0	8.336813247250504e-07	1.0917468420889744e-06	X0
TGGCTAAGTATTGAGT	0.0	1.0	1.0	unknown
CCTGGATCAGTTGCGT	1.584962500721156	0.5397946186935895	0.573551362839982	unknown
TATAGCCAGAGCAAGC	-2.0	9.050013106514627e-08	1.228419758647018e-07	X1
GAGAGGCGTAATAGCT	1.584962500721156	0.8643734879630823	0.8968272956012542	unknown
TCCAGCAAGATGGACA	1.0	0.9033260477521786	0.9326176015352042	unknown
AGGGCCTTCGGTACGC	-1.584962500721156	0.38217671720133345	0.41102659716042955	unknown
CATTGTGCAATGAATG	-2.807354922057604	1.2704266677461526e-16	3.218033375269829e-16	X1
GACTCACCATGAGCAG	1.584962500721156	0.0966739522478214	0.1074269123385123	unknown
CGCATGATCAAGCTAC	-1.584962500721156	0.8643734879630823	0.8968272956012542	unknown
TGCGGTTCATCCTAGA	-1.584962500721156	0.017600100108852396	0.02004128955016733	X1
GCAGGTGAGCAAGGTA	1.0	0.9895106321610742	1.0	unknown
GTCTTTGTCATTGTTC	-1.584962500721156	0.1356265120369177	0.1499159166258639	unknown
CAATATGTCTGCAAGT	-0.5849625007211561	0.044313040057033834	0.04985472305080024	X1
AGCCTAGTCTTTAAGG	1.584962500721156	0.044313040057033834	0.04985472305080024	X0
ATCGGCCAGCTGAGGG	-1.584962500721156	0.044313040057033834	0.04985472305080024	X1
ACTTGCACATTAGGTT	-1.584962500721156	0.017600100108852396	0.02004128955016733	X1
AGCATCCCAACTAGGG	1.584962500721156	0.38217671720133345	0.41102659716042955	unknown
TACAATGTCTAACCAA	1.584962500721156	0.38217671720133345	0.41102659716042955	unknown
TCAGGTTAGCTGTACG	-1.584962500721156	0.5397946186935895	0.573551362839982	unknown
GCATTGCCAAGGTAAC	2.0	2.346206306321115e-06	3.0232744644007614e-06	X0
GCCCAAATCCGCCAAA	-2.321928094887362	8.336813247250504e-07	1.0917468420889744e-06	X1
CGTTAACAGGGACCTC	1.584962500721156	0.38217671720133345	0.41102659716042955	unknown
GCCTGACAGCCTGTTC	-1.584962500721156	0.38217671720133345	0.41102659716042955	unknown
CGATTCCTCAGCACGC	-2.0	9.050013106514627e-08	1.228419758647018e-07	X1
GCAATGTTCATAACCA	1.584962500721156	0.18410080866334788	0.2023975712117845	unknown
GCGGTTGGTTCGGGAT	-1.584962500721156	0.7579407931963542	0.7938215715928063	unknown
GTTCATTTCTCGACCT	-1.584962500721156	0.0966739522478214	0.1074269123385123	unknown
TGTGCACCAAACTAAG	1.584962500721156	0.0966739522478214	0.1074269123385123	unknown
AGGAGCTAGTGAGAGC	1.584962500721156	0.06660530960360693	0.07444302231795079	unknown
GACCTAGTCCCTGGTT	-2.321928094887362	2.1686833167108188e-09	3.137350440196232e-09	X1
GCTGCAATCTAATCAG	1.584962500721156	0.06660530960360693	0.07444302231795079	unknown
TGGTTAATCTATCGCC	-0.5849625007211561	0.9995631400815438	1.0	unknown
GCTGATCCAGCACGTT	-2.0	0.5397946186935895	0.573551362839982	unknown
GTACTAGGTTAACGGC	-2.0	0.24205920680364573	0.26354439063679713	unknown
ACCTGTTGTACCGGAT	-2.0	0.0060164878626817395	0.0069340164649698425	X1
AACTACTCATTATCCC	-1.584962500721156	0.9033260477521786	0.9326176015352042	unknown
GATTATGTCACATTGA	-1.584962500721156	0.003318560257963064	0.003849487845566849	X1
TAATGCATCAAACACC	-1.584962500721156	0.38217671720133345	0.41102659716042955	unknown
GTGAACAAGGCGCTAC	1.584962500721156	0.30864970679462606	0.33430584275359365	unknown
GTAATAGCACCTACTT	-1.584962500721156	0.30864970679462606	0.33430584275359365	unknown
GCATGAAAGCTCGCTT	2.321928094887362	3.0739033075239876e-11	4.8429849227620825e-11	X0
TTGTTTGGTAGCTAGC	1.584962500721156	0.01048936783892586	0.011996507993823844	X0
CCACAGGGTTGGATAT	-1.584962500721156	0.6913502932053739	0.7283496183488639	unknown
CTAATTGAGTCACGAT	-1.584962500721156	0.46020538130641053	0.49191125489809434	unknown
ACTTGTAAGCAGGCCT	-2.321928094887362	5.579544528625976e-10	8.284469704608276e-10	X1
GTCTCACTCACAGACT	-2.0	0.003318560257963064	0.003849487845566849	X1
GAGGTACAGGTGTCCA	-1.584962500721156	0.46020538130641053	0.49191125489809434	unknown
ACCTTGCTCTCCTCAA	-2.321928094887362	0.8643734879630823	0.8968272956012542	unknown
CAAGCTAGTTGGTTGA	2.0	0.9033260477521786	0.9326176015352042	unknown
